iso3,year,country,gdp_per_capita_usd,school_enroll_tertiary_pct,emp_agriculture_pct,gdp_per_worker_ppp_const,emp_industry_pct,emp_services_pct,lfpr_total_pct,unemp_total_pct,labor_force_thousands,unemployed_thousands
ABW,2000,Aruba,20681.023026962517,27.9737606048584,,,,,,6.923350208721911,,
ABW,2001,Aruba,20740.132582817216,29.2280101776123,,,,,,6.9239651803162205,,
ABW,2002,Aruba,21307.24825052669,28.9244194030762,,,,,,,,
ABW,2003,Aruba,21949.48599608684,29.7826900482178,,,,,,,,
ABW,2004,Aruba,23700.63198991973,29.2934494018555,,,,,,,,
ABW,2005,Aruba,24171.83713254216,34.4230117797852,,,,,,,,
ABW,2006,Aruba,24845.658483619995,32.7392082214355,,,,,,,,
ABW,2007,Aruba,26736.308944404624,34.9405097961426,,,,,,5.706298306199638,164.187,9.369
ABW,2016,Aruba,27441.52966172824,17.5637798309326,,,,,,,,
ABW,2017,Aruba,28440.051963758953,,,,,,,,,
ABW,2018,Aruba,30082.127644818556,,,,,,,,,
ABW,2019,Aruba,31096.205073867608,,,,,,,,,
ABW,2020,Aruba,22855.93232007607,,,,,,,,,
ABW,2021,Aruba,27200.061079396888,,,,,,,,,
ABW,2022,Aruba,30559.533534658058,,,,,,,,,
ABW,2023,Aruba,33984.790619804095,,,,,,,,,
AFE,2000,Africa Eastern and Southern,707.1203776740783,3.88636994361877,65.68348120933244,8677.76357627295,9.589633173978813,24.726886286492856,72.28231285922232,7.788316902755086,,
AFE,2001,Africa Eastern and Southern,626.1691497539344,4.20995998382568,65.506925912751,8741.858083802861,9.6763125233769,24.81676092879995,72.22234234589921,7.676955208993055,,
AFE,2002,Africa Eastern and Southern,625.9988161663439,4.47115993499756,65.35689317029713,8828.84283980805,9.717099296010971,24.92601069460401,72.20879464798139,7.632330067548724,,
AFE,2003,Africa Eastern and Southern,809.9681404980289,4.77924013137817,65.22047695649051,8850.685944693736,9.662941441655205,25.116581601858726,72.2083027754443,7.586882836913323,,
AFE,2004,Africa Eastern and Southern,981.7446315745834,5.06202983856201,64.64259857948826,9090.038463631156,9.839516106815932,25.517884717777385,72.16941019917716,7.395648183817539,,
AFE,2005,Africa Eastern and Southern,1115.7139565764696,5.30094003677368,64.27173482893463,9389.228456479128,9.87164717646242,25.856619151425186,72.14703040152523,7.218792627952583,,
AFE,2006,Africa Eastern and Southern,1220.002469134081,5.57385015487671,63.514518725386104,9765.26531752969,9.920024671015252,26.56545660360544,71.98197360595125,7.158958345279888,,
AFE,2007,Africa Eastern and Southern,1362.3106516441571,5.73407983779907,62.89064959988149,10171.935736963736,9.93064774046064,27.178702110958735,71.76300316533572,7.102231153574788,,
AFE,2016,Africa Eastern and Southern,1329.8072847923356,8.72994041442871,57.67028089998869,11122.585218421487,10.105794476117184,32.22392417957795,69.13831072616124,7.194665994600409,,
AFE,2017,Africa Eastern and Southern,1520.2122307613238,8.89616012573242,57.14238893680548,11208.543073535602,10.123070325937856,32.73453945821295,68.50008511059721,7.346330634421691,,
AFE,2018,Africa Eastern and Southern,1538.9016791728384,8.95779037475586,56.39481267813704,11221.42217901229,10.115122725385737,33.49006293530077,68.08854387738552,7.360513104433302,,
AFE,2019,Africa Eastern and Southern,1493.8179382999217,8.89772033691406,55.58925536170717,11212.684027074854,10.042903842859484,34.36784079543732,67.74672513328706,7.58441879909928,,
AFE,2020,Africa Eastern and Southern,1344.1032099929394,8.94729042053223,56.29214717229893,10883.498538344806,9.955544526240235,33.752307095736505,66.29092669405185,8.191394911274141,,
AFE,2021,Africa Eastern and Southern,1522.3933455926035,8.89552021026611,56.49302780480286,10999.537825194971,9.8490249185499,33.657947670688,66.79551178332612,8.577384992317613,,
AFE,2022,Africa Eastern and Southern,1628.318944463071,,55.85309947561361,10957.7965039332,9.90386929079468,34.24303160428532,67.00764285948428,7.985202251550969,,
AFE,2023,Africa Eastern and Southern,1568.159891053048,,55.942417788519634,10796.134344512971,9.807955632790522,34.249625078425666,69.30694302893305,7.806365421811965,,
AFG,2000,Afghanistan,174.9309914301663,,65.6515965277614,7550.477389979983,9.68509479289398,24.6633086793447,46.571,7.935,,
AFG,2001,Afghanistan,138.7068216761131,,65.0254492069124,6812.818939301081,9.83379251851523,25.1407582745724,46.533,7.953,,
AFG,2002,Afghanistan,178.95408837923534,,64.1866885429726,8326.909625752882,10.0138980692638,25.7994133877636,46.508,7.93,,
AFG,2003,Afghanistan,198.87111572872664,1.38107001781464,63.4815570476004,8519.656111842838,10.3404238369538,26.1780191154458,46.499,7.88,,
AFG,2004,Afghanistan,221.76365387301303,1.38966000080109,62.4699483373933,8326.419748294024,10.8088730169085,26.7211786456983,46.507,7.899,,
AFG,2005,Afghanistan,254.18424914933624,,61.7035520555844,8912.153507592282,11.2277583851206,27.0686895592949,46.532,7.885,,
AFG,2006,Afghanistan,274.21855356157454,,60.8938116273357,8973.674192257824,11.6346703097012,27.4715180629631,46.57,7.914,,
AFG,2007,Afghanistan,376.2231520038759,,60.1907517756168,9947.904361605277,11.8600391222661,27.9491912884999,46.621,7.817,,
AFG,2016,Afghanistan,522.0822155838985,,44.3694895501554,12860.513368788992,19.2959876584963,36.3345227913483,47.235,10.133,,
AFG,2017,Afghanistan,525.4697708916185,,43.9890277482446,12864.566703368757,18.026459473784,37.9845127779713,47.305,11.18363749287175,21605.931,2416.3289999999997
AFG,2018,Afghanistan,491.3372213826032,9.96378993988037,44.2482711700717,13030.55254615845,18.3076601254034,37.4440687045249,45.57,11.196,,
AFG,2019,Afghanistan,496.6025042584997,,45.0509589051832,13569.773141908208,18.2147655674839,36.7342755273329,43.823,11.185,,
AFG,2020,Afghanistan,510.78706336681074,10.8584403991699,45.9834110129553,13526.939637472797,18.4813121380722,35.5352768489725,41.579,11.709931423330824,20654.109,2418.582
AFG,2021,Afghanistan,356.49621411589226,,45.9551993550382,10611.84029172005,18.5222619343237,35.5225263379821,40.932,5.679409620745073,24425.655,1387.233
AFG,2022,Afghanistan,357.2611527981439,,45.5926541286011,10863.25178747782,18.5407413281322,35.8666180522693,37.64,14.1,,
AFG,2023,Afghanistan,413.7578947053032,,45.4639523771058,10784.024926972304,18.3867844265709,36.1492763095089,37.673,13.991,,
AFW,2000,Africa Western and Central,516.932316255791,5.04572010040283,54.85480387637895,7837.974953349569,11.339213662828891,33.80598516490205,76.11999027408498,4.551119059845588,,
AFW,2001,Africa Western and Central,530.6531677711926,5.5334300994873,54.23426527909006,8015.707017563346,11.413553997439566,34.352180723456776,75.98526923169061,4.479977123284468,,
AFW,2002,Africa Western and Central,616.7960326379975,6.0457501411438,53.776903853404235,8515.367466360905,11.503270050755452,34.71982694929368,75.6847240402154,4.285853718993399,,
AFW,2003,Africa Western and Central,694.5009375813378,6.54757976531982,53.02243807035663,8733.06576989381,11.612785891061616,35.36477852981122,75.49283588013917,4.180110710956587,,
AFW,2004,Africa Western and Central,840.2520850946152,6.74177980422974,52.14846783550397,9166.770138050972,11.72729185659732,36.12424111616282,75.29328620958472,4.094738088841343,,
AFW,2005,Africa Western and Central,1001.604606881726,7.17052984237671,51.53364799931873,9451.87997288748,11.61863589083762,36.847712959919065,75.10964406178938,4.100699502843056,,
AFW,2006,Africa Western and Central,1236.628127395537,7.23658990859985,50.94276600821938,9687.654454742877,11.510183215067771,37.5470492437246,74.93535899113786,3.97409484853549,,
AFW,2007,Africa Western and Central,1407.6420578699422,7.47082996368408,50.2237207659862,9939.97567845413,11.370907830395955,38.40537364530516,74.73454833384915,3.950642605708114,,
AFW,2016,Africa Western and Central,1630.0394468112083,9.50119018554688,43.38486900808901,12244.00003353554,13.097773892195612,43.51735709971309,72.21715220000354,4.157574373884524,,
AFW,2017,Africa Western and Central,1574.2305604723203,9.61843013763428,43.18588093711387,12286.28860511744,13.37914535701731,43.434974878871344,71.7587450740592,4.274196203953023,,
AFW,2018,Africa Western and Central,1720.1402795510155,9.80346965789795,42.80295998505141,12343.603000065512,13.548598877029953,43.64844113790982,71.53272094763422,4.32363095413829,,
AFW,2019,Africa Western and Central,1798.3406845831494,9.94627952575684,42.716982442474816,12448.038513140247,13.772614097641403,43.51040401697648,71.32953907326804,4.395271210761934,,
AFW,2020,Africa Western and Central,1680.0393321269764,10.1394596099854,42.478307887489144,12134.082624343871,14.489204134961025,43.03248852505816,70.80323595781097,4.852392700551304,,
AFW,2021,Africa Western and Central,1765.9547879784957,10.3955497741699,41.94778695352511,12223.494734339412,15.014749928940113,43.03746311752426,70.90758597277423,4.736731762373329,,
AFW,2022,Africa Western and Central,1796.6686327336795,,40.521569637203584,12203.66458855705,15.83770759822352,43.64072479854716,70.91841445100314,3.658573180821569,,
AFW,2023,Africa Western and Central,1599.3929829165431,,40.0309285567569,12103.808023890428,16.063071788167655,43.90599819219756,71.41612219554256,3.277245466051411,,
AGO,2000,Angola,563.733795571487,,37.6802847998839,17119.778288438858,8.41812161825672,53.9015935818594,77.389,16.682,,
AGO,2001,Angola,533.5862024124473,,37.4212973727436,17231.28087626534,8.47220164609403,54.1064839721931,77.364,16.7,,
AGO,2002,Angola,882.1478472343028,0.754029989242554,36.6266999159816,18855.49662711652,8.86785034795357,54.5054497360649,77.339,16.488,,
AGO,2003,Angola,992.6989792546652,2.77182006835938,36.6071403190987,18728.7965152455,8.83383526446533,54.5590402087107,77.313,16.498,,
AGO,2004,Angola,1266.2108641023613,2.07171010971069,36.1663215397628,19992.09233355769,9.09548794623587,54.7381753202129,77.29,23.64268389916312,17567.738999999998,4153.485
AGO,2005,Angola,1916.4684221862492,2.55246996879578,38.2079742002132,22147.17342689547,8.95790487938175,52.8341355527705,77.272,16.36,,
AGO,2006,Angola,2617.0519602263257,2.48175001144409,40.4966362494466,23751.165486643706,8.6744573426237,50.8289064079297,77.26,16.206,,
AGO,2007,Angola,3141.0459797605035,,42.6128973089827,26056.824882736106,8.47795997349525,48.9091291808773,77.252,16.153,,
AGO,2016,Angola,1807.952940726431,9.66034030914307,56.1643606649632,27078.65805940132,7.47944675739682,36.35619257764,75.899,16.575,,
AGO,2017,Angola,2437.259711908214,9.65568923950195,55.2826006472452,26194.340777673824,7.26613054056167,37.4512688121931,75.609,16.61,,
AGO,2018,Angola,2538.5913914337057,9.35254287719727,54.4034911587328,25039.84177247087,7.05617761035237,38.5403312309149,75.316,16.594,,
AGO,2019,Angola,2189.8557140761836,11.0613594055176,53.4233276686004,24065.02086470871,6.91048015124639,39.6661921801532,75.021,16.496811448648582,36693.308999999994,6053.226
AGO,2020,Angola,1449.9228666930803,,55.0594012010982,22077.56086873348,6.33092288651698,38.6096759123848,74.729,16.69,,
AGO,2021,Angola,1925.8746608216743,,56.7075099134087,20911.164995174528,5.71756681941162,37.5749232671796,76.372,15.798817267727456,39578.526,6252.939
AGO,2022,Angola,2929.694454672716,,56.2715791409747,20737.808122530456,5.63510338831995,38.0933174707054,75.615,14.123752165566666,41150.892,5812.049999999999
AGO,2023,Angola,2309.534130427727,9.91084957122803,56.2240208592964,20205.471805962166,5.57247117658558,38.2035079641181,75.75,14.537,,
ALB,2000,Albania,1160.4204705403845,,50.4674636839953,19107.736027616935,11.8598049086438,37.6728231028658,60.435,16.76422447388932,,
ALB,2001,Albania,1326.4165238807702,,49.4352730370414,20899.881902851816,12.7054387098669,37.8591964574215,59.888,18.57,,
ALB,2002,Albania,1479.8388457200615,16.3895606994629,48.3713886533062,21623.310390353377,13.6195595163752,38.0090518303186,59.61,4.373900891728636,3954.342,172.959
ALB,2003,Albania,1908.6990068760756,16.3662395477295,48.2763452914798,22769.18241342056,13.4429051889814,38.2807495195388,58.557,14.970615243342516,1089.0,163.03
ALB,2004,Albania,2446.9094994779816,19.1295795440674,47.9166628545497,24048.542026058392,14.4789690084043,37.6043681370459,57.496,14.430882352941175,1088.0,157.008
ALB,2005,Albania,2741.721365495784,22.389009475708,47.3339258250879,25500.48420364329,14.473013726881,38.193060448031,56.428,7.511705069124424,1085.0,81.502
ALB,2006,Albania,3057.7725703811257,26.2101001739502,46.6273307159293,27312.79471089021,14.8400069647661,38.5326623193046,55.354,13.81881918819188,1084.0,149.79
ALB,2007,Albania,3743.0552989618714,30.2319297790527,45.583822882183,29681.336498782726,16.2697334430433,38.1464436747737,54.275,15.96633745379305,3491.358,557.442
ALB,2016,Albania,4168.37544462548,58.4884796142578,40.0408946446906,34702.07178008927,19.3798286902694,40.5793641215085,57.314,15.417623248389855,4082.244,629.385
ALB,2017,Albania,4614.047969259604,58.0177803039551,38.0783517375389,34539.18599989138,19.3813290766241,42.5404033770791,58.057,13.61580720991205,4138.719,563.52
ALB,2018,Albania,5365.48880180298,56.0802993774414,37.2857622124655,34502.65058468496,19.7456941750012,42.968624648103,59.296,12.30372918123564,4204.14,517.266
ALB,2019,Albania,5460.430508693201,61.4085083007812,36.4168391841966,34333.9927495494,20.1506525937613,43.4325082220421,60.306,11.465520620981652,4285.344,491.337
ALB,2020,Albania,5370.77749956875,61.5853004455566,36.2649172971148,34840.724259524955,20.6416340686907,43.093531370174,57.78,11.63936852982915,4215.3060000000005,490.635
ALB,2021,Albania,6413.28280828537,59.9698715209961,36.0172105398259,37448.42272946421,20.911457802804,43.0712501680717,58.869,11.474034117994234,4229.088,485.247
ALB,2022,Albania,6846.4266938164255,62.6479187011719,35.3568584620905,38073.1688543111,21.0082400375177,43.6348228140137,60.421,10.785301662629466,4364.412,470.715
ALB,2023,Albania,8575.171346372215,64.7293472290039,34.893422575994,39921.37924552113,21.1843198719603,43.9222575520457,60.432,10.669019690383092,4447.044,474.456
AND,2000,Andorra,21810.248743141387,,,,,,,,,
AND,2001,Andorra,23511.295147573674,,,,,,,,,
AND,2002,Andorra,26528.13015814396,6.82690000534058,,,,,,,,
AND,2003,Andorra,34063.57840347758,7.34165000915527,,,,,,,,
AND,2004,Andorra,39021.12781018785,7.65849018096924,,,,,,,,
AND,2005,Andorra,40829.80187696804,7.87655019760132,,,,,,,,
AND,2006,Andorra,43467.21099307449,9.31690979003906,,,,,,,,
AND,2007,Andorra,48336.22833298229,,,,,,,,,
AND,2016,Andorra,40129.81920076981,15.1089096069336,,,,,,,,
AND,2017,Andorra,40672.99433482582,15.4369401931763,,,,,,,,
AND,2018,Andorra,42819.77457976241,15.3940296173096,,,,,,,,
AND,2019,Andorra,41257.80458464828,15.0,,,,,,,,
AND,2020,Andorra,37361.090066698176,15.0982704162598,,,,,,,,
AND,2021,Andorra,42425.6996756291,15.204270362854,,,,,,,,
AND,2022,Andorra,42414.05900921166,34.4803504943848,,,,,,,,
AND,2023,Andorra,46812.44844863085,64.2772369384766,,,,,,,,
ARB,2000,Arab World,2664.165795714885,17.3171901702881,28.846742040659223,53306.10674729237,22.0105624225997,49.142695436265285,47.32405325837452,12.627487057708548,,
ARB,2001,Arab World,2536.711964719004,17.9327297210693,27.79632907481347,53382.313332112695,22.094039332563636,50.109627540924,46.737957714741725,12.505882000080614,,
ARB,2002,Arab World,2483.1072342494112,18.8252601623535,27.010119505103948,53127.98142226578,21.939866874270344,51.05001627607584,46.0533062361169,12.512529502018,,
ARB,2003,Arab World,2696.6723047480086,18.9188594818115,26.837441809828835,53016.66911808729,21.77213017604658,51.3904241665109,46.176963903449085,12.456351093256169,,
ARB,2004,Arab World,3133.736876647225,20.1249408721924,26.844929747693328,55120.2199446702,22.13359963649998,51.0214706828827,46.32120973526317,11.433002029888298,,
ARB,2005,Arab World,3750.6935167980578,21.1616497039795,25.917869616460944,55928.83957045574,22.80012167000004,51.28200404522182,46.49422182433407,11.240725057100391,,
ARB,2006,Arab World,4355.08762186879,21.5791606903076,25.167041765722903,56638.249174013195,23.200216958981585,51.63273901661056,46.72724064496261,10.523238071162648,,
ARB,2007,Arab World,4940.702265117195,22.1197891235352,24.57936963353955,56749.112676502096,23.702739926047453,51.71789258550311,47.01426343327565,10.15082224133708,,
ARB,2016,Arab World,6012.512443659713,30.0734405517578,18.279471668634493,62053.835586276335,25.44793266076672,56.272596495382075,46.782007314011224,10.85629020382621,,
ARB,2017,Arab World,6066.726791005755,31.1787700653076,18.107342074069845,63228.029659895816,25.80150521922756,56.09115270100608,45.975943902984255,11.113107547470356,,
ARB,2018,Arab World,6668.216728019497,32.5794486999512,17.11150736094957,64347.79043370145,25.75829464386547,57.130197086151014,45.45990600407244,10.659739634992878,,
ARB,2019,Arab World,6638.485414553718,33.1554298400879,16.875734003093932,64526.02378989348,25.540184765409595,57.58407871475208,45.20394961193974,10.216098023831073,,
ARB,2020,Arab World,5722.480995316739,33.8652381896973,16.704943857103178,62896.85254519004,25.132755583236964,58.16230057078756,44.12406281837478,11.32561254166228,,
ARB,2021,Arab World,6681.708951801408,33.8605003356934,16.38835140206597,63741.05913612957,24.754188300405648,58.85746273417899,44.35361712703851,10.88965878375747,,
ARB,2022,Arab World,7931.61789279006,33.9740295410156,15.789960240071654,65115.46114290806,24.51155676910127,59.69848530430607,44.70652689228642,9.953570646244202,,
ARB,2023,Arab World,7479.688091032791,35.126350402832,13.593755873074343,69140.22593839814,25.2012789876523,61.20496596167342,45.46017603244328,9.581397143306232,,
ARE,2000,United Arab Emirates,29865.502347066005,,8.49790559438129,160502.87634427167,28.3368761337044,63.1652679141428,74.514,2.252102761117106,,
ARE,2001,United Arab Emirates,27745.17080876723,,7.88815898056188,150722.16292029817,28.2977014553879,63.8141395640503,74.652,2.444,,
ARE,2002,United Arab Emirates,27753.60895263462,,7.34621327693928,143386.29100500428,28.0478000214338,64.6059440047377,74.989,2.661,,
ARE,2003,United Arab Emirates,29659.542856781132,,6.83819740198917,145511.0405108575,28.1173461707257,65.0444564272851,75.467,2.908,,
ARE,2004,United Arab Emirates,33376.715229520916,,6.40879378162099,149058.938227242,27.8492960536408,65.7419101647382,76.051,2.965,,
ARE,2005,United Arab Emirates,38719.31383076232,,5.97783281798685,146743.04508663452,27.505973532923,66.5161936490901,76.708,3.1173885240515857,7679.004000000001,239.364
ARE,2006,United Arab Emirates,44342.604832248195,,5.34860362945671,148329.36277482504,26.194526731919,68.4568696386243,77.236,2.963,,
ARE,2007,United Arab Emirates,45854.73251581623,,4.75996879962432,135729.00959526876,25.3044575796428,69.9355736207329,77.346,2.936,,
ARE,2016,United Arab Emirates,41326.40181615689,,1.83619883089356,109939.28082496648,32.5705231171756,65.5932780519309,78.453,1.6355060902852387,22720.857,371.601
ARE,2017,United Arab Emirates,42340.59171601607,,1.63825648037955,107709.74060895728,33.4772147488979,64.8845287707225,78.759,2.461485781930192,22271.061,548.1990000000001
ARE,2018,United Arab Emirates,45689.857004940095,,1.46406877917757,106890.5997419324,34.5965514744327,63.939363137555,79.108,2.235750328900233,22171.617,495.702
ARE,2019,United Arab Emirates,44251.454139881665,56.5684204101562,2.24119310520802,106486.31957748976,28.844743884838,68.914063009954,79.467,2.331426797772438,22694.043,529.095
ARE,2020,United Arab Emirates,37173.875409306565,55.7540512084961,1.78329602252917,104590.5519946902,27.5769022115906,70.6398185927612,78.781,4.293541918795762,21586.164,926.811
ARE,2021,United Arab Emirates,43360.02110013267,,1.42816875557187,108126.0543646329,29.6575593895852,68.9142718548429,77.054,3.105386879877015,22184.289,688.908
ARE,2022,United Arab Emirates,49899.06529751974,,1.35952814927854,109902.76492029113,29.3494726207478,69.2910148112438,77.242,2.872494050410386,22557.018,647.9490000000001
ARE,2023,United Arab Emirates,49040.69475210351,61.3456115722656,1.34646822552246,108156.44626595556,29.6389287829813,69.0146178113015,77.455,2.1504649958341773,26245.719,564.405
ARG,2000,Argentina,7637.014892036284,54.3332710266113,1.08281633792123,58552.41594748954,22.6821568510036,76.2350268110751,62.324,14.999736615867825,,
ARG,2001,Argentina,7141.475076628263,58.791690826416,1.06589954457131,57363.11630454184,21.967694517928,76.9664059375007,61.646,17.321757649146956,,
ARG,2002,Argentina,2569.699635191236,62.0592613220215,1.06193899066126,53152.27561574376,20.2072823511607,78.7307786581781,60.112,19.59010757943169,,
ARG,2003,Argentina,3320.477751339027,64.4024505615234,1.02152341690235,53402.438476184245,21.875644795885,77.1028317872127,61.018,15.36378249500804,,
ARG,2004,Argentina,4242.020990894215,64.8878479003906,0.969933232604466,55372.000649423455,22.8144475296486,76.2156126308423,61.943,13.522130115544597,32105.526,4341.351
ARG,2005,Argentina,5067.653422932756,63.732349395752,0.919946231371167,58492.09488286611,23.3459141837039,75.7341395849249,61.511,11.505946640951464,32292.18,3715.521
ARG,2006,Argentina,5869.380289702044,67.1185913085938,0.873532533409091,61047.78366952402,23.715321653986,75.4111458126049,61.795,10.077498241599994,33115.331999999995,3337.1969999999997
ARG,2007,Argentina,7185.251551470267,66.9094467163086,0.832650029041697,65213.84514344535,23.9756595985387,75.1916843030994,61.114,8.469055374592834,,
ARG,2016,Argentina,12699.962313775635,86.6178817749023,0.608956444450992,68102.89073063259,22.7021930969164,76.6888560384782,59.02,8.085,,
ARG,2017,Argentina,14532.500930851062,89.2329406738281,0.631425683343258,69702.68518956956,22.7681663744079,76.6004079422489,58.808,8.347392992557566,37865.427,3160.7760000000003
ARG,2018,Argentina,11752.799892297908,90.9728317260742,0.624305051358124,66889.2867265136,22.3841182119442,76.9915767366977,59.595,9.220468669360567,38812.821,3578.7239999999997
ARG,2019,Argentina,9955.974786804276,95.0775527954102,0.609655372977703,64545.66909186653,22.1776444318522,77.2127001951701,60.289,9.842732340089649,40067.106,3943.698
ARG,2020,Argentina,8535.59938004389,99.266227722168,0.60550970861866,63088.842258042285,22.5512769931685,76.8432132982128,56.023,11.461237744247793,37056.783,4247.166
ARG,2021,Argentina,10738.017922338438,107.130661010742,0.57090709431071,62199.20993497176,22.0778283348626,77.3512645708267,60.358,8.736434636169388,40240.443,3515.58
ARG,2022,Argentina,13935.681111004897,107.047912597656,0.646132629931651,62416.58159749194,22.698684863273,76.6551825067954,61.484,6.804571176215321,41465.214,2821.5299999999997
ARG,2023,Argentina,14187.482725296491,,0.612884087432253,59585.92582453945,22.9722602113154,76.414850873835,62.286,6.139409210914279,42489.072,2608.578
ARM,2000,Armenia,593.4505817422821,35.331470489502,53.5818391229542,11330.749942212513,13.4557930176967,32.9622888632942,61.777,11.712271973466002,,
ARM,2001,Armenia,659.5889885356293,33.6579399108887,53.5511456541422,12259.840980692708,13.5651092620801,32.8837450837777,61.525,10.398809945455834,,
ARM,2002,Armenia,742.6511183198187,35.8594512939453,53.3125500028348,13790.45755734242,13.8436982254112,32.8436730271322,61.167,10.781388597693734,,
ARM,2003,Armenia,882.0301676954736,36.6645317077637,52.9702491845889,15686.642393391572,14.1797055169796,32.8500452984314,60.837,10.705,,
ARM,2004,Armenia,1130.0879144415808,37.0803489685059,52.7230347406529,17303.502154022575,14.4425935337336,32.8343717256135,60.565,10.617,,
ARM,2005,Armenia,1557.4845890865474,38.3384399414062,52.461949416026,19660.21204891244,14.7983616197381,32.7396889642359,60.367,10.54,,
ARM,2006,Armenia,2041.6526706899692,41.8117218017578,52.3216851285845,22180.79924919368,15.10822123153,32.5700157688789,60.278,10.465,,
ARM,2007,Armenia,2962.7023459456896,44.433708190918,52.2801407694269,25126.79959569252,15.331963665306,32.387973064401,60.345,7.78937536489323,4978.200000000001,387.759
ARM,2016,Armenia,3524.4247687470715,51.7460098266602,51.7730765055054,32408.914652665622,15.2434503265053,32.9835573296841,62.016,17.61715855450887,3663.945,645.483
ARM,2017,Armenia,3869.0537386775177,53.5907592773438,51.6826827579853,35095.13954563814,15.4105255684099,32.9068761986711,62.013,17.70453399274431,3688.14,652.9680000000001
ARM,2018,Armenia,4196.005623017693,56.1650505065918,51.5218343033932,37635.9026327937,15.5952429077541,32.8828367779275,61.981,10.588595327960828,3999.624,423.504
ARM,2019,Armenia,4597.228873995479,53.3068199157715,49.6460965982579,39420.39307115917,15.1076360257339,35.2462673760082,63.176,9.793600058897567,3830.379,375.132
ARM,2020,Armenia,4268.6809330458345,53.3061294555664,52.3838918981254,36899.58141891475,12.9802294858445,34.6358786160301,62.452,8.055111060878255,4034.544,324.98699999999997
ARM,2021,Armenia,4685.179971285085,58.7563095092773,53.1009239017748,37305.94963485865,13.8901178917603,33.0089582064649,63.149,8.4178584888433,3860.685,324.98699999999997
ARM,2022,Armenia,6571.974455450988,59.8064498901367,52.5068306724726,41420.38281341099,13.9467902873022,33.5463790402252,62.208,8.261985900227083,3841.764,317.406
ARM,2023,Armenia,8125.273957540031,61.1857986450195,52.2956663525376,44812.663715315546,14.1389475864764,33.5654645278687,62.033,8.29806598920297,3991.653,331.23
ASM,2002,American Samoa,8972.69636535698,,,,,,,,,
ASM,2003,American Samoa,9197.661968369872,,,,,,,,,
ASM,2004,American Samoa,8958.428666971735,,,,,,,,,
ASM,2005,American Samoa,8831.269759966088,,,,,,,9.978858350951374,,
ASM,2006,American Samoa,8745.166211374039,,,,,,,,,
ASM,2007,American Samoa,9231.372409245629,,,,,,,,,
ASM,2016,American Samoa,12843.334290362714,,,,,,,,,
ASM,2017,American Samoa,11863.683945256464,,,,,,,,,
ASM,2018,American Samoa,12552.054686886147,,,,,,,,,
ASM,2019,American Samoa,12886.135951721802,,,,,,,,,
ASM,2020,American Samoa,14489.258656377484,,,,,,,,,
ASM,2021,American Samoa,15236.160487557136,,,,,,,,,
ASM,2022,American Samoa,18017.458938397252,,,,,,,,,
ATG,2000,Antigua and Barbuda,12027.494976822189,,,,,,,,,
ATG,2001,Antigua and Barbuda,11539.182506330751,,,,,,,8.41773858334236,118.656,9.987
ATG,2002,Antigua and Barbuda,11658.694991595605,,,,,,,,,
ATG,2003,Antigua and Barbuda,12173.231986030503,,,,,,,,,
ATG,2004,Antigua and Barbuda,13037.889577225696,,,,,,,,,
ATG,2005,Antigua and Barbuda,14368.570879605784,,,,,,,,,
ATG,2006,Antigua and Barbuda,16173.8136329968,,,,,,,,,
ATG,2007,Antigua and Barbuda,18204.51240430678,,,,,,,,,
ATG,2016,Antigua and Barbuda,16556.85518015876,,,,,,,,,
ATG,2017,Antigua and Barbuda,16965.728827381565,,,,,,,,,
ATG,2018,Antigua and Barbuda,18273.427068491183,,,,,,,8.778874101269697,156.888,13.773
ATG,2019,Antigua and Barbuda,18896.372183224772,,,,,,,,,
ATG,2020,Antigua and Barbuda,15369.60822504014,,,,,,,,,
ATG,2021,Antigua and Barbuda,17348.600698718186,,,,,,,,,
ATG,2022,Antigua and Barbuda,20105.19890851644,,,,,,,,,
ATG,2023,Antigua and Barbuda,21494.547400072708,,,,,,,5.3699667122894175,177.543,9.534
AUS,2000,Australia,21870.41596695936,,4.85744505503672,95782.395928418,22.4184458925157,72.7241090524475,63.282,6.288052100912882,28495.47,1791.81
AUS,2001,Australia,19695.72973791439,,4.7543064931777,96478.75038367,21.528312244985,73.7173812618373,63.444,6.746817451105745,29000.340000000004,1956.6
AUS,2002,Australia,20301.843171325632,,4.38211496726565,98438.16464258304,21.6857067350928,73.9321675198376,63.508,6.375060110358542,29445.840000000004,1877.19
AUS,2003,Australia,23718.13385018683,,3.91312095248739,99263.9460575286,21.6459128953145,74.4409766960277,63.715,5.932662379852575,29966.31,1777.8000000000002
AUS,2004,Australia,30836.73068246853,,3.73789349853581,101744.55390297576,21.9709486448811,74.2911578565831,63.577,5.3994694855197265,30310.199999999997,1636.59
AUS,2005,Australia,34479.76792983877,,3.57984149251822,101549.82824549024,21.7962022603426,74.62394622238,64.509,5.035826705432876,31212.75,1571.8200000000002
AUS,2006,Australia,36595.70715484226,,3.41194956557225,101916.6882512258,21.9990269319187,74.5890235025091,64.85,4.784848747051498,31897.56,1526.25
AUS,2007,Australia,41051.612065228765,,3.32081122887186,102552.39927657456,21.9081018196204,74.7710869515078,65.275,4.381463139257398,32735.64,1434.3000000000002
AUS,2016,Australia,49888.04108427356,119.682777404785,2.62122457246931,113420.62722109292,19.6957351019153,77.6830403256154,64.952,5.710687881355665,38094.36,2175.45
AUS,2017,Australia,53901.71453921545,109.993309020996,2.59605356118121,113385.24715523008,19.4301107142987,77.973843812645,65.248,5.592230226692877,38932.41,2177.19
AUS,2018,Australia,57196.42207837776,103.322090148926,2.61685205763183,113636.79961030264,19.8876378305918,77.4955179860103,65.715,5.345224772538868,39913.083,2133.444
AUS,2019,Australia,54972.70178854372,109.759559631348,2.55829256359513,113575.6890770413,19.0584600555717,78.3832473808331,66.012,5.143274552274614,40757.517,2096.2709999999997
AUS,2020,Australia,51791.54017998405,110.139221191406,2.76599842250404,115044.55335107257,19.1910974780819,78.0429119312875,65.104,6.393731343967754,40576.353,2594.343
AUS,2021,Australia,60607.77886051659,112.688293457031,2.491567095961,113949.87151418724,18.9060936102336,78.6023392938053,65.965,5.022485049236567,41380.83,2078.346
AUS,2022,Australia,64997.01365364751,106.240760803223,2.17741430760733,114051.35025951266,18.5835169409811,79.2390687514115,66.703,3.7280288555919863,42559.515,1586.631
AUS,2023,Australia,64835.9199754535,,2.14756517038717,114652.22102820058,19.1118030055589,78.7406318240539,66.784,3.66801345896544,43985.253,1613.3849999999998
AUT,2000,Austria,24487.297468595614,,5.98929660799934,116016.360463697,30.0375688410926,63.9731345509081,58.429,4.687415863443002,11588.304,543.192
AUT,2001,Austria,24430.495982840985,,5.75382393954001,117028.40559131504,29.379239257678,64.866936802782,57.892,4.006965790913569,11552.457,462.903
AUT,2002,Austria,26334.862215031993,,5.71607743101226,117319.9551454776,28.8937781497868,65.3901709912711,58.691,4.851805380856902,11562.768,561.003
AUT,2003,Austria,32110.115966142475,,5.45260510750018,117661.32173449038,28.9508257096319,65.5965691828679,58.728,4.778743421899018,11799.378,563.8620000000001
AUT,2004,Austria,36614.25065337066,,4.95028696144208,123436.65668744616,27.7174574946784,67.3322555438795,57.644,5.9690023902892015,11740.002,700.761
AUT,2005,Austria,38157.37022862003,,5.27460472961191,123838.79202519814,27.5731809002051,67.152214370183,58.064,5.681746185787426,11932.476,677.9730000000001
AUT,2006,Austria,40382.20782985749,,5.24448683564289,125323.30394167558,28.1614172606569,66.5940700133102,58.563,5.319669083840399,12136.488,645.621
AUT,2007,Austria,46622.96229136355,63.8021202087402,5.52684702595985,126805.6427073568,27.3241981560853,67.1489548179549,59.423,4.9091204036618175,12390.57,608.268
AUT,2016,Austria,45061.49939201917,82.8496932983398,4.3481695322711,126264.8984490516,25.5626276301898,70.0892028375391,60.696,6.063623995294692,13486.044,817.743
AUT,2017,Austria,47163.7425775142,83.8392562866211,3.92985842672617,127693.45136021024,24.9223107417351,71.1478540102538,60.665,5.5607754605141455,13541.115,752.991
AUT,2018,Austria,51194.07498412994,85.8698883056641,3.69410048988562,128853.11426716184,25.4354367718899,70.8704627382244,60.919,4.9333832712298555,13640.943,672.96
AUT,2019,Austria,49885.99473552041,86.3234329223633,3.65614158210188,130057.01335689156,25.355896518742,70.9879845378037,60.898,4.560032930749087,13701.48,624.792
AUT,2020,Austria,48716.4098900349,88.7071990966797,3.86384458313541,123194.09120657832,24.864817494465,71.2713608036632,60.364,5.201048538480401,13665.879,710.769
AUT,2021,Austria,53648.719074224544,93.940071105957,3.73481339364887,129644.81722115728,25.6264869752335,70.6386996311176,60.631,6.458918232698058,13810.068,891.981
AUT,2022,Austria,52176.66491411783,94.5116882324219,3.53856112022669,132529.57067713747,26.3641729815762,70.0972658981971,60.882,4.992048786830499,14028.048,700.287
AUT,2023,Austria,56033.57379206499,,3.11719371426899,130342.72860519572,25.7210270134619,71.1617792722691,60.853,5.263837464093629,14196.297,747.27
AZE,2000,Azerbaijan,655.0972495799167,,41.0095774443475,11984.949029712476,10.878660220368,48.1117623352844,76.8,11.777493020914376,13110.6,1544.1
AZE,2001,Azerbaijan,703.6709985846863,,39.9542233293576,13113.39904183109,10.8209918364508,49.2247590735441,74.597,10.913211693871476,13104.3,1430.1
AZE,2002,Azerbaijan,763.1088954634868,,40.1851753217022,14287.217613574,11.528248237462,48.286602047955,72.482,10.03730233196787,13109.1,1315.8000000000002
AZE,2003,Azerbaijan,883.6925807452558,,38.2023923807663,15661.688153270352,12.8959681165127,48.9016649395088,70.534,9.165893829558778,13120.488,1202.61
AZE,2004,Azerbaijan,1045.0136328105998,,39.5368921171508,17147.96969995611,11.9057112533724,48.5573966294768,67.969,7.987447315374747,13096.8,1046.1
AZE,2005,Azerbaijan,1578.3673303066716,,39.3174470129369,21763.416957827256,12.0772912802325,48.6052617068306,66.542,7.255542110910709,13140.3,953.4
AZE,2006,Azerbaijan,2472.957257322871,19.7894592285156,39.546897019062,29224.51143634211,12.3535428572719,48.0995601236661,64.801,6.615174920490685,13206.0,873.5999999999999
AZE,2007,Azerbaijan,3851.330151751412,19.3645992279053,38.5491082887563,37588.14654472679,12.6254915449141,48.8254001663296,61.787,6.326379042603471,13329.9,843.3000000000001
AZE,2016,Azerbaijan,3880.685227683798,27.2368602752686,36.3368932341397,42334.66434579469,14.3280236361024,49.3350831297579,64.652,5.043190296646518,15038.1,758.4000000000001
AZE,2017,Azerbaijan,4147.198142322201,28.4670600891113,36.3110334271331,41818.21180537303,14.3630808862489,49.325885686618,65.038,5.0,,
AZE,2018,Azerbaijan,4739.794312340805,28.9724903106689,36.2104792173882,41719.53057716093,14.4145220955074,49.3749986871044,65.399,4.9,,
AZE,2019,Azerbaijan,4805.753717659173,32.9221801757812,35.9025633904867,42436.74726224506,14.4870974376535,49.6103391718598,65.218,5.003832137109717,15112.977,756.228
AZE,2020,Azerbaijan,4229.910649045028,36.3854713439941,35.9152015036472,40037.08530843266,14.6256291495705,49.4591487871787,67.223,7.2431800544220355,15269.55,1106.001
AZE,2021,Azerbaijan,5408.045351750229,39.0096015930176,35.8607867339985,44799.8754897277,14.8619797181806,49.2772553136334,62.166,6.038726737623026,15424.692,931.455
AZE,2022,Azerbaijan,7770.594223350996,41.001781463623,35.7621763624449,45144.295437995424,14.7631716095049,49.4746728578338,64.018,5.646237208727462,15583.086,879.858
AZE,2023,Azerbaijan,7133.028380483284,41.3907585144043,35.4905265980056,45771.30825148699,14.7975201089407,49.7119532930537,63.537,5.636,,
BDI,2000,Burundi,134.53786175238898,1.09112000465393,91.9297208825295,2385.076677492179,2.25467580430997,5.81560331316053,82.655,3.129,,
BDI,2001,Burundi,132.15955454193212,1.06465995311737,91.6496961310089,2373.4174385792294,2.30173576021088,6.04853173035438,81.858,3.15,,
BDI,2002,Burundi,120.95230857546832,1.65049004554749,91.253829187708,2411.295569713201,2.36851426632286,6.37765654596918,81.042,3.169,,
BDI,2003,Burundi,111.4066828043908,,91.148351949941,2309.098580439996,2.39636221423279,6.45525153003815,80.201,3.134,,
BDI,2004,Burundi,125.19496518453332,2.15647006034851,90.7836213527444,2333.4282223778805,2.46981963540836,6.74655901184728,79.346,3.177,,
BDI,2005,Burundi,147.23461929422513,2.18656992912292,90.5508039663363,2277.9766195931848,2.53114377713162,6.9180202616922,78.43,3.153,,
BDI,2006,Burundi,161.89275564031908,2.21515011787415,90.0731990452759,2337.66226337167,2.61870121763767,7.30809973708645,77.447,3.1848083125319455,8674.902,276.279
BDI,2007,Burundi,166.16274490675522,2.31571006774902,89.6841566461705,2299.905208608505,2.69150813675941,7.6243352170701,77.677,2.401,,
BDI,2016,Burundi,235.28620539390823,4.09006786346436,86.310446378232,2175.5956664065975,3.47415290629633,10.2154007154717,79.976,1.347,,
BDI,2017,Burundi,236.6944725927535,4.43720865249634,86.30987259494,2138.2731282371924,3.47201041480786,10.2181169902521,80.156,1.247,,
BDI,2018,Burundi,224.89939239264044,4.69854831695557,85.9887649862523,2099.6213844522763,3.27661742065136,10.7345972095306,80.107,1.146,,
BDI,2019,Burundi,210.23649452153177,4.20048999786377,85.5897779489094,2058.156261818095,3.13938157909714,11.2708404719935,79.798,1.043,,
BDI,2020,Burundi,210.0081399025084,5.22371053695679,85.3194845714139,2022.371463354537,3.08325691296035,11.5972585156258,78.547,1.0301838699294716,15015.669,154.68900000000002
BDI,2021,Burundi,214.09145541613333,6.28677225112915,85.4297995272631,1999.1315478621784,3.08027202459736,11.4899284481396,79.14,1.118,,
BDI,2022,Burundi,250.6342253687444,,85.2073719490132,1957.756943817838,3.04964898434225,11.7429790666446,79.16,0.915,,
BDI,2023,Burundi,192.07430535935111,6.2220401763916,85.0540029269898,1939.7220708953305,3.06581485951783,11.8801822134924,78.911,0.921,,
BEL,2000,Belgium,23098.88650774014,56.201831817627,1.90790075364603,125536.58033818552,25.8134498658128,72.2786493805412,52.243,6.586378453187114,13231.581,871.4820000000001
BEL,2001,Belgium,23015.071263246195,56.7148895263672,1.37962617506851,129436.79108890914,25.4883109197376,73.1320629051939,50.791,6.17755433301607,12913.557,797.742
BEL,2002,Belgium,25006.191397109003,58.1100807189941,1.78976872213037,131146.18485838608,25.7844410201504,72.4258149047491,51.102,6.909464713347997,13059.825,902.364
BEL,2003,Belgium,30655.209267902366,59.6124610900879,1.72109638607953,132476.50161094454,24.9192677781532,73.3596358357673,51.255,7.679635615887523,13175.547,1011.834
BEL,2004,Belgium,35429.40779333441,62.0411491394043,2.21883203915501,133985.5449407711,24.938483417112,72.842684543733,52.012,7.3633564435097245,13420.062000000002,988.167
BEL,2005,Belgium,36809.70134036188,62.8203315734863,2.03896392925424,134461.65840381093,24.6860840446323,73.2749756265988,53.295,8.440211126877603,13877.532,1171.293
BEL,2006,Belgium,38705.10679591471,63.3717384338379,1.95426831127038,137011.1333535274,24.6929968339456,73.352711406003,53.109,8.245871351160128,13941.486,1149.597
BEL,2007,Belgium,44319.16544881302,62.461841583252,1.85631866263634,138230.58830202336,24.4302635668538,73.713440590546,53.656,7.458864312079534,14198.073,1059.015
BEL,2016,Belgium,41854.5498296444,77.2435073852539,1.25136114184074,142399.0683922914,21.2643760439036,77.4842628142556,53.164,7.830081391817973,14928.159,1168.8870000000002
BEL,2017,Belgium,44035.3239358548,80.7738189697266,1.16360973248256,142316.59464826222,20.7568654704698,78.0795247970477,53.336,7.090207441796917,14974.851,1061.748
BEL,2018,Belgium,47487.21003925607,79.1237487792969,0.994280087663443,141641.94715176598,21.0625801026692,77.9431189394068,53.669,5.940832990473778,15166.56,901.02
BEL,2019,Belgium,46716.622746796435,79.3044815063477,0.919567650664891,142738.47943588538,20.8365599945472,78.2438723547879,53.896,5.364448787977899,15317.79,821.7149999999999
BEL,2020,Belgium,45906.287580524586,79.4996032714844,0.915485146191534,136728.47985261466,20.4124888533693,78.6720466566924,53.382,5.544944324147394,15251.136000000002,845.667
BEL,2021,Belgium,51658.23829495799,82.6882019042969,0.936000363566836,143705.69490510577,19.370599479952,79.6934206275868,54.048,6.248338870431894,15531.6,970.467
BEL,2022,Belgium,50822.251853851754,83.5736465454102,0.907595652278963,145858.18415295536,19.0678753831153,80.0245289646057,54.575,5.570242738738003,15853.959,883.104
BEL,2023,Belgium,54690.09427349642,,1.08982994739094,146265.2071370422,19.4161124866929,79.4940575659161,54.397,5.547308477393187,15971.312999999998,885.9780000000001
BEN,2000,Benin,487.4241413842425,3.62698006629944,52.4650639311083,6527.360631930775,17.2413879128739,30.2935481560178,71.832,0.864,,
BEN,2001,Benin,492.401499509072,4.36625003814697,51.6152374706989,6644.445787419429,17.3441883757182,31.0405741535829,71.791,0.765,,
BEN,2002,Benin,546.4638296581587,5.1319899559021,50.8319304675805,6721.681359882942,17.4579206865874,31.7101821416965,71.75,0.7388137558333769,7749.585000000001,61.398
BEN,2003,Benin,676.0028780842815,5.66462993621826,50.1652092161588,6725.9281683766285,17.5629361924292,32.271854591412,71.764,0.747,,
BEN,2004,Benin,758.6958037863709,5.71906995773315,49.397829106474,6794.662534503178,17.7018052975585,32.9003967529445,71.779,0.79,,
BEN,2005,Benin,779.4377777532677,5.65152978897095,48.9223479242322,6672.604542575505,17.789742330934,33.2879097448337,71.793,0.86,,
BEN,2006,Benin,809.1470725062209,6.47643995285034,48.2112785001718,6707.143695083228,17.900189290856,33.8885322089722,71.808,0.889,,
BEN,2007,Benin,912.3382471883424,7.7589898109436,47.2313207091592,6892.973664521838,18.0456656914392,34.7230135994015,71.822,0.902,,
BEN,2016,Benin,1010.533896199298,12.3617095947266,34.3832618517848,7198.701457559253,20.543959075221,45.0727790729943,73.919,1.784,,
BEN,2017,Benin,1054.9740806681434,11.7388401031494,32.4555503547186,7328.755105984307,20.9679533501606,46.5764962951208,74.315,1.659,,
BEN,2018,Benin,1151.7409703472013,12.0070600509644,30.6130238317384,7524.795782227564,21.3764655926931,48.0105298327609,74.707,1.41,,
BEN,2019,Benin,1130.8213533979497,10.7973299026489,29.5558736598517,7742.91718776449,21.5473404709015,48.8967858692468,75.095,1.2138808467700206,13480.071,163.632
BEN,2020,Benin,1200.1942663112247,10.8024797439575,29.5006850288817,7853.618449710843,21.8947726817907,48.6045422893276,74.791,1.502,,
BEN,2021,Benin,1318.6515810748658,10.2315101623535,29.1964883998718,8058.245982928185,21.9862072027203,48.8173043974079,75.987,1.779,,
BEN,2022,Benin,1266.4271098115887,10.647970199585,28.5156163760233,8320.912273077201,21.9743413651742,49.5100422588025,75.784,1.6853839262080517,16615.146,280.029
BEN,2023,Benin,1394.1778466304495,,27.994441889456,8606.281073014381,22.048417449635,49.957140660909,75.591,1.657,,
BFA,2000,Burkina Faso,248.90852692175216,,50.0780647654417,3533.8287977420578,18.6617000591371,31.2602351754212,77.716,2.679,,
BFA,2001,Burkina Faso,259.48522338043597,1.122230052948,49.0945303401819,3676.7382970114295,18.8866552106028,32.0188144492152,76.929,2.74,,
BFA,2002,Burkina Faso,285.65408763753277,1.35122001171112,48.4068391791293,3745.9224056536864,19.0551216271954,32.5380391936752,76.123,2.851,,
BFA,2003,Burkina Faso,362.3738999969534,1.51733005046844,47.2609070183789,3937.620764270519,19.3344883206882,33.4046239321345,75.298,2.777022034785196,,
BFA,2004,Burkina Faso,403.8128374346103,,46.5377944229493,4046.302357494219,19.5131571640019,33.9490484130488,74.454,3.473,,
BFA,2005,Burkina Faso,441.16414801601206,2.16083002090454,45.2745808611256,4321.57314782112,19.830347308852,34.895053199972,73.591,4.0,,
BFA,2006,Burkina Faso,455.5136556200242,2.2746000289917,44.3015560254253,4481.824618131393,20.0704768305465,35.6279671440282,72.71,2.353056458933831,16226.13,381.81
BFA,2007,Burkina Faso,514.6844511772381,2.42068004608154,43.6248615016184,4561.532328996811,20.2083648489552,36.1667736494264,71.875,3.3,,
BFA,2016,Burkina Faso,663.7423648428855,5.42630004882812,35.8201723334138,6785.455164457844,21.7074836566255,42.4723440099608,61.103,4.587,,
BFA,2017,Burkina Faso,709.0915358946953,5.85665988922119,34.8723712934863,7252.345510318885,21.8921918418484,43.2354368646653,58.828,4.656,,
BFA,2018,Burkina Faso,777.465618514048,6.34666013717651,33.882049104524,7794.75086929913,22.0975955830526,44.0203388479867,56.544,4.6949251379561785,13555.935,636.441
BFA,2019,Burkina Faso,764.8530777749462,6.93696022033691,33.0178976203633,8336.473796629734,22.2527018876421,44.7294004919946,54.247,1.5595964806313387,24799.107000000004,386.766
BFA,2020,Burkina Faso,825.2370387824751,7.6837100982666,33.0708527518288,8696.35876831692,22.5651051719206,44.3640420762505,51.528,5.04,,
BFA,2021,Burkina Faso,895.5352884429909,9.36093997955322,32.9299438229978,9340.844179342366,22.6382849062672,44.431771270735,49.712,5.2,,
BFA,2022,Burkina Faso,836.1183045936821,9.73007965087891,31.3796632261002,9631.160029026669,22.6416145214485,45.9787222524513,47.453,1.927316359547943,24612.306000000004,474.357
BFA,2023,Burkina Faso,882.6898100861632,10.1689100265503,31.3796650864036,9603.847162809165,22.6416036006606,45.9787313129358,47.405,5.3481087601534245,16772.172,896.9939999999999
BGD,2000,Bangladesh,396.6707302497512,5.46036005020142,60.8578229612426,7699.067892087207,10.0468110409437,29.0953681070747,58.121,3.2693601435192106,160536.0,5250.0
BGD,2001,Bangladesh,394.65641001891026,6.42439985275269,58.0601677425901,7925.96761719877,11.0636437552509,30.8761905686925,58.173,3.61,,
BGD,2002,Bangladesh,393.88642232762766,6.13536977767944,54.9866360789743,8095.907109895864,12.2853279725182,32.7280359485074,58.182,3.966,,
BGD,2003,Bangladesh,426.7488075436204,6.19688987731934,51.7349514401351,8352.893248959279,13.6810754939931,34.5839730658717,58.168,4.321687228644085,138972.0,6006.0
BGD,2004,Bangladesh,455.6140169097983,5.72883987426758,49.9575083568472,8634.915032364834,14.076989707606,35.9655039026159,58.143,4.314,,
BGD,2005,Bangladesh,480.0858507545197,6.29582977294922,48.0762733754395,9037.789202007974,14.5176953784219,37.4060312461386,58.113,4.253856573866279,148383.0,6312.0
BGD,2006,Bangladesh,490.3880265332894,7.24171018600464,48.0757133177346,9423.838577185432,14.5196431957225,37.4046434865428,58.071,3.5906242217451485,147360.951,5291.178
BGD,2007,Bangladesh,537.9554927929107,7.86712980270386,47.9331466885526,9955.61548433281,15.2206642103839,36.8461872370141,58.197,4.017,,
BGD,2016,Bangladesh,1649.2838085860055,17.4021797180176,42.6647475948154,15254.590778098178,20.4595259069442,36.8757281675599,56.09,4.345769938039204,119059.638,5174.058
BGD,2017,Bangladesh,1811.0822166864589,18.5305080413818,40.5973066336937,15398.44542880005,20.4193213316379,38.9833720346684,58.328,4.372308144930237,190826.349,8343.516
BGD,2018,Bangladesh,1965.2437273146677,19.70263671875,39.5521286255059,16150.569802679467,20.4094965518929,40.0383748226012,58.936,4.407,,
BGD,2019,Bangladesh,2129.7989695460574,22.8052139282227,38.4647932693714,17050.845307174626,20.4371288915009,41.0980778391277,59.511,4.441,,
BGD,2020,Bangladesh,2248.850788282327,22.538854598999,37.9715689943212,17521.21818586998,20.539854369629,41.4885766360498,59.852,5.436,,
BGD,2021,Bangladesh,2482.849178433572,23.40016746521,37.306116545802,18112.020362317093,20.6074114180189,42.0864720361791,61.184,5.327,,
BGD,2022,Bangladesh,2716.4859278043114,22.8396492004395,35.6621644978126,18760.02400130939,20.5456026596011,43.7922328425863,61.873,4.593424131560915,221560.272,10177.203
BGD,2023,Bangladesh,2551.017738273069,23.7743072509766,35.2740716970021,19505.04889843027,20.87636272368,43.8495655793179,61.736,3.351531327309914,220330.329,7384.44
BGR,2000,Bulgaria,1621.2621073899163,42.3398284912109,13.196350589877,35586.80959322015,32.8306303945146,53.9730190156085,49.952,16.218083810851684,10284.945,1668.0209999999995
BGR,2001,Bulgaria,1770.9070491869052,41.0407791137695,9.69355269522029,38065.1778694487,32.7673743710431,57.5390368386477,51.474,19.920782032614134,10324.173,2056.656
BGR,2002,Bulgaria,2092.9828862555814,41.4290084838867,10.7051348758237,40461.480192244955,32.662968323054,56.6318610406929,50.96,18.10950103588384,10259.355,1857.918
BGR,2003,Bulgaria,2719.4943685928665,42.8536109924316,11.1395140572108,41194.1022428028,32.1296216257335,56.7308643170557,50.16,13.732576876514043,10001.364,1373.445
BGR,2004,Bulgaria,3389.6874336027363,43.6935691833496,10.7452659591931,42530.56872598492,32.9170521948811,56.3376483460086,50.909,12.037109712258449,10128.777,1219.212
BGR,2005,Bulgaria,3899.825963328784,46.225269317627,8.93879002726789,45411.76292131728,34.2418843394175,56.8192922372523,50.129,10.082580382138564,9948.852,1003.101
BGR,2006,Bulgaria,4523.146557880496,47.7948303222656,8.10796741777638,46401.77305073684,34.4725699858013,57.4194306605801,52.014,8.950661560072067,10247.142,917.187
BGR,2007,Bulgaria,5888.570814039323,51.2403411865234,7.54434069960347,47291.82355128576,35.50029073368,56.9553685667165,53.547,6.877683530818679,10478.499,720.678
BGR,2016,Bulgaria,7822.499232929683,80.6399612426758,6.75356376354627,60495.33957839686,29.7897843194404,63.4566187965343,53.31,7.574626797081656,9792.126,741.717
BGR,2017,Bulgaria,8696.689304279236,81.2245864868164,7.01400431759674,59793.81438037733,29.8993257555794,63.0866699268238,55.405,6.164361323614523,10071.603,620.8499999999999
BGR,2018,Bulgaria,9872.385077891058,83.134880065918,6.57773311634806,61732.01719295015,30.1141200200596,63.3081151838266,55.316,5.211377537889448,9977.976,519.99
BGR,2019,Bulgaria,10372.804434111376,84.7503128051758,6.62175645771062,62978.755931130494,30.0217645587397,63.3564789835496,56.548,4.147889718755116,9527.64,395.196
BGR,2020,Bulgaria,10769.947569941432,85.5331115722656,6.58570634759464,63098.46553782771,30.3211304137418,63.0931951186621,55.726,5.036470018290061,9264.048,466.581
BGR,2021,Bulgaria,12972.217335600228,85.3017501831055,6.29187302574537,69142.19824859893,30.831823613181,62.8763033610737,55.293,5.1664610493306915,9101.859,470.244
BGR,2022,Bulgaria,13999.67191972892,84.1293563842773,6.44403716109461,69956.91083482864,30.0045819376856,63.5513493016495,56.668,4.147997191511166,9203.526,381.762
BGR,2023,Bulgaria,15883.861854558112,,5.67781559161061,71297.87229247125,29.5867985753858,64.7353858330036,56.843,4.31944840135798,9192.771,397.077
BHR,2000,Bahrain,14214.48368393432,,1.63989547707797,124295.8354756973,28.4584790377743,69.9016254851478,67.116,2.043647830055597,,
BHR,2001,Bahrain,13573.233988759745,,1.56774172119441,121064.25603999168,28.567805131395,69.8644531474106,67.333,1.12,,
BHR,2002,Bahrain,13501.47088014247,,1.51648982566164,114395.77772375502,28.6490708946572,69.8344392796811,67.299,2.730831035496114,,
BHR,2003,Bahrain,14486.026902982188,29.3518600463867,1.46316864323222,110789.2251801283,28.9838855757965,69.5529457809713,67.308,3.5634002668465814,,
BHR,2004,Bahrain,15963.949317161683,,1.40252550670266,107739.52983187958,29.9208491558768,68.6763965777554,67.482,1.8659028710531544,1011.789,18.879
BHR,2005,Bahrain,17966.165783762463,22.4983291625977,1.34575526012771,104415.74948069028,31.019575002617,67.6344603789386,67.856,1.8402173633550751,,
BHR,2006,Bahrain,19267.28261507196,19.7194690704346,1.28664457548802,100733.49991844526,32.3406398240907,66.3727156004213,68.448,1.8711787842205696,,
BHR,2007,Bahrain,20908.404254807345,,1.23030834636089,98606.98357891756,33.4529982244795,65.3168702738263,69.237,1.006,,
BHR,2016,Bahrain,23800.001440631015,43.6653099060059,1.03783954104648,95207.29411746834,35.3269157629265,63.635244696027,71.975,1.192,,
BHR,2017,Bahrain,24784.76935146067,45.1864395141602,1.00547585304185,93955.42415131256,35.3982352968873,63.5961711404182,72.322,1.194,,
BHR,2018,Bahrain,26324.40665495586,48.5386581420898,0.977774140370158,96116.71933886212,35.2580935567221,63.7642492195812,72.115,1.2,,
BHR,2019,Bahrain,27259.743859932696,53.6918601989746,0.947829464568693,100456.32918312038,35.1084135801145,63.9437569553168,71.579,1.223,,
BHR,2020,Bahrain,24342.844455471797,56.6339988708496,0.934770507066816,98292.89421118468,34.9905907158445,64.0746387770886,69.585,1.781,,
BHR,2021,Bahrain,27147.80838822855,70.7630310058594,0.916374889221426,99917.80367652274,35.0612369426567,64.0223881681219,69.213,1.541,,
BHR,2022,Bahrain,30470.52192760228,77.2444915771484,0.898122329295282,102403.91389536018,34.856959259139,64.2449184115657,70.41,1.326,,
BHR,2023,Bahrain,29290.12842150983,71.9592971801758,0.878598104509059,101877.66672646908,34.6585455929218,64.4628563025691,70.878,1.154,,
BHS,2000,"Bahamas, The",24940.077508607777,,4.11201811801598,69708.40423347965,16.9819068714069,78.9060750105771,74.026,7.12,,
BHS,2001,"Bahamas, The",25371.92376676143,,4.20280472013877,70228.10031691873,17.0463707214581,78.7514353424055,73.987,6.87,,
BHS,2002,"Bahamas, The",26781.61959386516,,3.71159542562953,72723.39254059346,16.6950973932,79.5933071811704,73.937,9.05,,
BHS,2003,"Bahamas, The",26429.124778766334,,2.99939974876082,72150.96718833497,15.8491079771533,81.1514922740858,73.756,10.84,,
BHS,2004,"Bahamas, The",26650.293423430317,,4.43164580676743,71085.2572314141,16.0712882775626,79.4964615728626,73.622,10.2,,
BHS,2005,"Bahamas, The",28602.418186999483,,3.49381557216354,72251.87376414282,17.825529032948,78.6806553948885,73.548,10.2,,
BHS,2006,"Bahamas, The",29184.786508790818,,2.50585227884621,70670.29967214174,18.3038877269352,79.1902599942186,73.445,7.54,,
BHS,2007,"Bahamas, The",30051.84895877555,,2.30292887029289,70562.38475268181,17.9576011157601,79.7400278940028,73.307,7.88,,
BHS,2016,"Bahamas, The",30616.53631572844,,3.32804090974699,64357.22840422115,11.9641421118832,84.7078169783698,72.417,12.7,,
BHS,2017,"Bahamas, The",31875.488174961905,,3.24016124422192,63598.54121465371,12.0770542375888,84.6827845181893,72.534,9.8,,
BHS,2018,"Bahamas, The",32642.335320345184,,3.15119285749134,64473.26225655552,11.9617505000732,84.8870566424355,72.684,10.0,,
BHS,2019,"Bahamas, The",33640.336986127826,,3.07861989594073,62838.73908321512,11.9260555782003,84.9958040616683,72.711,9.336,,
BHS,2020,"Bahamas, The",26178.75376077077,,3.04807787562633,54598.03730121014,11.7934439734505,85.1584781509231,68.402,12.027,,
BHS,2021,"Bahamas, The",30367.860575770803,,3.01518850556312,61600.50270275398,12.2058352677499,84.7789762266869,70.098,11.032,,
BHS,2022,"Bahamas, The",34957.16132797368,,2.95445394471945,64672.83216075132,12.1432462518652,84.9022998034154,72.038,9.272,,
BHS,2023,"Bahamas, The",38231.77448427799,,2.89056035404483,65402.20989236658,12.1707559712525,84.9391485444927,72.178,8.643,,
BIH,2000,Bosnia and Herzegovina,1338.4805963626086,15.8103504180908,19.4652302728528,25255.17477958538,36.6448725704624,43.889974715746,51.701,25.187,,
BIH,2001,Bosnia and Herzegovina,1387.8936513154358,17.2063007354736,18.8101792705223,25870.33695067657,36.2588613284992,44.9309594009785,51.725,16.100294965441865,3573.978,575.4209999999999
BIH,2002,Bosnia and Herzegovina,1606.546722433624,17.4088096618652,19.1042139302127,27261.184719537017,35.0459372482791,45.8497709947428,51.728,27.312,,
BIH,2003,Bosnia and Herzegovina,2033.947009358639,19.2174396514893,19.4435502088576,28636.63411151465,33.85263714666,46.7037339342597,51.69,28.447,,
BIH,2004,Bosnia and Herzegovina,2452.686168393919,21.4100608825684,19.8282294549936,30937.129740797853,32.7605249246435,47.411245620363,51.622,29.276,,
BIH,2005,Bosnia and Herzegovina,2739.610768660567,24.6647491455078,20.1885786725374,32807.63902581776,31.8093251018931,48.0021778542911,51.554,30.227,,
BIH,2006,Bosnia and Herzegovina,3166.128653448332,27.6716403961182,20.5392779766625,35142.10130923677,30.7593985461326,48.7012405317797,51.539,31.109874377089643,3530.805,1098.429
BIH,2007,Bosnia and Herzegovina,3931.489487375052,31.3900508880615,19.8154753165384,36379.647604916645,32.5798656542198,47.6046590292418,51.529,28.984422998959303,3588.945,1040.235
BIH,2016,Bosnia and Herzegovina,4928.566525172796,48.668140411377,17.9573142278728,46353.08644211302,31.2761581369304,50.7665276351967,50.086,25.40814093700388,3221.865,818.616
BIH,2017,Bosnia and Herzegovina,5345.019854891917,46.4159202575684,18.871060456236,45618.7196703089,29.5056473494582,51.6232066543261,49.865,20.52717577170072,3079.011,632.034
BIH,2018,Bosnia and Herzegovina,6047.845842611331,43.1571083068848,15.724941551307,46869.513806130526,32.1344226826638,52.1406357660292,49.599,18.400201606902257,3023.706,556.3679999999999
BIH,2019,Bosnia and Herzegovina,6122.375345088199,41.597038269043,17.9624372042607,47501.384210134165,31.7118379088237,50.3257248869155,49.262,15.692157124240383,2856.873,448.305
BIH,2020,Bosnia and Herzegovina,6130.31133245161,40.8813400268555,12.7334778713247,47235.63748016312,33.0579360248405,54.2085006121207,48.752,15.868194760207412,4182.99,663.765
BIH,2021,Bosnia and Herzegovina,7295.343824095697,43.5776786804199,17.4799414514183,50878.92038878511,30.566081095102,51.9539774534797,48.812,14.897369439019425,4451.598,663.1709999999999
BIH,2022,Bosnia and Herzegovina,7655.5942102438285,44.6326713562012,16.8726444849597,52224.65990670651,30.9696340702371,52.1577214448031,48.838,12.656711591386042,4453.005,563.604
BIH,2023,Bosnia and Herzegovina,8663.023229878792,44.9843902587891,17.5725014707593,51683.228613145104,30.6295669330694,51.7978496597179,49.428,10.66768063674833,4501.119000000001,480.165
BLR,2000,Belarus,1276.2803812126876,51.8044013977051,18.8882721864606,26399.397937777747,33.5857323884791,47.5260190535059,59.3,2.1103180896995326,,
BLR,2001,Belarus,1244.373185234307,54.3443717956543,18.2071366769061,27142.876475311044,33.3241450166956,48.4687183063983,59.793,2.2745860872256243,,
BLR,2002,Belarus,1479.3806633717477,56.8730087280273,17.6205045080626,28081.31710297774,33.1502132895966,49.2292822023408,60.121,2.895881413101367,,
BLR,2003,Belarus,1819.5265311469911,59.4798316955566,16.9648878724981,29680.304319902894,33.0329227544029,50.002189373099,60.375,3.0328014974596664,,
BLR,2004,Belarus,2378.337004701288,60.8694190979004,16.2847643543266,32690.9414247619,33.074076577677,50.6411813773291,60.556,1.8703803857941224,,
BLR,2005,Belarus,3126.0717666524847,63.722110748291,15.5996850132187,35396.37831924631,33.0660156115434,51.3343214578783,60.755,1.5120473878768983,,
BLR,2006,Belarus,3848.2235030016295,66.4904403686523,14.9522465801032,38536.28408841021,33.0911801253097,51.9565951522,61.03,1.4013320395201132,,
BLR,2007,Belarus,4735.481075560663,69.5346298217773,14.3179338350263,41414.84205834598,33.0718222148384,52.6102439501353,61.353,1.0633690249403316,,
BLR,2016,Belarus,5039.775609494454,94.7553405761719,9.73826518676406,49080.52811707417,31.5459852876192,58.7157287307322,64.367,5.84409837338684,15490.653000000002,905.289
BLR,2017,Belarus,5785.544919351936,91.3261489868164,10.6964744379339,50347.860775631394,30.7723347792327,58.5311907828334,64.462,5.647870651075502,15585.75,880.2629999999999
BLR,2018,Belarus,6360.037502312003,84.5396423339844,11.3147406566586,51712.51253514447,30.628837408706,58.0564012436132,64.393,4.763234713789122,15424.833,734.721
BLR,2019,Belarus,6837.773396456351,80.1720199584961,11.0570999014983,52435.840289554544,30.3871221939966,58.5557571672974,64.231,4.164747824623661,15367.341,640.011
BLR,2020,Belarus,6542.855799767677,76.8908920288086,10.8923633553065,52471.39930877165,30.5816975532098,58.5259390914837,64.006,4.048987649975872,15274.707000000002,618.471
BLR,2021,Belarus,7489.718947138883,73.9591369628906,10.9072239453798,54136.86846422678,30.4510316515857,58.641765596637,63.999,3.9001447249680785,15142.515,590.58
BLR,2022,Belarus,7994.648060748886,70.8675689697266,10.1083007156677,51767.198091189384,30.9298405813806,58.961879968408,64.021,3.5740324929044736,15080.277,538.9739999999999
BLR,2023,Belarus,7896.753882955836,67.0620422363281,9.97081555387097,54386.79833177782,31.116933206488,58.912251239641,63.504,3.460479305426277,14916.084,516.168
BLZ,2000,Belize,4729.670804280749,,26.1909720414432,35582.84732508481,17.3790805435518,56.4299474150049,59.541,10.836,,
BLZ,2001,Belize,4721.816256607845,15.0931301116943,24.6824445042708,35123.77538755465,17.4380185516043,57.8783132235248,59.782,9.06597479614529,,
BLZ,2002,Belize,4861.7431418426695,16.9803295135498,23.3150405055472,35934.18546188396,17.5634903665693,59.1214691278835,60.022,10.03790895479596,,
BLZ,2003,Belize,4962.089620137994,16.1856803894043,21.9686734296641,37985.60405273833,17.5261627241292,60.5051638462067,60.262,10.343,,
BLZ,2004,Belize,5156.098171431937,15.5943098068237,20.7688913403199,38347.43755437316,17.7352454495312,61.4958632101489,60.501,10.584,,
BLZ,2005,Belize,5272.744172079605,16.0521106719971,19.5549217228425,37817.696012204186,17.8818871659518,62.5631911112057,60.74,10.906577021092014,,
BLZ,2006,Belize,5527.167758564392,16.8771591186523,19.3650633930368,37368.26589853507,17.6091768967599,63.0257597102033,60.978,9.394331495825725,,
BLZ,2007,Belize,5765.281999324552,17.8864498138428,19.1264583792697,36795.253156913954,17.2397925434518,63.632790405614,61.216,8.508201415306582,,
BLZ,2016,Belize,6142.498731851771,24.3196296691895,18.5629699686299,29301.3467689214,15.7056939051438,65.7320021579428,64.25,7.000269241124658,467.982,32.76
BLZ,2017,Belize,6072.582676405807,24.7719898223877,17.4182623588344,27812.281020778377,15.6953011319005,66.8864365092651,64.034,6.595319652574692,479.067,31.596
BLZ,2018,Belize,6031.281395801444,24.6455898284912,17.4259847406272,26573.584100885757,17.486827535015,65.0871877243578,66.942,9.346104770061702,514.899,48.123000000000005
BLZ,2019,Belize,6190.047922784446,25.0688591003418,16.8609398071745,26369.732187989142,15.7045658530936,67.4350733952923,69.726,9.052815842017448,548.415,49.647
BLZ,2020,Belize,5227.193637861683,25.7016506195068,17.3367463168567,24538.522747626015,19.1692430937152,63.4940105894281,64.449,10.784,,
BLZ,2021,Belize,6122.611585800792,23.5184001922607,16.3859823315257,29383.624202936473,17.846686524606,65.7666946714529,61.821,10.322,,
BLZ,2022,Belize,7068.454782697221,23.7802906036377,15.8808827633064,30709.14968978679,17.9804180871844,66.1393057763003,61.975,8.763,,
BLZ,2023,Belize,7459.998151328368,22.705150604248,15.6190420492426,29945.53513672502,17.8437335516697,66.5372243990877,62.105,8.267,,
BMU,2000,Bermuda,56542.9569455727,,,,,,,2.714355442269103,110.634,3.0029999999999997
BMU,2001,Bermuda,59490.24520342024,,,,,,,,,
BMU,2002,Bermuda,63358.5658652763,,,,,,,,,
BMU,2003,Bermuda,67106.80280832238,,,,,,,,,
BMU,2004,Bermuda,71692.15890016785,,,,,,,,,
BMU,2005,Bermuda,77628.10352250801,,,,,,,,,
BMU,2006,Bermuda,97781.45589967216,33.1868095397949,,,,,,,,
BMU,2007,Bermuda,107395.65148389144,30.4764595031738,,,,,,,,
BMU,2016,Bermuda,108747.35614430488,,,,,,,,,
BMU,2017,Bermuda,112339.42558746735,22.4178009033203,,,,,,,,
BMU,2018,Bermuda,113204.82210837994,22.8644790649414,,,,,,,,
BMU,2019,Bermuda,115798.04077557832,,,,,,,,,
BMU,2020,Bermuda,106976.5462396322,,,,,,,,,
BMU,2021,Bermuda,112765.08167306028,,,,,,,,,
BMU,2022,Bermuda,121613.9399836291,,,,,,,,,
BMU,2023,Bermuda,132604.43908621595,16.992130279541,,,,,,,,
BOL,2000,Bolivia,975.7770603587506,,38.9389822743578,14493.236055848907,18.6186098966799,42.4424078289623,70.152,4.438024897112982,,
BOL,2001,Bolivia,930.1682272143124,,44.2020325831557,14482.937728191248,15.6862243510377,40.111716138469,69.981,5.242549005879511,,
BOL,2002,Bolivia,888.2213289743515,,42.3853947962215,14555.760668770552,17.7545478863231,39.8600837237281,69.81,5.476239430465959,,
BOL,2003,Bolivia,893.0137602111491,,35.0831595175478,14669.581458901885,20.5196854474083,44.3971550350439,69.639,2.664,,
BOL,2004,Bolivia,953.1918932462772,,35.0832938811204,14971.853600532802,20.5193730461635,44.397333072716,69.467,4.166804693538081,,
BOL,2005,Bolivia,1020.1232620073686,,38.6084139497781,15314.561133464558,19.3949439912152,41.9966669252759,69.294,5.446085635666506,,
BOL,2006,Bolivia,1202.7115044632694,,39.5000209412253,15716.123896899157,17.4592352264526,43.0407438323221,69.121,5.08010173887703,,
BOL,2007,Bolivia,1354.5490594992878,,36.1000275613897,16104.389731737416,19.6700030663537,44.2299693722565,68.947,5.17533799477977,,
BOL,2016,Bolivia,3035.8734773213155,,29.7427846117773,21332.115412805364,20.8795290344629,49.3776660353045,67.359,3.498057518767904,,
BOL,2017,Bolivia,3306.303012244254,,30.4901540592762,21428.681768946113,20.1351877592532,49.3746385930162,68.634,3.654576585861116,,
BOL,2018,Bolivia,3500.72642189887,,31.0700245272046,20915.96964267448,19.5814965447277,49.3484605831127,71.798,3.518614346245863,,
BOL,2019,Bolivia,3503.8960112312852,,27.4144207801314,20347.665728582197,20.7185335377517,51.8670456821169,74.158,3.682161179804675,,
BOL,2020,Bolivia,3099.942190535137,,30.0006508193377,19443.77720087948,18.0616442914003,51.937704889262,72.869,7.903418414465797,,
BOL,2021,Bolivia,3384.844864626539,,27.6474130269739,18501.854443432803,20.4315974275437,51.9209895454823,77.79,5.088705519900475,,
BOL,2022,Bolivia,3643.9282698460433,,24.8081349396738,18453.79800397688,20.513132111491,54.6787329488351,78.267,3.5521347194250734,,
BOL,2023,Bolivia,3686.2799644217585,,24.3506189303342,18543.616799828535,20.5376652943771,55.1117157752887,78.36,3.0244154455554675,,
BRA,2000,Brazil,3766.548114660315,,15.3843623136557,34062.02588461279,22.5897397632189,62.0258993207135,65.807,10.889,,
BRA,2001,Brazil,3176.289357475236,,15.3248488886774,33602.55085916076,22.4068413144135,62.2683097969091,66.035,10.6492870350112,245399.217,26133.267
BRA,2002,Brazil,2855.9401888576867,,15.4077165020985,33446.73933891815,22.8444791391555,61.7478043587459,66.975,10.641004528015536,254436.627,27074.613
BRA,2003,Brazil,3090.607009745496,,15.56647516969,33405.502223283824,22.2866932514981,62.1468328758186,66.899,11.168532302932404,259894.17600000004,29026.365
BRA,2004,Brazil,3663.823188064,,16.043452952751,34011.555321370666,22.3880047430991,61.5685423041499,67.364,10.071465494442393,271178.142,27311.613
BRA,2005,Brazil,4827.781730747141,,15.5161463220049,34309.304098794826,22.7565334144768,61.7273202635183,68.05,10.550571701799983,279477.168,29486.439
BRA,2006,Brazil,5934.144709249681,,14.4959485973229,34900.00570325473,22.7286552029052,62.7753961997719,67.705,9.69182386873494,283300.98,27457.032
BRA,2007,Brazil,7409.691306734731,,13.5486373345508,36462.808526344365,23.2999339006114,63.1514299410881,67.295,9.280179753043544,286793.475,26614.949999999997
BRA,2016,Brazil,8836.286527356575,48.3333396911621,9.79792963215381,39749.321505804706,21.3696207701608,68.8324484876483,64.29,11.579725994056728,306081.828,35443.437
BRA,2017,Brazil,10080.509281930525,50.0267486572266,9.19142793138147,40207.02538188427,20.9444707850201,69.8641001754288,64.525,12.79164604825838,311335.86600000004,39824.982
BRA,2018,Brazil,9300.661649232186,51.1916885375977,9.05694235839641,40287.8207414582,20.5300443499666,70.4130132916369,64.501,12.329453924160427,315076.071,38847.159
BRA,2019,Brazil,9029.833266810732,52.6240615844727,8.87727553293967,39945.508641983804,20.4026283269902,70.7200961400702,64.887,11.935641783160293,320660.034,38272.833
BRA,2020,Brazil,7074.1937833764405,54.5727996826172,9.31407272288487,41893.323728276344,20.2564794570537,70.4294478200615,60.479,13.696552845132054,301985.649,41361.624
BRA,2021,Brazil,7972.536649864598,56.8306198120117,9.49560878423923,41904.83151822944,20.7334756188231,69.7709144906276,62.456,13.158527063963955,315014.331,41451.246
BRA,2022,Brazil,9281.33334441234,60.3906211853027,8.73144055794584,40322.92125458686,20.49170381148,70.7768556305741,63.527,9.2311221675467,323631.726,29874.840000000004
BRA,2023,Brazil,10377.589279255684,,8.202818535193,41147.69338194083,20.1715685450878,71.6256129197192,62.915,7.946615623564501,323557.137,25711.841999999997
BRB,2000,Barbados,11674.673647176442,41.5436096191406,3.72106036231377,38394.52641336983,20.3873384470713,75.891601190615,69.35,9.346451159522136,,
BRB,2001,Barbados,11639.516052205392,40.8927803039551,4.20162186958178,37502.34758861641,19.6334854645964,76.1648926658218,69.467,9.85,,
BRB,2002,Barbados,11760.452473613275,,4.04351093584151,37664.98256750989,18.7400732929938,77.2164157711647,69.499,10.32,,
BRB,2003,Barbados,12075.958702064896,,4.55618782177835,38455.77429960896,17.6061626601634,77.8376495180583,69.534,10.996563573883162,436.5,48.0
BRB,2004,Barbados,12886.366527246744,,3.40880145042629,37738.7670731244,17.3534215376317,79.238526199074,70.152,9.566848567530696,,
BRB,2005,Barbados,14214.420221357172,,2.37932975791875,38790.64562034814,17.015318972414,80.6053512696672,69.968,9.08,,
BRB,2006,Barbados,15619.600595551145,,3.61043667065218,40743.43292942138,16.5139700866299,79.8755932427179,69.79,8.73,,
BRB,2007,Barbados,17235.439643478516,59.9852714538574,3.00626995311916,40768.77075529272,16.9986194598637,79.9958296183382,69.62,7.41,,
BRB,2016,Barbados,19065.806980021316,,2.86173727025336,38154.80058989443,19.260881586798,77.8773811429486,66.065,8.24683928670016,434.712,35.849999999999994
BRB,2017,Barbados,19692.76067116154,,3.10619424058306,38113.9554373639,19.3035562621137,77.5902494973032,66.151,8.619961423120785,426.162,36.735
BRB,2018,Barbados,20055.915870771005,,3.09540728279943,37623.86674815832,18.241077773105,78.6635149440956,65.706,8.320811688776313,419.274,34.887
BRB,2019,Barbados,20583.726578641355,,2.82864940405201,38213.5308555454,16.9170209185428,80.2535980039949,64.905,8.409537208007269,409.428,34.431
BRB,2020,Barbados,18347.110913105524,,2.80854906682721,33387.0598378535,16.4652317880795,80.7262191450933,63.807,9.777,,
BRB,2021,Barbados,18696.78589529571,,2.78330909497707,33002.40905139306,16.699108774285,80.5183279263154,63.913,11.01517045542232,388.782,42.825
BRB,2022,Barbados,22164.026027387557,,2.72073502890688,38698.06909015579,16.4988162650379,80.779706552474,63.305,7.260948932191568,404.286,29.355
BRB,2023,Barbados,23804.02499149949,,2.63467505919379,39911.15721514443,16.5602894245334,80.8057708428313,63.368,6.539933136617136,397.52699999999993,25.998
BRN,2000,Brunei Darussalam,20130.2571493081,13.0841703414917,1.4227738992706,222614.8395422148,21.4660077358657,77.1105385875587,68.406,5.459,,
BRN,2001,Brunei Darussalam,18287.827168734544,13.9702396392822,1.36369619586679,218690.70078498183,21.4347768856127,77.2021850730551,68.51,5.430409787174638,,
BRN,2002,Brunei Darussalam,18621.29226778062,13.0799102783203,1.36080995408467,221214.37311110867,21.0986379092836,77.5399117554769,68.36,5.575,,
BRN,2003,Brunei Darussalam,20677.900122466293,12.8312997817993,1.36040837212785,223294.4634585488,20.7674450532307,77.8721465746415,68.185,5.663,,
BRN,2004,Brunei Darussalam,24423.09477310214,13.3302602767944,1.36161761390982,218221.03829897215,20.3791815672919,78.2592008187982,67.994,5.786,,
BRN,2005,Brunei Darussalam,29386.270359720795,13.1851100921631,1.3636526111356,213385.60870704724,20.0044084881269,78.6319389007375,67.792,5.931,,
BRN,2006,Brunei Darussalam,34674.79959905945,13.0625400543213,1.36179738600194,217363.09840913396,19.7274073383157,78.9102123144726,67.571,5.997,,
BRN,2007,Brunei Darussalam,36217.32910100887,13.3380498886108,1.36061052595366,205743.6930771802,19.2595480685982,79.3792680339665,67.251,6.091,,
BRN,2016,Brunei Darussalam,26663.297319987752,31.5120601654053,1.36087299366622,171581.19612031628,16.3396332002137,82.2994938061201,65.421,8.574,,
BRN,2017,Brunei Darussalam,28024.382461856803,34.9116706848145,1.35853484596359,172848.901924822,16.1274170135499,82.5140481404865,65.191,9.316058907732248,618.255,57.59700000000001
BRN,2018,Brunei Darussalam,30988.119049785146,31.5352935791016,1.06077648062677,165771.58975956545,19.4042586200209,79.5349648993523,66.433,8.699567804855972,662.895,57.669
BRN,2019,Brunei Darussalam,30426.573028420233,31.3982181549072,1.95359202685771,169846.4475241359,20.7630725674551,77.2833354056872,64.793,6.599628439149538,712.1310000000001,46.998000000000005
BRN,2020,Brunei Darussalam,26834.359246383858,32.6983299255371,1.33668626819312,172701.7644525715,23.7151223452593,74.9481913865475,64.036,7.40906762295082,702.72,52.065
BRN,2021,Brunei Darussalam,31006.96362205757,30.2181224822998,1.40620006391818,163716.81872428555,23.5672831529266,75.0265167831552,63.895,4.905569137361309,670.014,32.867999999999995
BRN,2022,Brunei Darussalam,36632.92804214111,33.511962890625,1.51653421258994,159454.94693287366,21.4708593388149,77.0126064485951,64.083,5.191457198259767,666.807,34.617
BRN,2023,Brunei Darussalam,32890.54924657224,38.2732162475586,1.5079924509425,159908.13170239853,21.3979399258737,77.0940676231838,63.984,5.29639135948265,688.431,36.462
BTN,2000,Bhutan,771.9249114106186,,69.5286168521463,12543.4515131155,5.94475357710652,24.5266295707472,69.808,1.66,,
BTN,2001,Bhutan,812.2382107720562,,68.8357112108726,13019.075110343814,6.28382325810221,24.8808498862309,69.648,1.9474339263489275,,
BTN,2002,Bhutan,895.7994899309724,,68.2268016800124,13855.58290265128,6.50412225275743,25.2690760672301,69.519,1.853,,
BTN,2003,Bhutan,1022.3824031101774,,67.5410654728995,14383.358477760634,6.66143501756764,25.7974995095329,69.425,1.8,,
BTN,2004,Bhutan,1130.3593460679604,,66.3140086423127,14669.991667866609,7.34146822445103,26.3445231332362,69.373,2.494226327944573,,
BTN,2005,Bhutan,1299.9493857835896,4.86986017227173,65.0451426629292,15258.398161503314,7.61822397356386,27.336633363507,69.389,3.0615621168181555,,
BTN,2006,Bhutan,1405.6071618158026,5.1098198890686,62.80331836597,15688.20333839196,7.54721924730866,29.6494623867213,69.47,3.129074315514994,,
BTN,2007,Bhutan,1850.4157043339765,5.53646993637085,61.9058335610603,17879.969925148434,6.71639151891205,31.3777749200276,69.566,3.7,,
BTN,2016,Bhutan,3152.309051067865,,56.803070420194,29571.124853255227,10.57638649775,32.620543082056,62.961,2.705,,
BTN,2017,Bhutan,3435.2880473566224,14.7713375091553,55.4894531238535,29849.414179174677,11.6633452395977,32.8469081378387,62.782,3.016,,
BTN,2018,Bhutan,3400.204172453423,14.8788833618164,53.9999941989135,30532.046044117527,13.0565054834771,32.9435003176095,62.603,3.3501042283243687,932.568,31.241999999999997
BTN,2019,Bhutan,3576.8798710050314,15.9078016281128,51.1256449424759,29729.11798369345,15.4471067052653,33.4272483522588,66.364,2.7201821377416677,959.274,26.094
BTN,2020,Bhutan,3191.6690699933065,16.850284576416,49.9154100965877,26297.01955189515,14.8591439975373,35.225445905875,67.827,5.029859127714946,993.666,49.98
BTN,2021,Bhutan,3570.612579808724,17.706148147583,49.8590335175701,26460.578908479092,15.6087419502054,34.5322245322245,69.094,4.803532165401803,1015.128,48.762
BTN,2022,Bhutan,3711.327679815909,17.5290336608887,43.9557793284415,30393.893419243657,15.23974545988,40.8044752116785,63.094,5.9474086710983,917.946,54.594
BTN,2023,Bhutan,3839.4093039286,15.0250902175903,43.8136628392887,29616.644462814387,15.2549085158088,40.9314286449025,64.994,3.125818840138584,1133.4630000000002,35.43
BWA,2000,Botswana,3450.811806229918,6.76557016372681,19.9555627087905,43412.20919977948,21.1544274380645,58.890206130933,58.6,15.88,,
BWA,2001,Botswana,3206.071236898528,7.30689001083374,19.1205277381505,43390.59906373496,23.710057122058,57.1694151397915,58.819,18.596308924690444,1761.882,328.554
BWA,2002,Botswana,3117.250871830112,7.6390700340271,20.1105271309015,46106.03907348044,23.1089529328506,56.7805199362479,59.006,21.268,,
BWA,2003,Botswana,4230.123269099257,8.87353992462158,21.2194690613271,48351.843456767114,22.6358295179894,56.1448979190819,59.195,23.8,,
BWA,2004,Botswana,4956.692877352137,9.35762023925781,23.8846060966322,46946.65211932158,19.9806809949288,56.1347129084391,59.425,21.758,,
BWA,2005,Botswana,5391.070766196335,9.04421997070312,26.4964491038214,46542.27238741592,17.6250211362868,55.8785297598918,59.665,19.847,,
BWA,2006,Botswana,5291.583791448487,9.87771987915039,29.0917648943948,47793.65292892655,15.5007861556488,55.4076158619838,59.894,17.78225642913522,1923.198,341.988
BWA,2007,Botswana,5529.125746325323,10.0200796127319,27.5232140616787,48108.61365315479,16.4460530139769,56.0307329243445,60.853,16.998,,
BWA,2016,Botswana,6749.05994339013,23.2882499694824,17.538961827529,50977.794123376414,17.1507603459675,65.3104127592395,62.461,19.329,,
BWA,2017,Botswana,7104.964010880272,22.4400691986084,16.6408853242357,52094.63155052516,16.9254954520652,66.4334867852962,62.766,19.664,,
BWA,2018,Botswana,7407.95940141786,,15.7666370161974,52985.92810201118,16.6990753190873,67.5342876647152,63.107,19.681,,
BWA,2019,Botswana,7172.089564800282,22.9742908477783,14.8887599540902,53491.73756124104,16.5089045243446,68.6023355215652,63.48,20.09380128684928,3058.167,614.502
BWA,2020,Botswana,6323.297498069455,24.0127906799316,19.4433934122016,49768.228432577074,15.0395611405902,65.5169163101407,61.735,21.017309385243284,3240.843,681.1379999999999
BWA,2021,Botswana,7807.887945001251,22.9046497344971,17.5933992272486,54141.69068394221,15.9516164261129,66.4549843466385,63.994,23.10598276938064,3153.456,728.637
BWA,2022,Botswana,8328.709056821848,22.3768501281738,17.6383927968044,55903.10102933836,15.700101122919,66.6615060802766,64.621,23.61531909336135,3124.0229999999997,737.748
BWA,2023,Botswana,7826.353764832983,21.7908344268799,17.9988595999039,53442.77158168106,15.7904440845444,66.2105825031668,68.276,23.380620654904735,3405.5640000000003,796.242
CAF,2000,Central African Republic,239.1541337260706,1.90594005584717,76.5936825594589,3320.3713412928496,6.85967639664494,16.5467105702272,72.682,5.362,,
CAF,2001,Central African Republic,237.9517025447346,,76.1765569797897,3392.1384271278826,6.83448786046676,16.9888871663906,72.671,5.405,,
CAF,2002,Central African Republic,248.63929097840335,,75.8164947864363,3435.6630802172017,6.79594293093399,17.3875622826297,72.645,5.437,,
CAF,2003,Central African Republic,278.403992150941,,76.399680398647,3166.46694377537,6.65186503188244,16.9484545694706,72.602,5.433,,
CAF,2004,Central African Republic,303.461321152782,1.65167999267578,75.8024880339193,3278.791080695509,6.64350725871593,17.5540047073647,72.584,5.352,,
CAF,2005,Central African Republic,311.95002313868673,,75.6877821626863,3230.3867586798706,6.58051247846145,17.7317053588523,72.566,5.314,,
CAF,2006,Central African Republic,333.94251990303104,1.08526003360748,75.1729709123255,3316.117921899956,6.57162393576144,18.2554051519131,72.584,5.235,,
CAF,2007,Central African Republic,380.8870488394754,,74.6544233572477,3408.0115018953234,6.5629837656856,18.7825928770667,72.626,5.191,,
CAF,2016,Central African Republic,387.17620344431776,,72.4995192244523,3023.325421715423,6.21693548290768,21.28354529264,73.696,5.491,,
CAF,2017,Central African Republic,432.3240256842626,,71.8802056331637,3110.246685268399,6.24276281063339,21.8770315562029,73.704,5.534,,
CAF,2018,Central African Republic,455.2439628595339,,71.3269400283967,3172.3425476329185,6.27639086730138,22.3966691043019,73.71,5.517,,
CAF,2019,Central African Republic,449.2284676024388,,70.9077586723042,3228.650037361526,6.28933435592442,22.8029069717714,73.702,5.607,,
CAF,2020,Central African Republic,462.87907129401145,,71.0107190583151,3248.7880556229406,6.41073611782434,22.5785448238606,73.002,6.196,,
CAF,2021,Central African Republic,492.26314283050743,,70.9449037035622,3241.954848326479,6.42603749135319,22.6291149988452,72.909,6.375,,
CAF,2022,Central African Republic,467.3598250262383,,70.5649648497181,3232.7744759894163,6.42940853926216,23.0056823918368,73.628,5.956,,
CAF,2023,Central African Republic,495.9788972887206,,70.5320384453627,3216.8360842175725,6.42290229747257,23.0450592571647,73.592,5.877,,
CAN,2000,Canada,24271.002056382134,58.5191192626953,2.51550915044651,98476.48073837553,23.294177869961,74.1903129795925,65.291,6.8286676633051835,47525.757,3245.3759999999997
CAN,2001,Canada,23822.09621093203,,2.16014538278363,99103.4269253534,23.062826289589,74.7770283276273,65.412,7.218569184087895,48282.186,3485.283
CAN,2002,Canada,24256.019233718485,58.4150009155273,2.11688667417566,99619.64952814677,23.2298586828841,74.6532546429402,66.386,7.664758168542256,49681.99800000001,3808.005
CAN,2003,Canada,28301.864593742783,,2.10705420065225,98984.6727327574,22.9734222936136,74.9195297067277,67.111,7.573787556543849,50832.45300000001,3849.942
CAN,2004,Canada,32145.541262021703,,2.0231687271292,100383.75993536974,23.0487870717783,74.9280442010925,67.057,7.185273730559322,51441.29699999999,3696.198
CAN,2005,Canada,36383.66000680948,,2.12205008855521,102252.16155847484,22.6905011703111,75.1874487411337,66.731,6.758125212199097,51876.399000000005,3505.8720000000003
CAN,2006,Canada,40504.03709778064,,2.08178496254019,103043.88017369136,22.2063172877919,75.7118977496679,66.828,6.483473796444356,52655.106,3413.88
CAN,2007,Canada,44660.08388922812,63.8258285522461,1.95753425728379,103018.30443216872,21.7531877390931,76.2892837941167,67.109,6.1564424619811104,53568.372,3297.906
CAN,2016,Canada,42314.06158172182,69.5068588256836,1.94745888181038,108776.05451777249,19.5077843845451,78.5447567336445,65.638,7.037843278959323,58116.0,4090.113
CAN,2017,Canada,45129.62811662297,70.6271591186523,1.51620731128188,109696.89676130548,19.7527719960504,78.7310206926678,65.792,6.426359596743085,58974.711,3789.927
CAN,2018,Canada,46539.17615704053,69.5775985717773,1.51886614824141,110704.69965794396,19.7053403089212,78.7757935428374,65.547,5.836611295286746,59651.394,3481.62
CAN,2019,Canada,46352.869344521125,72.8150634765625,1.53795990396589,110430.50597969016,19.3032303883275,79.1588097077067,65.809,5.690432003759527,60824.679,3461.187
CAN,2020,Canada,43537.839298903986,74.1571426391602,1.55065077738241,111042.87111882128,19.4918288613216,78.9575149834594,64.097,9.657421633379892,59917.79400000001,5786.514
CAN,2021,Canada,52886.66163727032,77.8022918701172,1.36487062080716,112202.1654299661,19.3361585970201,79.2989707821728,65.195,7.527150010686309,61452.462,4625.619000000001
CAN,2022,Canada,56256.80072640145,77.3137588500977,1.3065592098292,111740.97952083788,19.3705495532039,79.3228912369669,65.247,5.2795273640096525,62371.89,3292.941
CAN,2023,Canada,54220.328503987526,,1.27154402496483,109849.07399066364,19.2138944299707,79.5145615450645,65.361,5.415277618736928,63977.274000000005,3464.5469999999996
CEB,2000,Central Europe and the Baltics,3959.624948966451,39.1185302734375,19.94147495410427,47879.349957266175,31.583731954905332,48.474788405148885,54.89174106284974,12.166121556037233,,
CEB,2001,Central Europe and the Baltics,4360.9626352209,43.7403717041016,19.56337814621587,50059.34079056345,31.58728410638744,48.84933534764815,54.99414278409828,13.5050590063258,,
CEB,2002,Central Europe and the Baltics,4941.34251407648,48.1001586914062,18.23523650494178,52610.9207041175,31.609485008728655,50.15527849874213,54.52153736275658,13.957101525737777,,
CEB,2003,Central Europe and the Baltics,5948.849610485366,51.3497581481934,17.666502469701303,54311.62016843929,31.41402976558488,50.91946775990238,54.29385812874046,13.26355901080264,,
CEB,2004,Central Europe and the Baltics,7180.270370296582,54.1560592651367,16.19195974337828,57333.856167276026,32.06618401909214,51.74185386912613,54.17029398274274,12.876629649238527,,
CEB,2005,Central Europe and the Baltics,8352.507132082987,57.1709289550781,15.760396817094437,59321.27257072504,32.04717367331264,52.192427178741255,54.27711237204783,12.031057169992277,,
CEB,2006,Central Europe and the Baltics,9466.748158855817,60.1693992614746,14.572460277166677,62085.86881452528,32.379452446067894,53.04808498201767,54.07155760466449,10.117208530505174,,
CEB,2007,Central Europe and the Baltics,11997.346924709656,63.0291404724121,13.673742087388122,64346.91650051145,33.02622802039246,53.30002989221948,54.128114636405535,7.805137237345563,,
CEB,2016,Central Europe and the Baltics,12874.740692228495,63.742748260498,10.246709341899518,74273.48629460132,31.518182530368893,58.23510602776539,56.09717678251821,6.480099968732566,,
CEB,2017,Central Europe and the Baltics,14339.85806138458,64.2809066772461,10.017318594629094,76729.00267035903,31.76193150578402,58.22074991242356,56.65828888712199,5.28282284018742,,
CEB,2018,Central Europe and the Baltics,16245.193864543036,64.793212890625,9.566900861835675,80000.038767738,31.87563209414161,58.557462868378806,56.75723477233495,4.3036956278688185,,
CEB,2019,Central Europe and the Baltics,16551.84889173443,65.126091003418,9.156749161798478,82940.86548466452,31.922636954788807,58.92061601555139,56.82670528139285,3.770153481758424,,
CEB,2020,Central Europe and the Baltics,16595.935269804937,65.5949325561523,9.153706950624068,81515.75513965839,31.73350262547394,59.11279249409301,56.64902075011096,4.361481611415455,,
CEB,2021,Central Europe and the Baltics,19239.818502039663,67.2225112915039,8.373878000902089,86838.00037096978,31.76568025223636,59.86043964486022,57.27730785576571,4.4608355301794935,,
CEB,2022,Central Europe and the Baltics,19548.69304796383,69.6117095947266,8.12767807589116,89247.3308928781,31.633248360764252,60.23907363555136,57.754219284271585,3.983906539640541,,
CEB,2023,Central Europe and the Baltics,22699.535173482065,69.5324935913086,7.671681883156433,89643.35479074958,31.063527612989212,61.2647861705491,57.81873389199789,4.014051053400755,,
CHE,2000,Switzerland,38865.02193968802,38.1127586364746,4.64072106528302,124482.09721236408,24.6640258672501,70.6952787845293,67.296,2.657477721341661,11953.929,317.673
CHE,2001,Switzerland,39638.79110618639,39.2238006591797,4.45393914867969,124145.18155832728,24.5790408866754,70.9670199646449,67.77,2.489789500920461,12116.205,301.668
CHE,2002,Switzerland,42458.73846791871,39.9602890014648,4.09414695019221,123264.20888193396,23.662029120875,72.2438239289328,67.75,2.9237475188605773,12252.939,358.245
CHE,2003,Switzerland,49335.7456291067,43.0505409240723,4.08077398981616,123357.56519919398,22.5749040442541,73.3443219659297,67.849,4.116594171936628,12399.522,510.438
CHE,2004,Switzerland,54659.45714882332,44.8805198669434,3.75294502197868,126840.46494329278,22.5165377940398,73.7305171839815,67.264,4.315654464395548,12413.181,535.71
CHE,2005,Switzerland,56242.89336456386,45.2465286254883,3.71883885207167,129874.33504599672,22.5120793055399,73.7691069174946,66.96,4.436680844720257,12477.03,553.566
CHE,2006,Switzerland,59011.03245920162,46.2847785949707,3.66643488210841,132585.43064754535,22.7908746575193,73.5426904603724,67.32,3.994920329794674,12659.877,505.752
CHE,2007,Switzerland,64989.15532560305,47.8155517578125,3.89954897631173,135053.74015156322,22.6951281436756,73.4053228800127,67.615,3.641078891523162,12833.394,467.274
CHE,2016,Switzerland,82153.07454478886,61.1939888000488,3.27134851570326,139096.17766869435,20.5674030103187,76.161248473978,68.663,4.917892636170688,14527.686,714.4559999999999
CHE,2017,Switzerland,82254.37704713356,62.4597206115723,3.13542813657357,139845.25385130185,20.4801330113182,76.3844601625604,68.538,4.79669247997477,14611.068,700.8480000000001
CHE,2018,Switzerland,85217.36915122741,64.3533935546875,3.01065563548045,142685.24569262363,20.4288042478804,76.5605401166391,68.575,4.713335476030293,14719.767,693.792
CHE,2019,Switzerland,84121.93103044144,66.3093414306641,2.53795537735663,143411.16691980584,20.414508555635,77.0475360670083,68.323,4.394091584343478,14766.192,648.84
CHE,2020,Switzerland,85897.7843338323,68.0676422119141,2.50320917505095,140669.81331690788,20.4312811245766,77.0655097003724,67.984,4.81661705623322,14801.322,712.923
CHE,2021,Switzerland,93664.77366961108,71.893928527832,2.37331320981511,148833.52310028873,20.311986281568,77.3147005086169,67.47,5.012571131983062,14866.203,745.179
CHE,2022,Switzerland,94394.51068035244,74.1526794433594,2.3050505706821,152542.945174907,20.2690395919552,77.4259098373627,66.641,4.122372486123886,14869.616999999998,612.981
CHE,2023,Switzerland,100631.80275512472,,1.90581356437486,149788.79654354893,19.8782953136987,78.2158911219265,67.373,4.0429510605552,15157.344,612.804
CHI,2000,Channel Islands,43479.19407676891,,4.14491332314171,,23.8455103983386,72.0095762785197,59.62,5.551,,
CHI,2001,Channel Islands,41873.74061461271,,4.00005710288512,,23.5920569886793,72.4078859084355,59.633,5.232,,
CHI,2002,Channel Islands,44459.73181889767,,3.86878535489923,,23.297990278291,72.8332243668097,59.74,5.507,,
CHI,2003,Channel Islands,48570.77966321663,,3.73773467188475,,23.0914298678464,73.1708354602688,59.785,5.842,,
CHI,2004,Channel Islands,56259.53442263336,,3.61881104273697,,22.8363348952747,73.5448540619884,59.841,6.047,,
CHI,2005,Channel Islands,57647.11889080056,,3.50600390952248,,22.5858698687517,73.9081262217258,60.019,6.028,,
CHI,2006,Channel Islands,62745.10065935568,,3.40098511292926,,22.308530746837,74.2904841402337,59.988,5.762,,
CHI,2007,Channel Islands,74139.97799443004,,3.30205971405684,,22.0377184288061,74.660221857137,60.003,5.414,,
CHI,2016,Channel Islands,55950.14829389894,,2.60385505813802,,19.1296204770699,78.266524464792,59.028,7.715,,
CHI,2017,Channel Islands,55806.570894296594,,2.53099833823341,,18.8930077975201,78.5759938642465,58.976,7.12,,
CHI,2018,Channel Islands,60783.35292575443,,2.4645539522186,,18.5879451985859,78.9475008491955,58.837,6.571,,
CHI,2019,Channel Islands,60568.10834795503,,2.39970143683523,,18.3180941717982,79.2822043913665,58.705,6.408,,
CHI,2020,Channel Islands,56785.94020050392,,2.38002585893075,,18.2669495248735,79.3530246161957,57.861,6.863,,
CHI,2021,Channel Islands,66912.1753241171,,2.35172056026284,,18.2171883105655,79.4310911291717,58.305,6.875,,
CHI,2022,Channel Islands,67627.30844782345,,2.31635244700596,,18.0387320504054,79.6449155025886,58.096,6.147,,
CHI,2023,Channel Islands,74589.13811550135,,2.27632693653542,,17.8422778002873,79.8813952631773,57.442,6.187,,
CHL,2000,Chile,5052.992457663253,35.4313201904297,14.4374848984152,47850.12732540394,23.3935612125789,62.1689538890059,55.909,10.491471788250674,18316.677,1921.689
CHL,2001,Chile,4563.595298668896,,13.6036829556362,49216.24548244964,23.9241451899584,62.4721718544055,55.014,10.39009957433746,18334.242,1904.946
CHL,2002,Chile,4430.847411579841,40.2664985656738,13.4979666527933,50224.31917642232,23.8573849284878,62.6446310552656,54.512,10.16848979432782,18476.49,1878.78
CHL,2003,Chile,4773.401775207537,43.5181999206543,13.5995199162275,50947.53515247555,23.3947661382841,63.0057139454884,55.031,9.765029511321377,18962.892,1851.732
CHL,2004,Chile,6120.59152055344,44.3284606933594,13.068425240475,53264.9558943667,23.2172755282307,63.7142992312943,55.397,10.162024358641013,19395.417,1970.967
CHL,2005,Chile,7480.3233099863555,50.2735595703125,12.5316418754476,54539.6785704059,23.1168728441942,64.3514852803582,55.735,9.340297551791355,19828.212,1852.014
CHL,2006,Chile,9318.656552961203,49.3216896057129,12.0332037818308,55490.60402543894,23.0507068518067,64.9160893663625,56.875,9.023546262967235,20902.68,1886.163
CHL,2007,Chile,10346.413818453251,54.7230491638184,11.5025328582511,56522.23037192869,23.0279307174172,65.4695216057958,57.348,8.426587082294361,21769.098,1834.3920000000005
CHL,2016,Chile,13649.85204528032,88.8458862304688,8.27795635089375,59993.183730546945,22.9930610992576,68.7289825498487,62.155,6.926272337988918,27076.296,1875.378
CHL,2017,Chile,14879.90862271865,89.921989440918,8.17345856497717,59228.26798652079,22.6250361839207,69.2015052511021,62.951,7.257204083610128,27833.901,2019.963
CHL,2018,Chile,15659.480867562766,91.1974792480469,7.99959707205695,60250.571777030746,22.3084861101784,69.6919280102075,63.207,7.622677330298188,28550.874000000003,2176.341
CHL,2019,Chile,14495.716721686991,92.0659713745117,7.75184459874013,59490.61612277287,22.1527114385273,70.0954439627326,63.072,7.493102516221859,29123.664000000004,2182.266
CHL,2020,Chile,13114.815470545014,89.1124877929688,7.18474407910328,64093.56950773877,21.9328822173928,70.8823737035039,56.358,10.934156145679088,26554.779,2903.541
CHL,2021,Chile,16206.832549342109,96.2227935791016,6.54762055002849,68026.39443311356,23.0031626319762,70.4492168179954,57.552,9.28110207209131,27496.713,2551.998
CHL,2022,Chile,15405.616577407298,99.3372802734375,6.32757390687919,65161.274805402194,22.8402488901712,70.8321772029496,60.138,8.24909005685239,29025.165,2394.312
CHL,2023,Chile,17067.036479915365,,6.20836443013518,63928.45625334167,22.1060834969066,71.6855520729582,61.521,9.01291059322102,29969.807999999997,2701.152
CHN,2000,China,969.1995136962868,7.55849981307983,49.9357644361384,7508.082334443294,23.023356315873,27.0408792479886,74.19,3.707081580316592,2008822.8,74468.70000000001
CHN,2001,China,1065.4059757451932,9.22885990142822,49.999999783376,8074.037477653912,22.2999574138844,27.7000426583236,73.878,0.9217151210004872,,
CHN,2002,China,1163.5595767342556,11.7157096862793,49.9999999284355,8738.608211501076,21.4001092305534,28.599890841011,73.563,1.0336680448907265,,
CHN,2003,China,1306.9724540855702,14.391209602356,49.0994899748136,9529.243397157115,21.6000325434869,29.3004774816994,73.246,1.0679339482852983,,
CHN,2004,China,1530.927262157233,16.7798404693604,46.900247591302,10354.5772045455,22.4994614622706,30.6002909464274,72.927,1.0984194448133882,,
CHN,2005,China,1777.644968284641,18.5551490783691,44.8001927772218,11398.79989909441,23.8000187537425,31.3997884690357,72.605,1.1022070415133998,,
CHN,2006,China,2129.256969996132,20.509880065918,42.6004959543781,12705.396450065418,25.199391892894,32.2001121527279,72.28,1.1098735504160386,,
CHN,2007,China,2734.727098776927,21.4464302062988,40.8000422770903,14405.280452647195,26.7999628550146,32.3999948678951,71.954,1.0845278383922856,,
CHN,2016,China,8254.868593203568,49.7083587646484,27.4221255696103,29368.915926719517,29.6478206477479,42.9300536500257,68.88,4.56,,
CHN,2017,China,8979.676527098563,51.5827713012695,26.6835824139394,31434.17170196626,30.006801239174,43.3096163468866,68.35,4.47,,
CHN,2018,China,10085.663814881918,54.0076217651367,25.7514969232104,33601.3928369762,30.4205634780259,43.8279395987636,67.81,4.31,,
CHN,2019,China,10342.90095243346,57.2754402160645,24.7219896417516,35777.21532030474,30.817612985634,44.4603972390753,67.38,4.56,,
CHN,2020,China,10627.463798961868,62.2367782592773,23.5998617642926,37365.92718129419,31.4198867558998,44.9802514798076,65.976,5.0,,
CHN,2021,China,12887.435724294062,67.3876190185547,23.3895439435814,39480.60307945182,31.6571256947649,44.9533303616537,67.11,4.55,,
CHN,2022,China,12970.605641432652,71.9815521240234,22.7576917299572,41490.23188568836,31.6790307356619,45.5632775343809,65.8,4.98,,
CHN,2023,China,12951.178239704272,74.823600769043,22.3337098676163,43341.418538662634,31.8374411581754,45.8288489742083,65.83,4.67,,
CIV,2000,Cote d'Ivoire,936.6365413487983,,52.8554303604895,14387.390064476213,11.7779855495044,35.366584090006,65.474,4.816,,
CIV,2001,Cote d'Ivoire,924.7272949620664,,52.7168429767029,13741.435369942785,11.5092974406946,35.7738595826024,65.625,5.167,,
CIV,2002,Cote d'Ivoire,967.8158644159912,,52.5127761287829,13052.993795216218,11.3341867569013,36.1530210986101,65.776,5.474,,
CIV,2003,Cote d'Ivoire,1111.171350878869,,52.301466203655,12159.369263043192,11.102916121726,36.5956333338344,65.927,5.805,,
CIV,2004,Cote d'Ivoire,1199.8252452854629,,51.4603640570478,12241.45114198978,11.103738428704,37.4358975142483,66.077,5.883,,
CIV,2005,Cote d'Ivoire,1197.746169794149,,50.8468535108219,12068.073313489962,11.0390416096853,38.1141048794928,66.227,5.999,,
CIV,2006,Cote d'Ivoire,1230.4305683858356,,50.3194399934393,12097.556832680586,11.0145509577238,38.6659945083483,66.377,6.009,,
CIV,2007,Cote d'Ivoire,1367.5381772232606,8.78141975402832,49.7429202682539,11956.851465616242,11.0180886163523,39.2389769007063,66.527,6.272,,
CIV,2016,Cote d'Ivoire,1862.5959708128676,9.09276962280273,42.7418774428241,14077.127427535546,12.2742651104529,44.9838676264822,66.829,1.8964208543868468,,
CIV,2017,Cote d'Ivoire,1964.299303383425,9.47000026702881,41.8912690015419,15083.635134021308,12.5149013033328,45.5938296951254,66.121,3.2725310033878485,,
CIV,2018,Cote d'Ivoire,2130.866193811438,,43.9813557842041,15487.575538719797,11.4052758909926,44.6133683248033,65.406,2.85,,
CIV,2019,Cote d'Ivoire,2141.7683617011467,9.91261005401611,45.9449317208762,16182.299641182128,10.4455808367631,43.6094874423607,64.684,2.4007705388872003,,
CIV,2020,Cote d'Ivoire,2179.7293483293465,9.77698040008545,46.2214171929486,15804.107386329366,10.4625706558142,43.3160215945189,65.02,2.584,,
CIV,2021,Cote d'Ivoire,2455.9812762648835,10.2318000793457,46.1667207389111,16085.146930625664,10.4057411257931,43.4275381352958,66.525,2.63,,
CIV,2022,Cote d'Ivoire,2333.371283344773,10.6260900497437,45.6964851925591,16422.85708808486,10.3241007786716,43.9794140287693,67.013,2.310101566692904,,
CIV,2023,Cote d'Ivoire,2554.6730488557646,11.1203804016113,45.231725486872,16998.526894565814,10.3917306062853,44.3765355308393,66.749,2.27,,
CMR,2000,Cameroon,708.5657316259653,4.68230009078979,66.6366668881739,9150.843394901707,9.6419031255949,23.7214299862312,82.008,7.536,,
CMR,2001,Cameroon,715.4702964705854,4.69813013076782,65.8875285665103,9265.246667467183,9.7970473094125,24.3154241240772,81.954,7.459356072680904,,
CMR,2002,Cameroon,789.6238110725543,5.12341976165771,65.0160779420234,9319.52068914398,10.0390999952006,24.944822062776,81.896,6.709,,
CMR,2003,Cameroon,988.2412767918462,5.17119979858398,64.033495956454,9456.440415067078,10.2864439394722,25.6800601040738,81.844,5.908,,
CMR,2004,Cameroon,1133.3932674967289,5.16341018676758,62.9486231323981,9744.012470772406,10.5462240672201,26.5051389091855,81.804,5.091,,
CMR,2005,Cameroon,1142.624662521058,5.95094013214111,62.0001098468307,9606.048996066464,10.7209033160347,27.2789868371347,81.775,21.38160282184901,16533.84,3535.2000000000003
CMR,2006,Cameroon,1191.4545899096834,6.95722007751465,60.9599037857351,9622.51304299992,10.9358799503675,28.1042033374323,81.752,3.729,,
CMR,2007,Cameroon,1325.672482159333,7.42952013015747,59.8273541334664,9681.804536412616,11.1688857954936,29.0037600710401,81.727,3.062678669367795,25358.292,776.6429999999999
CMR,2016,Cameroon,1441.7201725688024,12.45934009552,46.2382310038456,12355.608663518477,14.2208482517792,39.5409207443752,70.219,3.528,,
CMR,2017,Cameroon,1496.089517712422,12.7472696304321,45.5928158144834,12591.406126174244,14.2564104348931,40.1507737506235,69.303,3.568,,
CMR,2018,Cameroon,1610.6964159101708,14.3037796020508,44.9228684062091,12888.228250030936,14.304934286583,40.772197307208,68.383,3.601,,
CMR,2019,Cameroon,1555.2266047647745,14.8440399169922,44.2843785697221,13117.958108933277,14.2983972672178,41.4172241630602,67.447,3.622,,
CMR,2020,Cameroon,1555.6037066074864,15.3162603378296,44.2181217988184,13084.12881462462,14.4257063886087,41.3561718125729,65.915,3.87,,
CMR,2021,Cameroon,1672.3265734087215,16.9050903320312,43.8343080520553,13249.362660842373,14.5296945796904,41.6359973682543,65.315,3.274502501086297,28804.284,943.197
CMR,2022,Cameroon,1604.8772695489472,16.1898593902588,43.9207337795385,13207.219555992251,14.8075024679171,41.2717637525444,65.694,3.653,,
CMR,2023,Cameroon,1736.8609107352422,15.7919597625732,43.4199047884932,13221.31364247012,14.8789936718925,41.7011015396143,65.625,3.613,,
COD,2000,"Congo, Dem. Rep.",377.9254214813948,,74.1681883743695,2325.899863067162,7.58424035525723,18.2475712703732,72.512,3.234,,
COD,2001,"Congo, Dem. Rep.",142.67814260441207,,74.6346150806312,2207.250086673009,7.50789578579644,17.8574891335724,72.523,3.239,,
COD,2002,"Congo, Dem. Rep.",162.38052907429022,,74.2632273413144,2203.744331723334,7.6028425414923,18.1339301171933,72.539,3.17,,
COD,2003,"Congo, Dem. Rep.",161.4915535243958,,73.5219112131972,2259.241936719887,7.78899221442112,18.6890965723817,72.562,3.053,,
COD,2004,"Congo, Dem. Rep.",180.6647649636327,,72.672803038232,2341.1920129817377,8.01374023638774,19.3134567253802,72.578,2.975,,
COD,2005,"Congo, Dem. Rep.",203.56166886074936,,71.870476525729,2409.2971753097954,8.21211233005482,19.9174111442162,72.581,2.947738656426388,,
COD,2006,"Congo, Dem. Rep.",238.4176394155117,4.30008983612061,71.0667250174248,2497.8620167254885,8.10442214342742,20.8288528391477,71.694,3.174,,
COD,2007,"Congo, Dem. Rep.",267.88850879878,4.28283023834229,69.9858788633642,2617.3069794390917,8.07887303296959,21.935252435569,70.789,3.403,,
COD,2016,"Congo, Dem. Rep.",442.3104721102276,6.07901000976562,58.3291226601676,3676.16167173053,9.20390551539426,32.4669683303452,66.014,4.521,,
COD,2017,"Congo, Dem. Rep.",436.58453468738486,,57.7763984022589,3674.535030423143,9.28950151568566,32.9340967149875,65.986,4.601,,
COD,2018,"Congo, Dem. Rep.",528.2560197778985,,56.959064075927,3763.428899100929,9.42052944954407,33.620406474529,65.999,4.618,,
COD,2019,"Congo, Dem. Rep.",557.0441613359174,,56.2668771823987,3810.675460939523,9.50686154482177,34.2262612727795,66.032,4.591,,
COD,2020,"Congo, Dem. Rep.",507.5212300778722,6.66692018508911,56.3354498633355,3943.9346302362983,9.6836602010055,33.9808931515205,63.44,1.4662445749369144,,
COD,2021,"Congo, Dem. Rep.",558.034077296358,,56.1883774664517,3911.4657974507822,9.6548259684436,34.1567965651046,65.774,5.28,,
COD,2022,"Congo, Dem. Rep.",642.612267148918,,55.6216070737393,4106.459834202195,9.68462306454061,34.6937698617201,65.575,4.522,,
COD,2023,"Congo, Dem. Rep.",633.3956616862978,,55.063490404214,4325.131058943975,9.76559565756198,35.170913938224,65.395,4.484,,
COG,2000,"Congo, Rep.",1024.3015910918073,5.25535011291504,43.7787503323156,24024.827127841116,22.8101410629265,33.411108604758,68.336,19.87,,
COG,2001,"Congo, Rep.",854.5983144080948,4.21126985549927,42.8975548864707,23852.578229032515,22.9690031341682,34.1334419793611,68.162,19.877,,
COG,2002,"Congo, Rep.",905.5381355447043,3.76958990097046,42.0639929924138,24289.754441511763,23.0220590786787,34.9139479289075,68.153,19.664,,
COG,2003,"Congo, Rep.",1016.8236341214334,3.80226993560791,41.4469630934506,23831.620697074835,23.1182771162965,35.4346685164818,68.107,19.871,,
COG,2004,"Congo, Rep.",1306.1013632459944,,40.8155282456799,23749.128935159613,23.2895556866258,35.8949160676943,68.013,19.886,,
COG,2005,"Congo, Rep.",1799.0515836615414,,39.9686415883761,24567.917307440763,23.4117209236386,36.6195531004406,67.918,19.795661555253204,,
COG,2006,"Congo, Rep.",2103.5821381210976,,38.956530029677,25401.529707402613,23.7377985374,37.3055906352234,67.828,19.587,,
COG,2007,"Congo, Rep.",2206.4710186341385,,38.3457209631772,22902.078638789822,23.5641114449843,38.0901675918385,67.765,19.894,,
COG,2016,"Congo, Rep.",2093.107285588428,,31.5886252286347,25377.45826033955,24.2161444606651,44.1951695843647,68.208,20.223,,
COG,2017,"Congo, Rep.",2211.633098747971,12.2616300582886,31.5956527697505,23506.69262399985,23.8369550321454,44.5673921981041,68.219,20.611,,
COG,2018,"Congo, Rep.",2694.4341319142677,,31.5473946114028,22426.93370962267,23.4387801176777,45.0138252709194,68.208,20.701,,
COG,2019,"Congo, Rep.",2488.424667249158,,31.0372476581068,22023.733538825527,23.0969044855633,45.86584785633,68.173,20.392,,
COG,2020,"Congo, Rep.",1993.5866719310015,,31.3047623801058,20958.62780278231,23.1540491962878,45.5411884236065,66.877,22.198,,
COG,2021,"Congo, Rep.",2516.1625514543157,,31.182435309903,20410.59521209642,23.1840701915068,45.6334944985902,67.266,21.96,,
COG,2022,"Congo, Rep.",2620.8380430471275,,30.6006955175736,19452.02462940615,23.1708121557149,46.2284923267115,67.971,20.108,,
COG,2023,"Congo, Rep.",2477.9784547709223,10.3542900085449,30.1664454325065,19166.448420389497,23.1636434679673,46.6699110995262,68.007,19.898,,
COL,2000,Colombia,2555.0075103996796,25.5096893310547,20.3008130448097,29797.69901915252,18.3084881043486,61.3906988508418,67.625,20.522613876299474,,
COL,2001,Colombia,2472.9908403583336,26.3812599182129,20.866448161244,27740.06724407482,19.0709911558036,60.0625606829524,67.635,15.040122711115652,54449.835,8189.322
COL,2002,Colombia,2428.9296977158447,26.5130996704102,20.1355213927976,28088.62513053467,19.888767615285,59.9757109919174,66.596,14.481206752317982,54656.253,7914.885
COL,2003,Colombia,2311.9421876029073,,20.6797398677952,27816.121049008783,19.477999123625,59.8422610085798,67.436,13.22093153718485,56204.262,7430.727000000001
COL,2004,Colombia,2818.5719541304416,29.5034599304199,19.912019796151,29179.16643961096,20.2410016189205,59.8469785849286,66.686,13.717453857522472,56826.435,7795.14
COL,2005,Colombia,3456.066108745124,32.253978729248,20.320333699615,29660.71794515443,20.1496747822846,59.52998565071,65.339,11.062403723203904,56573.211,6258.357
COL,2006,Colombia,3789.8536121702714,34.3662109375,19.5045132600774,31357.276075093672,20.2113674679312,60.2841134593802,64.616,11.091,,
COL,2007,Colombia,4769.926147194003,35.4785308837891,18.3785829968944,33197.44448276889,20.2076793173243,61.4137434509999,63.887,11.204176903545402,57193.947,6408.110999999999
COL,2016,Colombia,5959.842503675744,57.1437492370605,16.299959643838,36943.64037763266,19.0505451425421,64.6494997938222,66.418,8.92213459100608,68943.849,6151.262999999999
COL,2017,Colombia,6479.532312924286,58.3960418701172,16.9346002419261,36903.56252549137,19.2377865830599,63.827613175014,66.013,9.08624753345806,69709.437,6333.972
COL,2018,Colombia,6816.968183095439,57.3205413818359,16.9993713864705,37412.4444096565,19.6551598132444,63.3454688002851,65.237,9.35994247225452,70404.984,6589.866
COL,2019,Colombia,6472.545449247049,56.6663017272949,16.1112143953569,38575.05124864637,20.0382790734378,63.8505065312053,64.322,10.280391184295336,71254.701,7325.262
COL,2020,Colombia,5339.687113579434,55.7331085205078,16.6629573050187,38004.1223580052,19.9208573816778,63.4161853133035,63.415,15.983226230490766,70474.31999999999,11264.07
COL,2021,Colombia,6222.621643976142,58.3159217834473,15.9278316950655,39876.78859718636,20.1473264660215,63.924841838913,64.33,13.8982397906446,72267.54000000001,10043.916
COL,2022,Colombia,6680.445068544809,59.2901382446289,14.6717582921949,41331.834908291,20.3249297852952,65.0033119225099,63.159,10.541108586866809,73884.819,7788.279
COL,2023,Colombia,7000.836605010462,,14.4388855774159,40161.95635570099,19.9827005404254,65.5784138821587,63.764,9.591172143993528,75617.817,7252.635
COM,2000,Comoros,655.007796688241,1.49466001987457,58.0622148632224,11371.259292864568,14.2678480209966,27.6699371157809,41.807,4.398,,
COM,2001,Comoros,691.6999087707983,,57.5349653357188,11364.686959154964,14.2372997987235,28.2277348655576,41.716,4.377,,
COM,2002,Comoros,762.116930318449,,56.9634933440904,11361.526735861997,14.2236452870781,28.813701761463,41.651,4.369,,
COM,2003,Comoros,959.7878945048336,3.40087008476257,56.368668605178,11370.46052603834,14.2291122661636,29.4022191286584,41.561,4.559,,
COM,2004,Comoros,1091.2721641242604,,55.7185575794601,11309.084022836749,14.2562016687835,30.0252407517564,41.376,4.571428571428571,427.35,19.536
COM,2005,Comoros,1103.2065849840242,,54.1042272422277,11158.366710811017,14.6661627808328,31.2296099769395,41.682,4.522,,
COM,2006,Comoros,1154.904223497487,,52.4766036841793,10995.618858576956,15.0824794171652,32.4409168986555,41.99,4.473,,
COM,2007,Comoros,1289.7363105636107,4.53015995025635,51.0038132096412,10649.830034575152,15.4342505904784,33.5619361998805,42.297,4.46,,
COM,2016,Comoros,1365.484033531583,,37.5689522283849,11684.896707708418,17.5726800566227,44.8578639544197,46.196,4.104,,
COM,2017,Comoros,1423.924802155514,,36.9968689241932,11816.79874022214,16.9184231728556,46.0847079029511,47.007,4.03,,
COM,2018,Comoros,1540.711323319755,,36.3444795652415,11778.221323451671,16.2835727092922,47.3719477254663,47.786,3.942,,
COM,2019,Comoros,1519.263863261673,,35.8358868839882,11712.69839123705,15.5922537615908,48.571859354421,48.575,3.934,,
COM,2020,Comoros,1527.169909279556,,35.6585471006682,11843.340016816235,15.2899331752533,49.0510885966803,49.033,4.471,,
COM,2021,Comoros,1587.729886014777,,35.2126374962393,11630.012147777965,14.6956640001978,50.0921106316688,50.035,4.393924359525621,816.309,35.867999999999995
COM,2022,Comoros,1533.877553321514,,34.9036436477649,11486.253350913556,14.9506737818879,50.1456825703473,50.549,3.816,,
COM,2023,Comoros,1682.2028509572117,,34.4330766878409,11575.55202615304,14.8467288344888,50.720581574944,50.433,3.776,,
CPV,2000,Cabo Verde,1189.5147934589058,1.58635997772217,29.5541801689879,15301.12634960002,17.8949101549929,52.5516580725795,58.254,13.088,,
CPV,2001,Cabo Verde,1223.3305533157543,1.38704001903534,28.6598691663926,15277.295101630682,18.1792932061543,53.1608376274531,57.988,13.278,,
CPV,2002,Cabo Verde,1328.5787427066589,3.43290996551514,27.6285204991087,15685.556085765478,18.6459893048128,53.7262032085561,57.721,13.397,,
CPV,2003,Cabo Verde,1717.9756536965494,4.14111995697021,26.6935629973382,15969.095052294231,18.9849073957941,54.3215296068676,57.454,13.592,,
CPV,2004,Cabo Verde,1929.490814687812,5.6029200553894,25.6035694639692,17150.992325671075,19.6517463616052,54.7446841744256,57.186,13.465,,
CPV,2005,Cabo Verde,2004.1468041756325,7.11931991577148,24.6169974190038,17914.86100821434,20.2034276159955,55.1795749650006,56.918,13.45,,
CPV,2006,Cabo Verde,2256.9966619107527,8.20090007781982,23.6749758378901,18911.853269654606,20.8449279028586,55.4800962592513,56.649,13.397,,
CPV,2007,Cabo Verde,3324.5767521249763,9.36305046081543,22.5513713843303,21309.841391414568,21.6172308317151,55.8313977839546,56.38,13.323,,
CPV,2016,Cabo Verde,3608.9660523490647,21.0570201873779,14.7276084949215,21192.97814148763,20.0920213212457,65.1803701838328,59.171,12.077,,
CPV,2017,Cabo Verde,3893.095713825062,21.1641502380371,13.6170569789515,22146.96401006068,21.9059055489717,64.4770374720769,59.18,12.241035149326317,696.594,85.27199999999999
CPV,2018,Cabo Verde,4294.965100357294,20.2174491882324,11.8384610669327,24408.240337243267,21.8803113976673,66.2812275354,55.56,12.173014214423407,444.056,54.056
CPV,2019,Cabo Verde,4380.781173311284,,10.6046581711727,25208.26258266382,21.7964310315137,67.5989107973136,57.43,11.289358738456777,232.604,26.259
CPV,2020,Cabo Verde,3539.226612482986,,10.7472906233012,21453.992528761537,21.5321713181971,67.7205380585017,55.0,14.69,,
CPV,2021,Cabo Verde,3971.4440920342254,,10.5667405665155,22342.49851709548,21.6624089850212,67.7708504484633,55.531,13.976,,
CPV,2022,Cabo Verde,4323.313620327087,,10.1659783452162,23955.229029737387,21.5740600896814,68.2599615651024,57.809,12.246,,
CPV,2023,Cabo Verde,4861.291841262292,,9.91510582241555,24896.864503194614,21.6811409613123,68.4042667926641,57.514,11.971,,
CRI,2000,Costa Rica,3812.7538828492393,,16.6354909564048,36422.82954603275,22.3737350744225,60.9907739691727,58.87,5.08,,
CRI,2001,Costa Rica,3985.129845062071,,15.6426153436537,36216.312605516854,23.4186603780761,60.9387242782701,60.231,6.0506138965955945,4892.924999999999,296.052
CRI,2002,Costa Rica,4067.718514290924,,15.9078289318767,36902.08943813676,22.5814369937221,61.5107340744012,59.76,6.395796570981332,5013.621,320.661
CRI,2003,Costa Rica,4173.148564155143,,15.2084515979243,37458.92994421536,22.2879776724556,62.5035707296201,60.04,6.654025356103767,5225.724,347.721
CRI,2004,Costa Rica,4431.011720784304,25.9932804107666,14.8789111113525,38843.471523432025,22.0691636459325,63.0519252427149,58.867,6.444550962912385,5263.563,339.21299999999997
CRI,2005,Costa Rica,4703.007217847779,,15.2494380312727,37995.62633257194,21.6306433214722,63.1199754261111,61.309,6.749188509334525,5667.348,382.5
CRI,2006,Costa Rica,5256.596408591589,,14.0373834894223,39942.43815924169,21.7665116899873,64.1961604342313,60.647,5.926414640869209,5779.329,342.507
CRI,2007,Costa Rica,6137.711999255424,,13.266662748605,41150.81818901621,22.2552257147683,64.4781115366267,61.428,4.557199355207904,6013.101,274.029
CRI,2016,Costa Rica,12091.03016063352,52.1316299438477,14.9320783897327,51317.46775710408,17.9244956373205,67.1434259729468,59.687,8.085194311333568,6765.6630000000005,547.017
CRI,2017,Costa Rica,12317.090277132244,54.4580307006836,15.3685192338493,52359.2626617094,17.8745725026144,66.7569082635362,59.848,7.728752725126483,6887.295,532.302
CRI,2018,Costa Rica,12590.249378162807,52.8686790466309,15.783416670787,51737.97124557009,18.9169291233214,65.2996542058915,62.21,9.010222716109178,7259.420999999999,654.09
CRI,2019,Costa Rica,12884.68599519475,54.7189712524414,15.3081400982321,51683.90071989995,18.0922829697229,66.599576932045,64.263,10.807240339643949,7602.903,821.664
CRI,2020,Costa Rica,12394.0493969354,,16.5464931868167,55315.312030286106,18.075835929562,65.3776708836213,60.621,16.43234733608207,7268.072999999999,1194.315
CRI,2021,Costa Rica,12838.118535900909,,15.2045624426383,57099.0503290252,17.581536394516,67.2138538542327,61.763,15.139248989541128,7502.532,1135.827
CRI,2022,Costa Rica,13625.90084914784,,13.4074615657511,56811.39635120971,18.9690599118673,67.6235235431722,61.491,11.324648190643748,7564.181999999999,856.617
CRI,2023,Costa Rica,16942.02681193038,,13.4119669129384,61815.424436965935,20.2059622515942,66.3821174395882,56.83,8.325217001550964,7081.401,589.542
CSS,2000,Caribbean small states,6477.4574036148015,12.2812404632568,11.54692562405987,45522.453946681955,23.645651044846353,64.80735086354476,61.32566876954536,11.752459622205198,,
CSS,2001,Caribbean small states,6647.814802174901,13.2411699295044,11.315153109818825,45805.86774294492,24.026457653632825,64.65838923611527,61.311402731131864,11.18796506386862,,
CSS,2002,Caribbean small states,6903.257810409764,14.2308702468872,10.445811887389596,47281.551772295286,23.92600802395806,65.6282500156872,61.30370890454447,11.309460364170848,,
CSS,2003,Caribbean small states,7551.242821112075,15.0830297470093,9.899612505316378,49801.33328286188,23.76031160656062,66.34014433003672,61.83910846336791,11.535287934188132,,
CSS,2004,Caribbean small states,8233.769626821595,16.2319793701172,9.344283641802988,50669.77454947554,24.601907103487186,66.0538092535132,62.42329786671677,10.284547490566228,,
CSS,2005,Caribbean small states,9439.49811647557,15.7237901687622,8.993509826783786,52418.2410041248,25.036323758511244,65.97023184935108,62.89522483393175,9.972317388758505,,
CSS,2006,Caribbean small states,10883.216202202932,15.823769569397,9.24783047848579,55455.00786184168,24.705783792521753,66.04632494100649,63.013045074219285,8.681643962707973,,
CSS,2007,Caribbean small states,12135.128601308124,17.1103401184082,8.736141130288287,56846.67038924804,25.02474740918321,66.23917124853469,62.890522828572045,8.18796995695813,,
CSS,2016,Caribbean small states,13297.744349616234,22.4792499542236,7.891352733071096,57049.735429615874,22.37784858118201,69.73074419205334,61.91917405593416,8.498719006497428,,
CSS,2017,Caribbean small states,13637.120720580371,,7.749953509735352,55773.62074344135,22.100130837265,70.14991565455675,61.73293749407575,8.220608870505512,,
CSS,2018,Caribbean small states,13815.326515479846,,7.482785825196626,55601.71822822011,22.3698355009776,70.14737867453928,61.85570072861214,8.42228555555843,,
CSS,2019,Caribbean small states,13938.202320197595,,7.219725189117261,55987.13264649007,21.84367528282771,70.93671211433858,61.15868619407598,8.162114304576805,,
CSS,2020,Caribbean small states,11925.75739500114,,6.720961846646508,55507.90776497372,22.190769390640664,71.08826876396303,58.26618793246871,9.865500419506317,,
CSS,2021,Caribbean small states,13833.30993034638,,6.780901482905795,57847.90508789491,22.658219906399836,70.56087861113417,58.49468165402351,9.53894339285438,,
CSS,2022,Caribbean small states,17355.836657979464,,6.606619445159285,65294.15356953507,22.54116008843787,70.85227278448585,59.00777285886603,8.38855235263485,,
CSS,2023,Caribbean small states,17582.263679687847,,6.461107593171215,71229.62025646701,22.5208225307322,71.0180749700126,58.9284146908997,7.821884021284667,,
CUB,2000,Cuba,2751.381771481403,23.0279693603516,22.6746157500646,,23.0340378474667,54.2913687698902,54.057,5.446555168666616,,
CUB,2001,Cuba,2842.9670431039403,26.1085300445557,21.6564546752827,,20.2067640991688,58.1367812255484,54.069,4.078917307884343,,
CUB,2002,Cuba,3005.2110424786833,27.4472808837891,21.6564730010585,,20.2067832169191,58.1367653795342,53.965,3.3108372685184206,,
CUB,2003,Cuba,3202.781098656367,32.5828590393066,21.6564703003079,,20.2067571136093,58.1367725860827,53.901,2.325305281654606,,
CUB,2004,Cuba,3399.219628934021,52.4897499084473,21.1647461980597,,19.388898565262,59.4463552366783,53.874,1.853940448083536,,
CUB,2005,Cuba,3786.337992252912,60.205940246582,20.2498729116182,,19.1127619606021,60.637385919335,54.005,1.949588904576032,,
CUB,2006,Cuba,4329.982659643831,84.9542770385742,20.0206078577334,,18.1340095080903,61.8453620592385,54.176,1.912523210233134,,
CUB,2007,Cuba,4807.438889606839,105.414001464844,18.7419123343993,,18.0310958240908,63.2269918415099,54.237,1.7876108480135322,,
CUB,2016,Cuba,8110.55873961397,34.4567909240723,18.4117537477096,,16.8445808153936,64.7436654368968,55.019,2.0,,
CUB,2017,Cuba,8610.608295319977,40.4316596984863,18.2250556766583,,16.7284749710796,65.0464693522621,54.908,1.7,,
CUB,2018,Cuba,8911.462059641932,41.5943794250488,17.9947318282711,,16.6470792670977,65.3581889046312,54.72,1.7,,
CUB,2019,Cuba,9232.261159351829,43.9937782287598,17.6874860974292,,16.3126410117894,65.9998728907814,54.402,1.705,,
CUB,2020,Cuba,9605.261250672624,45.9299087524414,17.8970031967734,,16.0457298277042,66.0572669755224,51.417,2.24,,
CUB,2021,Cuba,,51.0785484313965,17.7834685027026,,16.1401679422621,66.0763635550353,51.682,2.116,,
CUB,2022,Cuba,,41.4838562011719,17.3077513911619,,16.0618658014076,66.6303828074305,52.966,1.82,,
CUB,2023,Cuba,,48.9434585571289,17.1022757021035,,15.9999110761695,66.897813221727,52.601,1.719,,
CUW,2000,Curacao,15841.261235994916,,,,,,,,,
CUW,2001,Curacao,16609.84545364854,,,,,,,,,
CUW,2002,Curacao,16723.692525346774,,,,,,,,,
CUW,2003,Curacao,16695.735113775718,,,,,,,,,
CUW,2004,Curacao,16671.340339165494,,,,,,,,,
CUW,2005,Curacao,17032.33566207436,,,,,,,,,
CUW,2006,Curacao,17400.163778018647,,,,,,,,,
CUW,2007,Curacao,18005.716585077247,,,,,,,,,
CUW,2016,Curacao,18944.096149399775,18.3206882476807,,,,,,,,
CUW,2017,Curacao,18938.24404697027,16.5101642608643,,,,,,,,
CUW,2018,Curacao,19119.12439416876,15.8748922348022,,,,,,13.43278263224666,,
CUW,2019,Curacao,19220.686579307476,15.2812013626099,,,,,,,,
CUW,2020,Curacao,16356.09332545412,14.8785667419434,,,,,,19.068965762788828,,
CUW,2021,Curacao,17979.99829093056,15.7453107833862,,,,,,,,
CUW,2022,Curacao,20501.75227822187,15.9008779525757,,,,,,,,
CUW,2023,Curacao,21061.741639091983,,,,,,,,,
CYM,2000,Cayman Islands,,20.8984394073486,,,,,,,,
CYM,2001,Cayman Islands,,21.6446495056152,,,,,,7.543257543257543,,
CYM,2002,Cayman Islands,,19.2410907745361,,,,,,5.365853658536585,,
CYM,2003,Cayman Islands,,19.7879905700684,,,,,,3.607971644486056,,
CYM,2006,Cayman Islands,87085.09373762159,19.3515396118164,,,,,,2.6224311020884894,107.877,2.8289999999999997
CYM,2007,Cayman Islands,89888.26182124621,21.8957691192627,,,,,,3.825271654963563,109.428,4.1850000000000005
CYM,2016,Cayman Islands,77802.25415671869,31.5861320495605,,,,,,,,
CYM,2017,Cayman Islands,80053.94445068909,33.5451774597168,,,,,,,,
CYM,2018,Cayman Islands,83865.55315681841,33.2294616699219,,,,,,,,
CYM,2019,Cayman Islands,88254.29036770435,39.876033782959,,,,,,,,
CYM,2020,Cayman Islands,82338.79828536611,47.5511474609375,,,,,,,,
CYM,2021,Cayman Islands,86438.445257404,48.1794548034668,,,,,,,,
CYM,2022,Cayman Islands,92202.14780315755,44.5445442199707,,,,,,,,
CYM,2023,Cayman Islands,97749.50789608464,,,,,,,,,
CYP,2000,Cyprus,14388.3525390625,19.5623207092285,5.40435210838465,59213.63614610133,23.7698432381236,70.8258046534918,60.361,4.765625506584792,925.314,44.097
CYP,2001,Cyprus,14821.44921875,21.6125202178955,4.83837865572088,58136.86154690084,23.6946483146318,71.4669730296473,61.912,4.043094093938924,967.65,39.123000000000005
CYP,2002,Cyprus,16093.2158203125,25.1022891998291,5.25443304866765,58575.38684883781,23.1816536902164,71.5639132611159,61.833,3.335683629675046,978.6,32.643
CYP,2003,Cyprus,20252.24609375,31.9552307128906,5.18654997696914,58079.66703903645,22.8750889828734,71.9383610401574,63.074,4.152784492989319,1023.795,42.516000000000005
CYP,2004,Cyprus,23792.619140625,36.0204582214355,4.82579333024434,59731.79832729523,23.9909872599712,71.1832194097844,63.283,4.7702095049192526,1064.796,50.793000000000006
CYP,2005,Cyprus,24959.26171875,34.102180480957,4.73864240705226,61539.22150736116,24.0471547597944,71.2140013859567,63.297,5.481066665218229,1104.639,60.54599999999999
CYP,2006,Cyprus,26729.28125,34.3019485473633,4.26087548770639,62248.46139121467,22.6451443416329,73.094174766728,63.3,4.593278181594843,1123.446,51.603
CYP,2007,Cyprus,31244.87890625,36.2316017150879,4.38504653327999,62853.38201980459,22.5193779609113,73.0955755058087,63.823,3.946121100451108,1180.4250000000002,46.581
CYP,2016,Cyprus,24715.154296875,67.1711120605469,3.64348114026952,59362.8600807623,17.0502989714135,79.3060465213042,63.762,13.00555666044468,1252.011,162.83100000000002
CYP,2017,Cyprus,26696.990234375,75.9408111572266,2.52780670279161,60040.69312685336,17.0473161640347,80.4247113209925,64.377,11.15526566452993,1281.861,142.995
CYP,2018,Cyprus,29599.986328125,81.3370819091797,2.16570515679104,60211.59438581417,16.6609555014168,81.1733393417921,65.38,8.503961089796114,1314.411,111.777
CYP,2019,Cyprus,29703.052734375,88.4853286743164,2.41073633860853,61360.356976089606,18.4348211112249,79.154593155298,66.113,7.154481331870915,1345.716,96.279
CYP,2020,Cyprus,28649.015625,92.9377593994141,2.73168467951297,59410.38315487103,19.5112800647287,77.7570352557583,65.734,7.755248186507884,1357.326,105.264
CYP,2021,Cyprus,33734.03515625,96.5377883911133,2.85329641419976,64550.2627717216,17.915479875251,79.2312237105493,66.476,7.5126825255364365,1400.352,105.204
CYP,2022,Cyprus,33894.44921875,98.3045806884766,2.37338223646671,66831.78442890198,17.1567388953077,80.4698788682255,67.624,6.80655130045548,1450.3380000000002,98.718
CYP,2023,Cyprus,36551.41796875,,2.37476071802651,67216.00531198135,16.2564491527543,81.3686512137049,67.898,5.835401685420815,1528.995,89.223
CZE,2000,Czechia,6062.9215284279335,29.7583904266357,5.29722000644931,63908.056217303616,40.2964562719574,54.4063237215933,60.415,8.764018685281505,15558.342,1363.536
CZE,2001,Czechia,6669.0749484749695,32.0267791748047,4.97203836910198,65690.49866771967,40.2539144171352,54.7740683328194,60.01,8.128049237867858,15437.874,1254.798
CZE,2002,Czechia,8101.260185881106,36.8876609802246,4.66197973302943,66130.00366217215,40.1017734956952,55.2362467712753,59.813,7.280508668504614,15417.192,1122.4499999999998
CZE,2003,Czechia,9852.456779458013,39.2078895568848,4.371070404283,68774.74601666842,40.0460603489287,55.5828692467883,59.498,7.777112496100698,15396.987,1197.441
CZE,2004,Czechia,11782.554667611654,45.4242782592773,4.09726759460295,72465.0487271228,40.2329516248033,55.6697807805938,59.229,8.297645749521092,15397.512,1277.631
CZE,2005,Czechia,13442.49162843091,49.1181411743164,3.83845269476557,76155.00143138609,40.3947687974843,55.7667785077502,59.42,7.926952535382487,15522.51,1230.462
CZE,2006,Czechia,15259.078816200416,49.8811302185059,3.60343520716388,80245.87455079534,40.5260387664349,55.8705260264013,59.273,7.141131655100495,15598.074,1113.879
CZE,2007,Czechia,18452.65328121963,54.1809005737305,3.3816441773922,83070.95113475827,40.6374200654725,55.9809357571353,58.775,5.315826671893991,15594.978,829.002
CZE,2016,Czechia,18753.96867180957,67.5056381225586,2.90148540355118,88651.41499775145,38.0713323603149,59.0271822361339,59.821,3.952225999776075,16050.069,634.335
CZE,2017,Czechia,20913.197632212043,67.7142181396484,2.80295938058974,91773.02448149829,38.0577793006004,59.1392613188098,60.073,2.892522790926031,16131.420000000002,466.605
CZE,2018,Czechia,23705.932981129885,66.7902221679688,2.80217926509402,93149.93849303236,37.4975564607749,59.7002452026054,60.373,2.2458498533167655,16246.233,364.866
CZE,2019,Czechia,24062.719001334302,66.8802185058594,2.66376624149157,96427.38357500952,37.2499401801653,60.0863127053886,60.118,2.0153468941293418,16236.51,327.222
CZE,2020,Czechia,23472.891545441667,67.1843719482422,2.61002552360788,92703.33357315176,37.2455185678113,60.1444559085808,59.46,2.550446208022921,16116.474000000002,411.042
CZE,2021,Czechia,27696.461952754424,69.8369293212891,2.54754634020647,98551.08438754638,36.8203064362899,60.6321472235036,59.45,2.8034267622683675,16108.5,451.59
CZE,2022,Czechia,28282.22367158567,70.8145904541016,2.67639142779281,98358.33884383236,36.8949677427218,60.4286408294854,59.865,2.2241342818140875,15860.733,352.764
CZE,2023,Czechia,31591.056821635695,,2.74489137813669,95700.87857659475,35.6895882485904,61.5655203732729,60.43,2.57949849148589,15584.541,402.003
DEU,2000,Germany,23925.85599019911,,2.63752523188634,110967.84862712843,33.5310743242849,63.8314004438288,57.989,7.916738388699364,118338.81,9368.574
DEU,2001,Germany,23878.364147165095,,2.61599185839958,112363.17063566482,32.7815565372497,64.6024516043507,57.899,7.772947913057587,118814.922,9235.422
DEU,2002,Germany,25486.59420087475,,2.48709656948766,112707.46970890892,32.3668178966069,65.1460855339054,57.79,8.482110678168764,118908.057,10085.913
DEU,2003,Germany,30711.102251133085,,2.42462716176162,113213.75586250356,31.37774488982,66.1976306941663,57.846,9.77908229004887,119460.228,11682.114
DEU,2004,Germany,34566.73591437353,,2.35515524595217,116201.01123038094,31.2532097841813,66.3916349698665,57.458,10.726891099116804,119169.309,12783.162
DEU,2005,Germany,35084.43635462689,,2.37341459550327,115789.97582268884,29.8404864503707,67.786098954126,58.332,11.19254709737342,122790.924,13743.432
DEU,2006,Germany,36980.33499489538,,2.26795818403246,117430.2767561482,29.6524872786833,68.0795545372842,58.997,10.276549425278596,124417.326,12785.808
DEU,2007,Germany,42350.92172114887,,2.2585286352828,118490.51083037206,29.8965119027746,67.8449594619427,59.065,8.731521827921105,124792.782,10896.309
DEU,2016,Germany,42961.035690577504,67.9464111328125,1.30827804185967,120645.77058992808,27.3817201800184,71.3100017781219,60.411,4.1043803827869505,129210.831,5303.304
DEU,2017,Germany,45526.599957653285,68.4692306518555,1.27662292263411,122727.06192774978,27.405240069354,71.3181370080118,60.659,3.780693640881642,129906.876,4911.380999999999
DEU,2018,Germany,48874.85950284536,69.1634292602539,1.24953878951843,122961.68426983178,27.3399862183204,71.4104749921611,60.859,3.3842661142764516,130129.749,4403.937
DEU,2019,Germany,47623.865607482854,72.705078125,1.20414805613861,122853.41346231347,27.1821282894814,71.61372365438,61.307,3.1627759271331906,131329.91700000002,4153.671
DEU,2020,Germany,47379.76519454801,72.3894195556641,1.22072117993967,120369.546822349,27.3718221770653,71.407459028269,60.478,3.881279552734425,129701.196,5034.066
DEU,2021,Germany,52265.65416205709,75.6655426025391,1.24615646358489,124673.85758619945,27.5018641500002,71.251981768563,60.395,3.5937532584170095,129184.66199999998,4642.578
DEU,2022,Germany,49686.11545825826,77.3656997680664,1.24023198714586,123843.52594090492,26.8677527420084,71.8920176111622,60.929,3.136739742918212,130974.972,4108.344
DEU,2023,Germany,53940.407344746214,,1.19870655264497,122921.34924719862,26.50471702511,72.296576422245,61.117,3.070843259946005,133286.907,4093.032
DJI,2000,Djibouti,737.6121836440517,0.258850008249283,2.43069541004851,,4.43059033675989,93.1387142531916,34.482,26.664,,
DJI,2001,Djibouti,742.1337911070628,0.657620012760162,2.36370858016919,,4.40459389340071,93.2316975264301,34.336,26.599,,
DJI,2002,Djibouti,743.0132704203476,0.9375,2.28117621105782,,4.40711478597632,93.3117090029658,34.204,26.59,,
DJI,2003,Djibouti,764.634465224597,1.14328002929688,2.20388968595568,,4.42053244061852,93.3747808066316,34.151,26.488,,
DJI,2004,Djibouti,806.2616529449637,1.43962001800537,2.13653761686641,,4.44719834347744,93.415479701324,34.143,26.446,,
DJI,2005,Djibouti,844.4483573908004,2.16054010391235,2.07791606546246,,4.48453329835418,93.4375506361834,34.103,26.452,,
DJI,2006,Djibouti,898.4646281367736,2.4476900100708,2.00383263169013,,4.56218973035776,93.4339776379521,34.001,26.387,,
DJI,2007,Djibouti,969.573220191902,2.72186994552612,1.93481490197232,,4.65723404568252,93.4079510523452,33.859,26.3,,
DJI,2016,Djibouti,2510.430007624096,,1.37133216846418,32676.939845848792,5.51967222992107,93.1089956016147,32.472,25.992,,
DJI,2017,Djibouti,2618.95521147369,,1.32424871508248,33826.01139961125,5.63530225873419,93.0404490261833,32.272,26.064343163538872,335.70000000000005,87.498
DJI,2018,Djibouti,2718.0833879920333,,1.27749847432507,34828.777890990095,5.72723838307518,92.9952631425997,32.068,26.184,,
DJI,2019,Djibouti,2837.169023409324,,1.23425764628609,36123.2666863297,5.84573207299312,92.9200102807208,31.871,26.256,,
DJI,2020,Djibouti,2844.888106478533,,1.24043021778902,37292.3449801374,5.79314121910577,92.9664285631052,31.139,27.713,,
DJI,2021,Djibouti,3025.9112641354923,,1.22429324117614,37860.51361237747,5.92374369724095,92.8519630615829,31.314,27.668,,
DJI,2022,Djibouti,3133.2577977246297,,1.17734962907616,37508.41368667317,5.87927629823344,92.9433740726904,31.954,26.307,,
DJI,2023,Djibouti,3397.5201577958765,,1.14839105628052,39246.791694234125,5.99316582496398,92.8589632234005,32.066,26.154,,
DMA,2000,Dominica,4867.398963237587,,,,,,,,,
DMA,2001,Dominica,5527.515273004963,,,,,,,10.959985645074466,83.595,9.162
DMA,2002,Dominica,5488.027849693565,,,,,,,,,
DMA,2003,Dominica,5447.440114962842,,,,,,,,,
DMA,2004,Dominica,5778.833065465062,,,,,,,,,
DMA,2005,Dominica,5695.224423946745,,,,,,,,,
DMA,2006,Dominica,6055.78109574854,,,,,,,,,
DMA,2007,Dominica,6459.035036896091,,,,,,,,,
DMA,2016,Dominica,8802.561720413629,,,,,,,,,
DMA,2017,Dominica,8224.648965714136,,,,,,,,,
DMA,2018,Dominica,9215.308540564503,,,,,,,,,
DMA,2019,Dominica,9491.149959623735,,,,,,,,,
DMA,2020,Dominica,7827.748426804263,,,,,,,,,
DMA,2021,Dominica,8376.404141411134,,,,,,,,,
DMA,2022,Dominica,9323.66089490562,,,,,,,,,
DMA,2023,Dominica,9912.962127666682,,,,,,,,,
DNK,2000,Denmark,30722.025183756657,58.3664016723633,3.66821885445395,112185.74513775283,25.3380480625821,70.9937696652827,65.757,4.47601939043364,8530.392,381.822
DNK,2001,Denmark,30768.477547111157,61.3673095703125,3.54826150846852,113276.98981083978,25.3913362293556,71.0604022621759,65.421,4.164231665188326,8506.155,354.216
DNK,2002,Denmark,33257.16225865088,64.2234725952148,3.21288343780703,112749.1246828376,23.486351952492,73.300764609701,65.984,4.274003743102192,8588.598,367.077
DNK,2003,Denmark,40519.09749059236,68.1712493896484,3.29493479448351,114746.07993327412,23.14646142385,73.5586037816665,65.768,5.3984312364716525,8576.436,462.99299999999994
DNK,2004,Denmark,46625.05009801095,74.9665069580078,3.27172703671653,116730.31797596966,23.6924508955517,73.0358220677318,66.137,5.204126573894117,8677.998,451.614
DNK,2005,Denmark,48925.80766987841,80.8124618530273,3.18251632289375,118956.22973502937,23.8922205759863,72.92526310112,65.933,4.82990576906852,8676.132,419.049
DNK,2006,Denmark,52119.17879842821,78.5057678222656,3.08832531669902,120998.37748719314,23.3310303686328,73.5806443146682,66.341,3.8970012421458087,8757.426,341.277
DNK,2007,Denmark,58631.656643363545,78.243293762207,2.96382289397701,122165.67437131023,23.5068039283613,73.5293731776617,65.886,3.800981177289225,8743.374,332.334
DNK,2016,Denmark,54500.92604102175,82.1714935302734,2.33415846056554,131030.50941998854,19.0482247718854,78.617616767549,61.744,5.988625596291093,8808.198,527.49
DNK,2017,Denmark,57521.55149922252,81.3220062255859,2.11061021926621,133597.59751555824,18.938216546163,78.9511732345708,61.827,5.833107360391779,8883.806999999999,518.202
DNK,2018,Denmark,61324.76650455651,81.1405487060547,2.1916956243214,134046.3194279582,18.9097623482519,78.8985772450062,61.906,5.131214592894278,8956.359,459.57
DNK,2019,Denmark,59404.266324772296,81.6945877075195,2.22296164038879,134323.5979706112,18.5459723414428,79.2310660181684,62.445,5.017665255294626,9089.028,456.057
DNK,2020,Denmark,60985.48856015139,82.6643295288086,2.11452993125855,132897.8144160072,18.8885890877673,78.9969159318821,62.125,5.64379252274384,9071.028,511.9500000000001
DNK,2021,Denmark,69727.98736770124,83.982292175293,2.04451926418238,139651.18635088857,19.3351524471162,78.6203282887014,62.716,5.064831554850424,9187.887,465.351
DNK,2022,Denmark,68091.31911386686,84.5866088867188,2.11706685887241,137832.2332811295,19.0742806913023,78.8086524498253,63.504,4.433714022190272,9400.065,416.7720000000001
DNK,2023,Denmark,68453.87692811449,,2.02176194757079,140371.5234040142,19.2664507601754,78.7118203189454,63.752,5.093564542188413,9538.389,485.8440000000001
DOM,2000,Dominican Republic,2831.458836380334,,15.6023338795105,30769.49592353761,24.6425149107689,59.7551512097205,58.514,6.432403635858419,9781.569,629.1899999999999
DOM,2001,Dominican Republic,2935.893673126681,,14.3926674911855,31814.064784775182,23.6262167794239,61.9810825361988,57.276,7.261865739325887,9737.952,707.1569999999999
DOM,2002,Dominican Republic,3065.6032952419596,,15.2206434356901,32225.785146948492,21.5516750379144,63.2276815263956,57.568,6.7787267489436225,10030.512,679.941
DOM,2003,Dominican Republic,2383.2617178039336,33.6751098632812,14.264513122438,31708.195160998413,22.2106073307974,63.5249116419512,56.633,6.937692503609137,9976.761,692.1569999999999
DOM,2004,Dominican Republic,2451.691616165686,,14.236007651276,31522.065368161933,23.1616254296067,62.6023980218652,56.853,6.302884314805662,10172.676,641.172
DOM,2005,Dominican Republic,3878.312067352443,,13.6829059259943,34032.377069537775,22.5762086928985,63.7408853811071,56.623,6.586578974470966,10399.101,684.9449999999999
DOM,2006,Dominican Republic,4055.142703473711,,13.6908728200973,35620.27391970532,22.3561467967099,63.9529509643069,57.305,5.654472008938868,10718.136,606.054
DOM,2007,Dominican Republic,4649.645588758138,,12.8538849858528,37379.696414678074,22.4731246147059,64.6729903994413,57.21,5.157671438973252,10943.136,564.4110000000001
DOM,2016,Dominican Republic,7160.442009823075,54.4990005493164,8.92700077835904,46036.8088726596,19.0091654997415,72.0638567230532,62.451,7.283527767820165,13791.792,1004.529
DOM,2017,Dominican Republic,7412.715715715117,59.9155883789062,9.57710401353632,46447.9330254985,19.4213662738447,71.001529712619,62.367,5.831734374429264,13962.21,814.239
DOM,2018,Dominican Republic,7882.982215849437,63.146240234375,9.33004350450701,47946.28532531239,19.5885203194993,71.0814361759936,63.771,5.861282321418202,14465.64,847.8720000000001
DOM,2019,Dominican Republic,8183.016236003749,64.3841323852539,8.77913523557356,48766.98313968272,18.8258092089173,72.3950764237795,65.189,6.355849410866958,14939.325,949.521
DOM,2020,Dominican Republic,7135.222732558986,58.7264099121094,8.95288344586394,47694.874174832,19.4778038830763,71.5693126710597,60.365,6.125920026511729,14031.525,859.56
DOM,2021,Dominican Republic,8527.075485820502,56.4690818786621,8.00881860746573,52123.04598090234,20.2514357009119,71.7397456916224,63.174,7.701760892678784,14810.613,1140.678
DOM,2022,Dominican Republic,10104.244934908073,55.1665306091309,7.77445209065902,52845.47792317407,19.4546146058119,72.7709333035291,63.224,5.503459317861506,14881.113,818.9760000000001
DOM,2023,Dominican Republic,10630.431743829022,,7.38572514526136,52472.02585785755,19.1777612387362,73.4365335052828,64.282,5.55471674821762,15359.109,853.155
DZA,2000,Algeria,1772.928691227614,,22.2719727786057,56081.605545989434,24.7936602739347,52.9343669474595,44.265,29.774410122784335,,
DZA,2001,Algeria,1896.3002087801287,15.4430103302002,21.7154224343732,54378.21289366489,25.0099766000693,53.2745861854093,44.068,27.30281519930565,25705.568999999996,7018.343999999999
DZA,2002,Algeria,1937.4641141301884,17.128870010376,21.7219867673413,54892.7616057683,24.8128770699032,53.4651361627555,43.859,25.9,,
DZA,2003,Algeria,2283.7729934612553,18.3539600372314,21.7220323253738,55512.42456486235,24.680838651513,53.5971290231132,43.653,23.718126488609816,,
DZA,2004,Algeria,2816.9938496055483,18.9953498840332,21.3404796169258,52535.67160828388,26.7845400122657,51.8749803708085,43.495,17.650965925320502,,
DZA,2005,Algeria,3233.1333963421216,20.8293895721436,19.5668569797846,52682.66841271869,27.5410136814192,52.8921293387963,43.344,15.27053339492184,28968.132,4423.647
DZA,2006,Algeria,3660.661047453223,21.5141696929932,17.9728768231453,51250.84518048569,28.1358340014449,53.8912891754098,43.253,12.274069734983794,30328.938,3722.523
DZA,2007,Algeria,4167.451699375306,23.7742099761963,16.3268616958602,52648.983939274694,28.7854475218265,54.8876907823133,43.181,13.789506401730256,29906.718,4123.989
DZA,2016,Algeria,4424.985290275557,44.1052894592285,8.53543450091393,57888.95443110581,31.3808814189587,60.0836840801274,42.326,10.20239570425444,,
DZA,2017,Algeria,4554.667539578281,49.3779106140137,10.1612940156622,59142.79078872705,30.9825147955302,58.8561911888076,42.313,11.995930824008138,,
DZA,2018,Algeria,4577.210291804906,53.1637001037598,10.0122139764997,59311.45505782339,30.7168685656081,59.2709174578922,42.266,12.137,,
DZA,2019,Algeria,4468.453418836562,54.1856307983398,9.72141694406025,59207.384801138614,30.6508752968732,59.6276987615452,42.182,12.259,,
DZA,2020,Algeria,3743.5419522928983,53.6140289306641,9.88376562966031,60380.03056764494,30.681877011901,59.434367017109,39.552,14.057,,
DZA,2021,Algeria,4160.559267369248,54.2099914550781,9.84386082156866,60966.51990823114,30.9064851402032,59.2496540382282,39.852,13.63,,
DZA,2022,Algeria,4961.552576647326,53.4012489318848,9.5358777855429,58903.42307899708,30.7419282255029,59.7222027510029,41.398,12.346,,
DZA,2023,Algeria,5364.027950227306,55.5188903808594,9.33653982540522,60159.090225920925,30.7960610866827,59.867399087912,41.144,11.701,,
EAP,2000,East Asia & Pacific (excluding high income),961.3034342146892,11.3825302124023,49.91498258568188,9182.770691840444,21.273855277131627,28.811161813566052,72.74798619576086,3.4233037928135355,,
EAP,2001,East Asia & Pacific (excluding high income),1014.5272150456954,12.5131502151489,49.55309418177503,9673.226164082498,20.92574770250552,29.52115801048798,72.4955302815062,3.84548126641516,,
EAP,2002,East Asia & Pacific (excluding high income),1114.001780604612,14.2919597625732,49.4268496776048,10315.798232906924,20.316671519940865,30.256478804594543,72.08993489226837,4.158904185825494,,
EAP,2003,East Asia & Pacific (excluding high income),1251.280119008211,16.2384300231934,48.76061913236823,11071.27794819959,20.431513506365924,30.80786705050862,71.78294220472753,4.40610012542102,,
EAP,2004,East Asia & Pacific (excluding high income),1439.9346453530795,18.0059604644775,46.69555760650375,11864.36132536644,21.157335897321143,32.14710649755946,71.54456305126806,4.400817518994975,,
EAP,2005,East Asia & Pacific (excluding high income),1653.6814351164728,19.4104900360107,45.03577941003199,12832.273385232582,22.256057221156254,32.70816296494735,71.16468316738778,4.479853273603275,,
EAP,2006,East Asia & Pacific (excluding high income),1976.6339007010988,20.8178691864014,43.033578689141635,13975.233193868611,23.342464755258774,33.623956455912136,70.88073456618174,4.3734627169185245,,
EAP,2007,East Asia & Pacific (excluding high income),2481.389525779202,21.80592918396,41.47601895220261,15393.48027883846,24.49990283348689,34.02407860785103,70.88094637991198,4.353817008144662,,
EAP,2016,East Asia & Pacific (excluding high income),6683.18386893998,43.7614898681641,29.607781150346597,27796.307364376436,27.065679014096418,43.32653974227863,68.54645856247922,4.034042926525057,,
EAP,2017,East Asia & Pacific (excluding high income),7241.925337951674,44.4950103759766,28.844049517938497,29552.721648866205,27.368715054799356,43.78723551995076,68.06141359186734,3.911714814529645,,
EAP,2018,East Asia & Pacific (excluding high income),8045.944488093007,45.4173812866211,27.905683546832535,31287.032367516316,27.742694144711848,44.35162212405451,67.83401140256603,3.802343783435901,,
EAP,2019,East Asia & Pacific (excluding high income),8286.439675323329,47.524829864502,26.862764560961097,33028.8250549052,28.082277345415392,45.05495800263945,67.529931432627,3.893305530577544,,
EAP,2020,East Asia & Pacific (excluding high income),8391.368384326883,50.8636512756348,26.108388959091737,33922.82835205392,28.506205679068568,45.3854055492562,66.1159646551135,4.36073968094378,,
EAP,2021,East Asia & Pacific (excluding high income),9974.636400015988,54.4138488769531,25.62208424499516,35715.904537289716,28.886214630652653,45.49170112313678,66.6217499202816,4.1224859165702705,,
EAP,2022,East Asia & Pacific (excluding high income),10106.872519401224,57.8571815490723,25.38341634004389,37091.03897181326,28.643301502372903,45.973281973341216,66.16542064199372,4.223298385474771,,
EAP,2023,East Asia & Pacific (excluding high income),10125.766806564285,60.4763793945312,24.953817785024555,38610.60412722518,28.79863635018446,46.247545864790936,66.14838059063834,3.972396588958137,,
EAR,2000,Early-demographic dividend,1346.075445512744,13.2647895812988,49.025600647512405,17021.329710792586,17.53585620860546,33.43854313893251,59.4910037372134,7.114722496540151,,
EAR,2001,Early-demographic dividend,1311.026087076821,13.875880241394,48.30823141885945,16980.120477558055,17.831948465137067,33.85981989429974,59.26468122570288,7.20100761030258,,
EAR,2002,Early-demographic dividend,1251.115338157522,14.2842903137207,47.5967459996999,17110.975249495677,18.04866364662982,34.35459111713779,58.95056983215844,7.446631972956691,,
EAR,2003,Early-demographic dividend,1368.1968555592618,14.7668600082397,47.024110634457735,17639.14302784313,18.25833567927376,34.71755347312392,58.85150290346175,7.338578223671709,,
EAR,2004,Early-demographic dividend,1562.6495173847873,15.2091302871704,45.899784939607414,18312.724298874746,18.685610639331863,35.41460411172868,58.816262123316534,7.220759258071522,,
EAR,2005,Early-demographic dividend,1787.5834527410366,15.5202198028564,45.16364616048559,19035.202467478623,19.089693796384093,35.74666025150457,58.6497469261545,7.1318987736906445,,
EAR,2006,Early-demographic dividend,2010.206559788176,16.3332901000977,44.308715558350336,19879.21512771973,19.414081792463353,36.2772028460848,58.222469682556714,6.906909717560362,,
EAR,2007,Early-demographic dividend,2341.3363437985868,17.6443099975586,43.55361869880743,20681.99287374854,19.8430805194987,36.60330087812273,57.97502302717719,6.841708206075277,,
EAR,2016,Early-demographic dividend,3269.9843281762073,30.1273899078369,36.00681470799466,26688.199440421296,22.665781572935053,41.32740431062657,55.79638166677085,6.759151988169225,,
EAR,2017,Early-demographic dividend,3505.106215015615,30.693639755249,35.239820337158676,27559.40562738999,22.78601482860287,41.97416450216762,55.69626351294274,6.745125146603227,,
EAR,2018,Early-demographic dividend,3515.766216705831,31.0594902038574,34.277769391354035,28305.64974719058,22.92354356025523,42.79868721728763,55.62709099855952,6.79972998966452,,
EAR,2019,Early-demographic dividend,3543.323907036051,31.9325103759766,33.78533280724667,28488.4420770433,22.7813563936517,43.433311199332834,55.561584619395006,6.3347113042357845,,
EAR,2020,Early-demographic dividend,3250.749747343873,32.6585388183594,35.75671991861425,27877.024304964543,22.12055116117144,42.12272891782579,54.21132759552998,7.410809782099925,,
EAR,2021,Early-demographic dividend,3765.510797867125,33.8047714233398,35.11005901650467,28875.43725131556,22.61134092792322,42.27860028987859,54.96857646846306,6.786333958603793,,
EAR,2022,Early-demographic dividend,4113.000848523219,34.6345100402832,34.19299687610956,29339.910739898707,23.30065183745082,42.50635113263587,55.88921266390907,5.714150890652272,,
EAR,2023,Early-demographic dividend,4322.182793733465,36.0276985168457,34.24866573873413,29960.703918149804,22.894599697779466,42.85673455875968,56.39114936107318,5.260029505480564,,
EAS,2000,East Asia & Pacific,4092.5797350059006,15.5613098144531,45.21550294889642,16329.397794724016,22.225027819534468,32.55946856190888,71.37253585694275,3.5542082863415354,,
EAS,2001,East Asia & Pacific,3773.327776914405,16.5789108276367,44.902539672111374,16782.28999331988,21.824193037430675,33.27326719595484,71.13919499093495,3.956743035232312,,
EAS,2002,East Asia & Pacific,3802.586503117169,18.2724494934082,44.804010846897334,17480.072473605393,21.21041021482689,33.985578846983024,70.75877144310817,4.2560017470639675,,
EAS,2003,East Asia & Pacific,4150.186389620947,20.0976390838623,44.226657240049185,18278.607502217354,21.294611041750464,34.47873153681895,70.45824549138196,4.469945707137918,,
EAS,2004,East Asia & Pacific,4619.994862053678,21.7480392456055,42.369276294021795,19195.29686923997,21.88338486217224,35.74733857642318,70.25856958272828,4.42042962261375,,
EAS,2005,East Asia & Pacific,4893.121378783505,23.0477294921875,40.86325707672626,20229.17528694179,22.82538883799541,36.31135380919042,69.94488439722207,4.465383039586691,,
EAS,2006,East Asia & Pacific,5150.196822857757,24.3443698883057,39.053446800490576,21411.44708566049,23.788075606218396,37.15847741477312,69.7109222449632,4.341899718371308,,
EAS,2007,East Asia & Pacific,5716.348972396796,25.266429901123,37.6510099919551,22871.453289374276,24.795696306783544,37.55329387736618,69.71957320983,4.294623913673797,,
EAS,2016,East Asia & Pacific,9928.671499274771,46.5854110717773,26.906715692622655,34840.72798202586,26.831985214285982,46.26129909370704,67.71707744148517,3.995805158396418,,
EAS,2017,East Asia & Pacific,10526.677169576104,47.1814498901367,26.194133355610955,36606.28925492419,27.095821135112455,46.710045673821554,67.33053885739133,3.865650241748779,,
EAS,2018,East Asia & Pacific,11394.480900174143,47.9913787841797,25.33509230398762,38253.74449206937,27.409393464983715,47.25551414809211,67.19461349965569,3.744974769102249,,
EAS,2019,East Asia & Pacific,11578.274829809128,50.0174789428711,24.37749424791141,39836.466577750216,27.669482248278168,47.95302325875468,66.9694035058274,3.8147210003949934,,
EAS,2020,East Asia & Pacific,11595.294092355887,53.1299018859863,23.683396595566737,40515.04408680608,28.039392894595853,48.277210760441946,65.68211387199446,4.289700498922305,,
EAS,2021,East Asia & Pacific,13282.763669975766,56.4865608215332,23.267760758254283,42398.63385433168,28.365734408185677,48.36650466789872,66.16491352429682,4.054342452526572,,
EAS,2022,East Asia & Pacific,13084.284809090934,59.6753692626953,23.02425657767914,43756.56312587512,28.115892778746687,48.85985080685592,65.82029485661147,4.089531227690359,,
EAS,2023,East Asia & Pacific,13117.909544579965,62.0906715393066,22.62747762406944,45201.2035622003,28.252398232613555,49.120124307120726,65.84008413293022,3.8577116549310295,,
ECA,2000,Europe & Central Asia (excluding high income),1788.709021965121,29.8125591278076,32.045747124348836,27099.398112573665,22.09534007997808,45.858916039651014,57.31915388385623,10.748448327483224,,
ECA,2001,Europe & Central Asia (excluding high income),1527.604738011967,31.1226997375488,32.069729830086374,27359.201563490537,21.773597958135426,46.156667433397374,57.102166576517256,10.639959792301418,,
ECA,2002,Europe & Central Asia (excluding high income),1769.5364953376352,32.6971282958984,30.991155821087904,28856.006903216472,21.92791065210131,47.08093705576882,56.814882265139765,10.69031287409594,,
ECA,2003,Europe & Central Asia (excluding high income),2246.157931866531,35.1379318237305,30.17283439872371,30709.84865944496,22.08997662813812,47.737187776906495,56.26045246684312,10.27821863423223,,
ECA,2004,Europe & Central Asia (excluding high income),2877.7671587306027,36.5373191833496,28.31484543358353,33856.27002606857,22.909988092710673,48.775170342447865,55.32440028767991,10.106239881230772,,
ECA,2005,Europe & Central Asia (excluding high income),3567.784737943497,38.2656211853027,27.040897327431992,35982.6251661237,23.434686417035184,49.524422187363626,55.141487543640615,9.57056994537054,,
ECA,2006,Europe & Central Asia (excluding high income),4130.927579199053,40.7956199645996,25.835171459138387,38575.44252771113,23.884639666770273,50.28018562502686,54.89319061319326,9.083026743918598,,
ECA,2007,Europe & Central Asia (excluding high income),5189.134024367319,42.0001106262207,25.088702615340335,41043.483464368524,24.1906283194508,50.720672320969754,54.839803257304055,8.550210460520958,,
ECA,2016,Europe & Central Asia (excluding high income),5977.685509333879,63.3695793151855,20.89783920707884,47802.77186138304,24.35291693725363,54.74924180976437,56.578005015131055,9.092405672156248,,
ECA,2017,Europe & Central Asia (excluding high income),6112.702769915748,67.2054290771484,20.56756039540625,49683.22248350282,24.32843246947506,55.10401219812148,56.76024155734519,8.991502813790392,,
ECA,2018,Europe & Central Asia (excluding high income),5952.250029906104,70.0168380737305,19.819942437616447,50776.20667022714,24.5551640906567,55.62489141984885,56.83996217113526,8.661131657451925,,
ECA,2019,Europe & Central Asia (excluding high income),6020.636701548353,72.7356185913086,19.23699729277175,52034.31863206325,24.366078560954644,56.39692400086651,56.72912944653695,9.164450303010447,,
ECA,2020,Europe & Central Asia (excluding high income),5733.417618684361,75.1777114868164,19.11499656899758,53194.319149883275,24.61341591288743,56.27158432685365,54.99491420182067,9.316387245182232,,
ECA,2021,Europe & Central Asia (excluding high income),6623.351376985361,78.705436706543,19.142311983329435,56360.18022266386,25.294005892592377,55.56368519441712,55.62577365471195,9.010554342732746,,
ECA,2022,Europe & Central Asia (excluding high income),7247.609812212361,81.7376937866211,19.34378602874575,60650.03603263047,25.421368407663703,55.23484675035983,56.78853049744449,7.815804014621522,,
ECA,2023,Europe & Central Asia (excluding high income),8571.410186616404,83.7001571655273,18.636524545547154,62814.62866466161,25.500222836799832,55.86324756365526,56.748670352708125,7.33312751129511,,
ECS,2000,Europe & Central Asia,11645.268898935752,44.8470001220703,14.29433265585239,71775.33292827298,27.62654565220695,58.079122143487005,57.42150511460725,9.689920080609417,,
ECS,2001,Europe & Central Asia,11749.67361171501,47.3358688354492,13.718857121398324,73092.04143531411,27.569093189449895,58.71204998564224,57.07083290704361,9.059740098197578,,
ECS,2002,Europe & Central Asia,12843.468110466238,49.982250213623,13.094821789178638,74022.33962884512,27.370675484123677,59.5345048966235,57.1647748052615,9.077116331464444,,
ECS,2003,Europe & Central Asia,15575.979398734631,52.5842514038086,12.709543465860424,75518.3669829233,27.08083867579268,60.20961758814792,57.09508782961082,9.110023657894525,,
ECS,2004,Europe & Central Asia,18102.986610105545,53.8815116882324,11.81525688376071,78061.13649046025,27.043384724964255,61.14135871822585,57.00859017842599,9.048836930165509,,
ECS,2005,Europe & Central Asia,19215.6623067218,55.6286888122559,11.488065535597244,79577.21226856198,26.87388323547624,61.63805256109646,57.19870484895165,8.719151292171894,,
ECS,2006,Europe & Central Asia,20751.087320163944,57.2156982421875,10.973193205758497,82108.1993194266,26.871215398379697,62.15559093277571,57.31995030289666,8.152849578736701,,
ECS,2007,Europe & Central Asia,24175.0503054007,58.3857116699219,10.43953947463326,84238.19057246424,26.960897626665865,62.59956465553984,57.47446381119598,7.23096763684341,,
ECS,2016,Europe & Central Asia,22496.77585009121,69.0149078369141,8.623565393241602,88946.76857902751,24.547812662327292,66.82862121404663,58.29112104258324,8.091535647430064,,
ECS,2017,Europe & Central Asia,23780.616794913345,70.6752090454102,8.342354065942775,90649.5972641037,24.565531248540463,67.09211688170784,58.36399938491334,7.498619371829794,,
ECS,2018,Europe & Central Asia,25362.675811457924,72.2236633300781,8.069897219600353,91809.35099210082,24.58115859625962,67.34894321889878,58.429750193537345,6.898466519394116,,
ECS,2019,Europe & Central Asia,24975.41664314364,73.8953475952148,7.825190822476116,93282.42453434716,24.494318802428307,67.6804910693583,58.323515142020746,6.6450735805812045,,
ECS,2020,Europe & Central Asia,24121.47910357668,75.4546203613281,7.775674597585491,90393.9545069679,24.478337733592205,67.7459891357527,57.467126576587575,7.11300236808992,,
ECS,2021,Europe & Central Asia,27591.41087869772,78.5339889526367,7.709356164845019,95338.2112785646,24.573999454007588,67.71664438448161,57.938073666222245,6.910928565779902,,
ECS,2022,Europe & Central Asia,27782.86162062228,80.6110534667969,7.159365339586766,98736.93433663964,24.37603668187175,68.4645979739862,58.55626748164655,5.859394447579234,,
ECS,2023,Europe & Central Asia,29835.718052365413,81.2428283691406,6.914362547736965,99324.08916040996,24.24879739372562,68.83683926395025,58.59043293894118,5.5863525353546555,,
ECU,2000,Ecuador,1382.2342175990902,,28.0836041481821,23529.589443799687,23.2669902579347,48.6494055938831,63.449,4.799540378813438,16041.036,769.896
ECU,2001,Ecuador,1791.303596850374,,29.0750076456729,23593.097147255743,19.8585229920054,51.0664693623217,64.083,4.251650986233316,17689.881,752.1120000000001
ECU,2002,Ecuador,2059.1585535974045,,28.5195464142205,24103.88386133402,21.7481478959038,49.7323056898757,64.711,4.836,,
ECU,2003,Ecuador,2315.622152230139,,29.9017078882226,24204.773875947245,18.6591967714572,51.4390953403202,65.335,5.6623094061810635,16860.594,954.699
ECU,2004,Ecuador,2586.2091466334664,,30.5654447465157,24287.25337287417,18.0195299574271,51.4150426387537,67.468,5.001778109511264,17749.188,887.7750000000001
ECU,2005,Ecuador,2909.0260601438827,,30.5149967566249,24862.69459126566,17.6160662534529,51.8689369899222,66.977,3.7785184820930335,18241.197,689.247
ECU,2006,Ecuador,3243.6701035933856,,29.6203638090527,24910.98474190387,18.5988688246461,51.7807673663011,67.949,3.549683013969297,18839.316,668.736
ECU,2007,Ecuador,3478.9248877067143,,28.4873355578556,25121.269672971863,18.6352610569565,52.877403385188,66.767,3.1422448583796116,18639.795,585.708
ECU,2016,Ecuador,5917.63771271481,,26.9419280248577,29435.04600924404,18.6248098027829,54.4332490462574,67.669,4.596985054309366,23527.986,1081.578
ECU,2017,Ecuador,6233.322447977176,,27.6938545303327,30027.43086455808,18.5525968133834,53.7535612922612,68.154,3.8362390422224153,24228.339,929.457
ECU,2018,Ecuador,6303.918866583376,47.3311805725098,28.8247104122929,30166.00457333696,18.5264271906597,52.6488623970474,66.661,3.529624341525247,24190.563,853.836
ECU,2019,Ecuador,6205.057652467664,47.2627792358398,29.7419391598716,29791.517774673808,17.2140849641224,53.0439758760059,66.179,3.8120941990909327,24493.23,933.705
ECU,2020,Ecuador,5463.645153485981,56.9066314697266,31.8163511825356,30044.456519342137,15.8680736592727,52.3155889223695,59.926,6.115642807040584,22569.549,1380.273
ECU,2021,Ecuador,6061.323501817112,,32.2703707435044,29416.3436965381,16.7482406981588,50.9813762421771,64.99,4.503534387608492,24970.521,1124.556
ECU,2022,Ecuador,6515.585284183364,59.8797798156738,31.5261961027935,30454.819587795588,17.3142037662148,51.1596001309917,64.985,3.713047201011981,25394.964,942.927
ECU,2023,Ecuador,6737.847483796376,,29.9978166079384,30735.591666221364,17.4667074423874,52.5354878677532,64.489,3.5097219079111905,25213.878,884.9369999999999
EGY,2000,"Egypt, Arab Rep.",1366.0927437261348,,29.6328158104619,37623.06755339124,21.2973524350146,49.0698317545234,46.222,8.983604128860225,,
EGY,2001,"Egypt, Arab Rep.",1295.137418416295,28.1952991485596,28.5450603916221,39033.75620887777,21.2672279214151,50.1877116869628,44.93,9.260894406066589,57759.0,5349.0
EGY,2002,"Egypt, Arab Rep.",1116.8288462621283,29.316650390625,27.5208895367805,40732.78513279357,20.5664559532296,51.9126492427685,43.19,10.01467060526159,60529.2,6061.799999999999
EGY,2003,"Egypt, Arab Rep.",1031.2755629128364,26.3915996551514,29.8684636572577,40387.07584096403,19.75260794783,50.3789233340314,44.129,10.905772413121774,,
EGY,2004,"Egypt, Arab Rep.",991.2556891452524,27.6763496398926,31.8349647530511,39772.26422779748,19.9568279637205,48.2082072832283,45.073,10.324884654562888,,
EGY,2005,"Egypt, Arab Rep.",1105.5392071390345,28.7957496643066,30.9391017484643,39964.90212132135,21.5123577120307,47.548540539505,46.02,11.243323115328844,,
EGY,2006,"Egypt, Arab Rep.",1298.9790020312446,28.7297592163086,31.2325947806289,40578.21232846547,22.0976975854814,46.6697032575577,46.97,10.491082009316596,69617.70000000001,7303.5
EGY,2007,"Egypt, Arab Rep.",1547.7417073590857,29.175989151001,31.7572272841169,40881.437710120146,22.1646004030064,46.0781764300606,47.93,8.804415506228635,72752.70000000001,6405.599999999999
EGY,2016,"Egypt, Arab Rep.",3270.628776819699,31.9304790496826,25.5738265025793,51041.08957500577,25.5026400445409,48.9235334528798,46.63,12.450327898513471,86800.485,10806.945
EGY,2017,"Egypt, Arab Rep.",2395.1033329949128,33.1621017456055,25.0617909282729,53638.50560461353,26.5571898781362,48.3810191935909,44.95,11.766877258485636,88423.188,10404.648
EGY,2018,"Egypt, Arab Rep.",2484.7031563050828,36.7171516418457,21.6811981495306,56226.18227819298,26.8593625105772,51.4594356677138,43.299,9.855344295929472,86597.553,8534.487000000001
EGY,2019,"Egypt, Arab Rep.",2962.9889202300265,,21.1580273457305,58321.52827183624,28.6055618887601,50.2364107655094,42.199,7.851030887668189,85044.717,6676.887
EGY,2020,"Egypt, Arab Rep.",3511.1138102637947,40.012939453125,20.3791289327553,60087.88611871309,28.4964378187065,51.1244296580097,41.616,7.974068980803906,85537.70999999999,6820.836
EGY,2021,"Egypt, Arab Rep.",3827.354153743081,,19.2891689085869,58608.201234244814,28.3550865344657,52.3557445569474,42.987,7.440891842970188,88292.76299999999,6569.768999999999
EGY,2022,"Egypt, Arab Rep.",4233.307837448563,37.8184509277344,18.9342371029176,61385.284525209216,28.6423949338706,52.4233679632118,42.837,7.344422283648046,90581.883,6652.716
EGY,2023,"Egypt, Arab Rep.",3456.7896845625296,39.3823089599609,18.6939459811554,62257.08937116342,28.6035502738907,52.7025004884014,42.821,6.753133166217822,96151.458,6493.235999999999
EMU,2000,Euro area,20039.400265663782,52.0437202453613,5.371904217161434,108989.6069102903,29.98706389861516,64.64102967704363,55.28480604215082,9.47224221882325,,
EMU,2001,Euro area,20289.65052757126,53.8057289123535,5.227073964188731,109989.62325340582,29.74278231834479,65.03014659545543,55.094150821677275,8.41873260562831,,
EMU,2002,Euro area,22047.279566028617,55.4453506469727,5.074382210810137,110019.8141602023,29.370594621122713,65.55502602270381,55.43379082111085,8.679891670752149,,
EMU,2003,Euro area,27010.5876151852,57.4684410095215,5.0033769386175555,109827.75969878367,28.730374317008028,66.26624945814424,55.80031563333683,9.020840534396202,,
EMU,2004,Euro area,30803.28609986179,59.3797798156738,4.671845981015709,111641.55811902769,28.45110617839354,66.877047830518,55.92834221514872,9.289857621309627,,
EMU,2005,Euro area,31781.66188327055,60.7887916564941,4.582299871630839,112006.37479344326,27.8987334164925,67.51896602113361,56.27671037612568,9.149557434027706,,
EMU,2006,Euro area,33646.2501787992,61.7541198730469,4.437681391278778,113528.3096589712,27.73547650128187,67.82684346705727,56.57564707624953,8.429085408088715,,
EMU,2007,Euro area,38544.248490377904,62.0060195922852,4.207032772363161,114886.83195700387,27.62802694322495,68.16494294385268,56.68000631318521,7.536789651739412,,
EMU,2016,Euro area,35232.26956612649,72.2406692504883,3.249584018380685,119111.89918193498,23.527314640075108,73.2231020053281,56.75908027159095,10.033463178174014,,
EMU,2017,Euro area,37237.53635545517,73.6465225219727,3.1410211381200432,120395.1551659539,23.563520571761327,73.29546092791715,56.85100809821317,9.069845299427842,,
EMU,2018,Euro area,40096.71220515596,74.7990875244141,3.040126791532875,120705.55807073342,23.560359820898007,73.39951209276592,56.92354803298102,8.158556294489586,,
EMU,2019,Euro area,39212.51114979751,76.031852722168,2.984535390614083,121305.61498457089,23.475892053558525,73.5395731953809,57.001077039143354,7.519361422542613,,
EMU,2020,Euro area,38234.53358892847,76.9386901855469,2.935924989080416,115600.11347592207,23.49282374985358,73.57125454100613,56.144245743322365,7.829555597005183,,
EMU,2021,Euro area,42967.25516564343,79.9529266357422,2.963384810570416,121492.89998709007,23.230489334213992,73.80612520311072,56.65713030665274,7.7223522890732275,,
EMU,2022,Euro area,41446.432282756934,81.752082824707,2.8482407374098915,122640.39272689247,23.02463926512595,74.12711934617876,57.204642709114694,6.749181604551908,,
EMU,2023,Euro area,45068.70109303974,81.8062133789062,2.7612111216353155,121820.89304188611,22.845839001769455,74.39294927787591,57.38882293544604,6.557963146412635,,
ERI,2000,Eritrea,314.3573967535008,1.86452996730804,66.8255568109839,,7.74142742197798,25.4330157670382,80.463,5.608,,
ERI,2001,Eritrea,325.40916151359266,2.45797991752625,65.8641552511416,,8.00757575757576,26.1282689912827,80.285,5.678,,
ERI,2002,Eritrea,304.77575646509234,2.28929996490479,65.5219146912824,,8.12130626795521,26.3566794624764,80.093,5.708,,
ERI,2003,Eritrea,348.95032707774243,,65.9343586527145,,8.07934921627488,25.9862921310107,79.907,5.679,,
ERI,2004,Eritrea,426.8409478870323,1.76379001140594,65.8193755489583,,8.21326902390161,25.96735542714,79.706,5.569,,
ERI,2005,Eritrea,412.7530791994235,,65.5865036529261,,8.33287370812486,26.0806226389491,79.671,5.579,,
ERI,2006,Eritrea,447.9974047272008,,65.5222751238659,,8.41735020350625,26.0603746726279,79.74,5.566,,
ERI,2007,Eritrea,480.4476236545604,,65.2149265250785,,8.4980243903272,26.286963708204,79.75,5.575,,
ERI,2016,Eritrea,,3.00972008705139,63.0407965132505,,8.717616041898,28.2415874448515,78.818,5.554,,
ERI,2017,Eritrea,,,64.040947729725,,8.52095901187196,27.438093258403,78.792,5.577,,
ERI,2018,Eritrea,,,62.3580739319998,,8.78053610130871,28.8613899666915,78.414,5.511,,
ERI,2019,Eritrea,,,61.6762543399823,,8.87611477976717,29.4475599655071,78.087,5.552,,
ERI,2020,Eritrea,,,61.8914559413961,,8.91195322955554,29.196520391632,77.07,6.088,,
ERI,2021,Eritrea,,,61.7758175679494,,8.98489015010447,29.2392922819461,77.588,6.177,,
ERI,2022,Eritrea,,,61.2711370644112,,8.99890673178268,29.7299562038061,78.141,5.695,,
ERI,2023,Eritrea,,,60.8626404510475,,9.06073570854295,30.0765601834847,78.184,5.586,,
ESP,2000,Spain,14743.267103145476,58.4075393676758,6.68826132808109,102839.02845750315,30.8266249861375,62.4851136857814,52.89,13.78522933727132,53726.91900000001,7406.379000000001
ESP,2001,Spain,15368.233798443476,61.0042190551758,6.5559228819728,103432.48793382908,31.4590277479535,61.9850554532035,52.094,10.347932048105724,53795.76299999999,5566.749
ESP,2002,Spain,17111.068505894054,63.7400817871094,6.00269341865785,102541.14211338936,31.0388453672646,62.9584612140775,53.661,11.146068006399926,56610.67199999999,6309.864
ESP,2003,Spain,21522.01709902615,65.5322113037109,5.70489451412782,101594.9380998706,30.7140279924269,63.5810774934452,54.819,11.283378689015828,58917.645,6647.901
ESP,2004,Spain,24925.02678445755,67.4735717773438,5.48544356549845,101033.37396386523,30.2069804678419,64.3075759666596,55.73,11.090239773071774,60799.488,6742.809
ESP,2005,Spain,26450.953013038234,68.1358337402344,5.29940740233492,98615.26377827364,29.569894936777,65.1306976608881,56.881,9.146302582986731,63421.46400000001,5800.719
ESP,2006,Spain,28421.686527407033,68.9646224975586,4.80523378571761,98510.03267673508,29.4034975636916,65.7912686505908,57.835,8.452315048659969,65338.821,5522.643
ESP,2007,Spain,32652.01559470198,69.2297668457031,4.51601342377278,99084.30015252306,29.1098386747453,66.3741527068762,58.335,8.232343951918935,67276.38,5538.423000000001
ESP,2016,Spain,26755.606114939812,89.8067779541016,4.22291325335532,111018.7565016874,19.6063089932208,76.1707831190353,58.325,19.63540049526074,68465.754,13443.525
ESP,2017,Spain,28381.342559690624,91.8877410888672,4.3536127064572,111039.89401692065,20.057940222031,75.5884522846825,58.047,17.223560169434844,68225.163,11750.802
ESP,2018,Spain,30602.42128811132,92.1748886108398,4.20409860562387,111147.6404562115,20.333708548559,75.4621928458171,57.634,15.25470109544464,68420.436,10437.333
ESP,2019,Spain,29786.5245689007,91.020263671875,4.03053116504884,110743.2119606846,20.4301598255373,75.5393090094138,57.626,14.104457557342585,69080.076,9743.37
ESP,2020,Spain,27233.942646160765,90.9548492431641,3.98525116322671,101656.79452389874,20.5303286578845,75.4844201788888,56.401,15.532076501537569,68198.943,10592.712
ESP,2021,Spain,30799.477593777483,94.5903778076172,4.05954077319065,105019.2622720322,20.1879467752932,75.7525124515161,57.434,14.913974996641988,69929.727,10429.302
ESP,2022,Spain,30270.268701745812,94.5131072998047,3.7998159320994,107370.12414412443,20.0694308933308,76.1307531745697,57.743,13.032691816966052,70880.031,9237.576
ESP,2023,Spain,33509.01279821385,,3.62236443804078,107700.83423002069,19.8873589179041,76.4902766440551,57.703,12.17878735764951,72359.076,8812.457999999999
EST,2000,Estonia,4070.60902410208,54.4018287658691,6.36200167555528,49335.08089990087,34.9923714556216,58.6454565888146,58.906,13.359758243122972,2029.1459999999995,271.089
EST,2001,Estonia,4502.666149923917,58.7174797058105,6.34446093830911,52952.834618203095,33.7535816618911,59.9019573997998,57.99,13.134392045929266,2010.744,264.099
EST,2002,Estonia,5343.183107607348,61.7471008300781,6.5965210012728,55673.31981111456,29.8007636826474,63.6027153160798,56.958,10.026162119513945,1961.997,196.713
EST,2003,Estonia,7205.40703313243,64.2222671508789,6.2355777653566,58896.35253705078,30.6995253072155,63.0648969274279,58.75,11.287497898287532,2016.213,227.58
EST,2004,Estonia,8916.072827460204,65.7773971557617,5.06229838112995,61984.06931059456,33.9540152778189,60.9838507601093,58.928,10.247713114547071,2019.231,206.925
EST,2005,Estonia,10414.638118356492,67.9843521118164,5.19325738906312,66676.00189848719,34.0741506332098,60.732591977727,58.608,8.033078348174266,2007.96,161.30100000000002
EST,2006,Estonia,12641.480097647316,68.7950820922852,5.06396874650093,69510.24006293269,33.5410662326926,61.3949650208065,60.497,5.914750785000181,2078.0249999999996,122.91
EST,2007,Estonia,16745.430801114762,68.8220596313477,4.77647765686923,73962.07965164327,35.127995824508,60.0955265186228,60.514,4.5920143926643835,2067.7200000000003,94.95
EST,2016,Estonia,18666.3736521706,73.0334320068359,3.89979892657246,77401.26031203967,30.2161772429632,65.8841792195119,62.639,6.882006703982293,2057.583,141.603
EST,2017,Estonia,20851.522349686096,72.1369781494141,3.62591237543298,80078.29268382936,30.1738307288655,66.2004090850982,63.244,5.8071982375919555,2071.257,120.282
EST,2018,Estonia,23618.13612545807,72.0659637451172,3.43203838172712,82162.61470404732,30.1573939939705,66.410718211744,63.498,5.412227432844207,2082.285,112.698
EST,2019,Estonia,24021.250141330624,72.7060317993164,3.34008778292046,84631.28403623945,29.3757243586388,67.2840383134314,63.161,4.514315953091948,2080.581,93.924
EST,2020,Estonia,23933.993942106536,72.0443572998047,3.08224643240755,84347.77473082466,29.7145926039589,67.2031609636336,63.039,6.955668652740177,2085.522,145.062
EST,2021,Estonia,27953.76702301265,73.1502075195312,2.68417337457549,89268.09673435459,29.0204281953327,68.2952469530391,63.186,6.17804470908121,2091.924,129.24
EST,2022,Estonia,28451.14778251755,71.4251937866211,2.60367606559452,84827.76944633838,28.6109557166545,68.785368217751,65.113,5.570719637393517,2163.006,120.495
EST,2023,Estonia,30133.304450454027,,2.60035287365281,80808.71114963974,27.3753427763645,70.0243043499826,65.604,6.3781781219489355,2243.07,143.067
ETH,2000,Ethiopia,122.26920260606896,1.16600000858307,76.6413738169457,1957.6276319836693,6.63606412842171,16.7225620546326,82.088,3.5,,
ETH,2001,Ethiopia,118.45720425526066,1.46114003658295,76.6626855394255,2052.2913948390324,6.81511370324211,16.5222042266235,82.103,3.176,,
ETH,2002,Ethiopia,109.59381361298792,1.65718996524811,77.3664302174695,2017.825720690276,6.89047587974242,15.743097262937,82.099,3.06,,
ETH,2003,Ethiopia,116.80049113277668,2.35127997398376,78.4252219607689,1911.5208304448656,6.9161210275469,14.6586570116842,82.08,2.995,,
ETH,2004,Ethiopia,133.16981253809556,2.65906000137329,77.9527250136481,2097.702900295963,7.18732083198655,14.8599541543653,82.053,2.767,,
ETH,2005,Ethiopia,158.24345808246497,2.85401010513306,78.120764905272,2264.936395764289,7.36196706370833,14.5172710665219,82.019,2.4969369341906407,82272.963,2054.304
ETH,2006,Ethiopia,189.34573752141827,,77.3495869160229,2427.319473601401,7.44946219996242,15.2009538191318,81.923,2.351,,
ETH,2007,Ethiopia,237.14625599631884,,76.4666860257669,2616.4292954875827,7.56270063422343,15.9706133400097,81.826,2.347,,
ETH,2016,Ethiopia,696.1960848063238,,67.9900618506632,4857.809616261833,7.52479248088213,24.4851456684547,76.331,2.554,,
ETH,2017,Ethiopia,745.6324339253431,,66.9130681972216,5249.099300113032,7.25003355381486,25.8368982489635,74.712,2.662,,
ETH,2018,Ethiopia,747.9680036726737,,66.0984708985908,5539.812027196714,6.93917647771174,26.9623526236974,73.108,2.802,,
ETH,2019,Ethiopia,828.7090805229211,,65.0528942389611,5937.3545655837,6.67756414972025,28.2695416113186,71.518,2.917,,
ETH,2020,Ethiopia,905.3131592541484,,64.3914307364037,6346.960440047258,6.56708996795294,29.0414792956433,69.353,3.994,,
ETH,2021,Ethiopia,910.947887074508,,63.4660048870934,6586.675464697595,6.30729852406946,30.2266965888371,68.253,3.9348439878934016,115685.34900000002,4552.0380000000005
ETH,2022,Ethiopia,1011.0733241346222,,63.0735603951412,6699.612029035791,6.41878626435547,30.5076533405033,68.061,3.409,,
ETH,2023,Ethiopia,,,62.3696792285225,6947.470108219504,6.46803380977635,31.1622869617011,67.776,3.402,,
EUU,2000,European Union,16976.049080197346,48.8390083312988,8.477594159625717,96727.3432076052,30.073238160558944,61.449167115947034,55.3591333343002,9.706491198048012,,
EUU,2001,European Union,17230.65138757404,51.4018898010254,8.22141336634339,98156.75190277366,29.855401448599952,61.92318794496499,55.25745666125183,9.210232892492376,,
EUU,2002,European Union,18797.814968118644,53.881420135498,7.71810037497883,98999.80958339706,29.51698363072291,62.76491875650816,55.414370800959034,9.564740129156627,,
EUU,2003,European Union,23020.959520284312,56.3051986694336,7.537303970640976,99253.33877750309,28.96066752338059,63.502029057041504,55.623409783128935,9.703546299055594,,
EUU,2004,European Union,26368.682120548343,58.4833717346191,6.967358918345424,101406.93461464129,28.879888137511216,64.15275184434101,55.69331964940693,9.855742435265372,,
EUU,2005,European Union,27431.503401855607,60.2574005126953,6.820256901267747,102096.70766240705,28.44777300492686,64.73196956190321,56.01888256233859,9.631481279486804,,
EUU,2006,European Union,29200.600810872707,61.6712303161621,6.468417753583489,103886.800810817,28.3792438880508,65.15233888494055,56.21025975372954,8.68652334151983,,
EUU,2007,European Union,33704.68646049218,62.5265197753906,6.139182192450596,105257.60011056918,28.410586175186708,65.45023317156553,56.296214860747895,7.5018050616749585,,
EUU,2016,European Union,31462.43412098846,70.5147018432617,4.751262877207155,110488.88245146924,24.93141238259904,70.31732475581683,56.78423243054475,9.107661317217854,,
EUU,2017,European Union,33391.9679020533,71.7865982055664,4.625387579990756,111976.10224554446,25.017132887836055,70.35748155489942,56.98033230272712,8.134074913328893,,
EUU,2018,European Union,36054.39544663854,72.9127807617188,4.448412558905393,112970.5291072278,25.02384288582435,70.527743580745,57.05940407031244,7.255923594757345,,
EUU,2019,European Union,35374.64438271312,74.036018371582,4.30438348083053,114148.42109309218,24.962976746437864,70.73264125454928,57.14953752706628,6.688575563759243,,
EUU,2020,European Union,34698.403208942735,74.9978790283203,4.2727446920884,109461.97098825856,24.924540254818552,70.80271905496654,56.435557806793234,7.053502103390319,,
EUU,2021,European Union,39214.36607848053,77.8414077758789,4.101390374519852,115339.90584886316,24.72569134232383,71.17291729753771,56.97033495068641,7.014184537212598,,
EUU,2022,European Union,37962.8295010744,79.6943130493164,3.9554459082590294,116780.14282767657,24.503860676426452,71.54069293504377,57.48900783270926,6.144234647364594,,
EUU,2023,European Union,41392.07438030782,79.7254409790039,3.78945630900678,116241.643924739,24.24561085667715,71.96493282771101,57.65901508430093,6.025065807489645,,
FCS,2000,Fragile and conflict affected situations,751.3654019788745,9.86616992950439,54.515007632721485,9754.208727801124,12.512777106866372,32.972214800703505,68.37306320965972,5.888132243418849,,
FCS,2001,Fragile and conflict affected situations,718.6475793069453,10.7326002120972,54.06293132302488,10012.194805179304,12.554021841666655,33.3830464165783,68.22944548907236,5.8026499362177555,,
FCS,2002,Fragile and conflict affected situations,684.3308138543986,11.4826698303223,53.928831153248375,10254.76341155484,12.551816723006567,33.519352533393814,67.96660958189423,5.770828472013755,,
FCS,2003,Fragile and conflict affected situations,702.9359216385302,12.0448198318481,53.52044971331144,10181.28423315921,12.594999186028724,33.88455110065879,67.77244170998318,5.641809718333223,,
FCS,2004,Fragile and conflict affected situations,872.8356668540015,12.6255798339844,52.71025378090475,11167.639323055146,12.81971346692275,34.47003392253709,67.62700063818717,5.486179125347079,,
FCS,2005,Fragile and conflict affected situations,1080.1332226117197,13.5223798751831,52.14891861436961,11497.80739477997,12.918497024819263,34.93258208062379,67.47752449839449,5.175321288152329,,
FCS,2006,Fragile and conflict affected situations,1320.1094207130084,14.2303695678711,51.36706012996261,11972.375117584388,13.039041586814642,35.59389791197754,67.26189048075423,5.041063526664509,,
FCS,2007,Fragile and conflict affected situations,1579.123405143125,14.740650177002,50.77252847783674,12477.675550703652,13.119716570082982,36.107755314977894,67.05940565344397,4.966801360775218,,
FCS,2016,Fragile and conflict affected situations,1639.7071938462825,15.0840997695923,45.95174225354412,13431.55032437307,13.340715033708044,40.70754239160914,64.59272678747554,5.6170154855709065,,
FCS,2017,Fragile and conflict affected situations,1710.9405128231776,15.1046104431152,45.84799380911162,13533.90521620148,13.26370625265659,40.88829993823205,64.12479802655284,5.830651941539959,,
FCS,2018,Fragile and conflict affected situations,1828.227244145092,15.087420463562,45.51955856067331,13645.966904888082,13.362983639514924,41.11745721261127,63.73070404527101,5.829739634418265,,
FCS,2019,Fragile and conflict affected situations,1898.512202168483,14.990909576416,45.45033804205162,13792.651768605632,13.40814655038482,41.141515118463325,63.13485397527765,5.879107366492206,,
FCS,2020,Fragile and conflict affected situations,1689.9169075751663,,45.23815509497686,13152.36760590116,13.855222355211785,40.90662312875546,61.94812338653908,6.651807556432632,,
FCS,2021,Fragile and conflict affected situations,1763.8458936762815,,44.86355724323759,13108.350027173128,14.053383152462684,41.08305987367924,61.665514594149826,6.777619440754944,,
FCS,2022,Fragile and conflict affected situations,1903.8988731097552,,45.56763846073378,11480.62706676824,13.952245674742612,40.480116426717295,62.09862123288942,5.609176211944409,,
FCS,2023,Fragile and conflict affected situations,1781.8601001154518,,45.36268698111631,11212.039933497084,14.035605212458272,40.60170780642977,63.69865787849165,5.200878339666541,,
FIN,2000,Finland,24335.922508265896,82.5875015258789,6.20806414218137,105161.53809316269,27.9523795517383,65.8395563060803,61.407,11.134488005963798,7992.222,889.8929999999999
FIN,2001,Finland,24965.202996775988,85.9510498046875,5.83704187706199,105601.47564899689,27.0787452624024,67.0842551794066,61.919,10.290460087404584,8035.734,826.914
FIN,2002,Finland,26989.38926095902,86.788932800293,5.52698974701279,106726.84064189903,27.1472199755126,67.3258323375608,62.141,10.422709378089602,8059.295999999999,839.9970000000001
FIN,2003,Finland,32920.08571925683,88.286979675293,5.27651974069373,108477.34972523116,26.697658591249,68.0258216680573,62.136,10.469262379909756,8044.262999999999,842.1750000000001
FIN,2004,Finland,37768.13342020287,90.1379318237305,5.0090382619757,112653.36478077136,26.0696950423459,68.9212666956784,61.844,10.357752276984836,7978.314,826.374
FIN,2005,Finland,39049.87037802232,91.9409408569336,4.8250742913863,113493.50352649084,25.806069231984,69.3688154599914,62.21,9.60164068028134,8046.906000000001,772.635
FIN,2006,Finland,41214.01877650688,93.4309921264648,4.67005593217804,116343.72649294364,25.6920985541388,69.6378455136831,62.276,8.935278267810771,8106.597,724.347
FIN,2007,Finland,48473.02400914548,95.0834808349609,4.53696121685415,121253.87448569087,25.7175408018888,69.7454979812571,61.122,6.853886044452952,8025.023999999999,550.0260000000001
FIN,2016,Finland,43451.25624421576,89.3280029296875,3.86463594248245,120803.46784486483,22.1560977715268,73.979307005803,58.545,8.818421241801705,8054.571,710.2860000000001
FIN,2017,Finland,46085.017473903594,90.6983871459961,3.76298539362991,123870.37487745656,22.1559855884462,74.0810694362373,58.667,8.640169334685352,8121.195,701.6850000000001
FIN,2018,Finland,49654.24970353289,92.3850021362305,3.7118753749657,121926.51280393211,22.337261938554,73.9509020013634,59.309,7.361173977093967,8225.169,605.469
FIN,2019,Finland,48358.180777370086,94.5891189575195,3.77831897202029,122532.82092112722,21.6402499854782,74.5814310425015,59.184,6.694721054501667,8248.977,552.246
FIN,2020,Finland,48828.68468627994,96.4726333618164,3.65522954109951,121062.28293721296,21.9489554032291,74.3958150556714,58.849,7.759436560931846,8222.646,638.031
FIN,2021,Finland,53099.13514001479,100.868072509766,4.10822538101444,121651.79014924102,21.4137014813781,74.4781117967088,59.768,7.616492569971649,8356.563,636.477
FIN,2022,Finland,50440.56022497404,104.944221496582,3.75970052562833,119431.79265821644,21.3845954976635,74.8556663996188,60.422,6.719352227636106,8491.131,570.549
FIN,2023,Finland,52821.51143407167,,3.60736729165815,118148.3334646572,21.5870886012339,74.805544107108,60.275,7.149459563330537,8555.304,611.658
FJI,2000,Fiji,1995.7207116326392,,20.1880223740812,25598.599497694453,19.621242459082,60.1907351668368,58.826,4.7,,
FJI,2001,Fiji,1944.9974146090017,,21.4993526303567,25719.76558209348,20.2567846565442,58.2438627130991,58.67,4.695,,
FJI,2002,Fiji,2136.567941186826,,22.9041789254551,26198.760507969273,20.8098493150255,56.2862857519648,58.514,4.769,,
FJI,2003,Fiji,2655.5807958604446,14.6147603988647,24.4752514516959,26112.36875518664,21.3936900032845,54.1313684053965,58.357,8.22196397443347,,
FJI,2004,Fiji,3097.1909665175926,14.5030603408813,25.1729381277708,27149.310924307872,21.8096319117885,53.0174299604407,58.2,4.672065259459942,,
FJI,2005,Fiji,3377.6912695349274,14.4126501083374,28.2456656973534,27410.38691103472,20.8528116219433,50.9015226807033,56.727,3.8860198624904503,981.75,38.151
FJI,2006,Fiji,3455.105999073486,,28.5733805427499,27035.138863362663,19.9221163442802,51.5045031129699,57.803,3.958,,
FJI,2007,Fiji,3762.7469278929902,,29.2281436124516,26015.023803769756,18.9008815779611,51.8709748095872,58.872,4.106,,
FJI,2016,Fiji,5363.790266792433,77.8562698364258,30.6053158973096,31953.27199372937,14.1736735447899,55.2210105579005,57.584,4.3193985314337535,1025.49,44.295
FJI,2017,Fiji,5826.848144593282,82.9545288085938,29.9663440959487,33647.459831970475,14.2381539890499,55.7957816814523,57.452,4.324,,
FJI,2018,Fiji,6085.419794853761,79.9261474609375,29.4425569397257,34913.22369091306,14.2438096835983,56.313633376676,57.356,4.335,,
FJI,2019,Fiji,5950.828668667015,78.2611541748047,29.1590720679732,34647.55663491413,14.079199685144,56.762007374553,57.37,4.373,,
FJI,2020,Fiji,4844.421271545238,84.2023696899414,29.4547145353097,29019.641460224193,14.0207405737474,56.5248266922166,56.733,4.649,,
FJI,2021,Fiji,4696.171039446337,76.6493606567383,29.2229663682014,27356.872573401797,14.1783082998654,56.5987253319332,56.93,4.701,,
FJI,2022,Fiji,5405.030061626715,68.4077529907227,28.5985866810047,32189.169316936222,14.1282521150407,57.2731612039547,57.392,4.446,,
FJI,2023,Fiji,5888.736673324293,60.3241920471191,28.0920991904263,34253.26336875076,14.3002970065863,57.6076038029874,57.369,4.322,,
FRA,2000,France,22340.593951621708,50.6030807495117,4.14289728941164,114079.53945832634,26.2749643268731,69.582134317359,55.303,10.217599092200064,77261.076,7894.227000000001
FRA,2001,France,22331.79483430362,50.4472885131836,4.07014696879106,113668.31259365274,26.0339369346532,69.8959160965557,55.122,8.610404847739293,77725.962,6692.52
FRA,2002,France,24144.572701952864,50.2516899108887,4.13129028695069,113477.05878092484,25.3971263319323,70.471583381117,55.399,8.70182978656389,78483.252,6829.478999999999
FRA,2003,France,29479.522210117502,52.3169784545898,4.2540404942585,111918.33483304078,24.1373220788753,71.6086374268662,56.003,8.306485242283307,80524.34700000001,6688.743
FRA,2004,France,33644.92822203642,53.4576301574707,3.87371753329925,115221.0899813754,24.2477811548937,71.878501311807,55.85,8.91357433358881,80934.603,7214.166000000001
FRA,2005,France,34696.37183169715,53.8823318481445,3.59551845825767,116068.69985534344,23.6568000151459,72.7476815265964,55.989,8.88231755746248,82131.504,7295.181
FRA,2006,France,36431.565890655525,53.8754196166992,3.67409068430074,118414.91386389142,23.7089561297565,72.6169569627746,55.916,8.83249913383949,82631.913,7298.463
FRA,2007,France,41486.19078287867,52.9475402832031,3.42680713044599,119244.035824042,23.1973056271142,73.3758835333486,56.064,8.008470522250569,83313.399,6672.129000000001
FRA,2016,France,37024.21571336689,64.7276763916016,2.87190024513166,124907.3298733298,20.2938106894284,76.8342890654399,55.399,10.056754182095446,88668.708,8917.194
FRA,2017,France,38687.16264071637,65.8022308349609,2.60567139743893,126319.1924458183,20.4110182365252,76.9833067379019,55.258,9.409517344676829,88761.35399999999,8352.015
FRA,2018,France,41418.17664848442,67.5435180664062,2.49665019153969,127060.86335414136,20.2326707813558,77.2706754371265,55.3,9.018114476797177,89101.497,8035.275000000001
FRA,2019,France,40408.28485747505,67.7331314086914,2.51529444753185,128928.44541350535,20.3920015272842,77.0927040251839,54.939,8.414530886056765,88876.755,7478.562
FRA,2020,France,39169.860600070715,68.8709411621094,2.35004674302256,119633.98556316525,19.9647799259405,77.685173331037,54.271,8.009545493501026,88037.355,7051.392
FRA,2021,France,43725.0999521245,69.9397888183594,2.51461801195037,124027.95112822896,19.5078547578399,77.9775272302097,55.54,7.870821257781975,90947.193,7158.291000000001
FRA,2022,France,41082.81193207471,71.4203109741211,2.58748994708901,125015.82143744366,19.2562943729652,78.1562156799457,55.846,7.302715298593789,91897.407,6711.005999999999
FRA,2023,France,44690.93453951175,,2.50540941600709,125896.42148976529,19.2454150670292,78.2491789318913,55.642,7.334853627028447,92554.485,6788.735999999999
FRO,2000,Faroe Islands,23322.75933575153,,,,,,,4.166666666666666,,
FRO,2001,Faroe Islands,24879.772961786373,,,,,,,4.0,,
FRO,2002,Faroe Islands,26937.65056028466,,,,,,,,,
FRO,2003,Faroe Islands,31269.60319972171,,,,,,,3.8461538461538463,,
FRO,2004,Faroe Islands,35647.54404005308,,,,,,,3.7037037037037033,,
FRO,2005,Faroe Islands,36389.081644098005,,,,,,,3.4610974041769467,,
FRO,2006,Faroe Islands,41743.681284766055,,,,,,,1.8024168771762137,,
FRO,2007,Faroe Islands,48348.73937110107,,,,,,,1.7271337225465664,,
FRO,2016,Faroe Islands,56875.280381329554,,,,,,,,,
FRO,2017,Faroe Islands,59387.353086481984,,,,,,,,,
FRO,2018,Faroe Islands,62526.49085157429,,,,,,,,,
FRO,2019,Faroe Islands,63067.06956979109,,,,,,,,,
FRO,2020,Faroe Islands,62240.82240917496,,,,,,,,,
FRO,2021,Faroe Islands,68749.40055579566,,,,,,,,,
FRO,2022,Faroe Islands,66139.3809716876,,,,,,,,,
FRO,2023,Faroe Islands,71774.35223533932,,,,,,,,,
FSM,2000,"Micronesia, Fed. Sts.",2081.9660133518973,13.3721399307251,,,,,,,,
FSM,2001,"Micronesia, Fed. Sts.",2144.5369999555023,,,,,,,,,
FSM,2002,"Micronesia, Fed. Sts.",2156.7053215708593,,,,,,,,,
FSM,2003,"Micronesia, Fed. Sts.",2185.8030903504477,,,,,,,,,
FSM,2004,"Micronesia, Fed. Sts.",2146.40160821979,,,,,,,,,
FSM,2005,"Micronesia, Fed. Sts.",2246.4537033712704,,,,,,,,,
FSM,2006,"Micronesia, Fed. Sts.",2289.751555599707,,,,,,,,,
FSM,2007,"Micronesia, Fed. Sts.",2336.978522024026,,,,,,,,,
FSM,2016,"Micronesia, Fed. Sts.",2979.6011918404765,,,,,,,,,
FSM,2017,"Micronesia, Fed. Sts.",3279.1077903928535,,,,,,,,,
FSM,2018,"Micronesia, Fed. Sts.",3566.586903711252,,,,,,,,,
FSM,2019,"Micronesia, Fed. Sts.",3572.6591828222195,,,,,,,,,
FSM,2020,"Micronesia, Fed. Sts.",3362.0279314221484,,,,,,,,,
FSM,2021,"Micronesia, Fed. Sts.",3508.2235627022146,,,,,,,,,
FSM,2022,"Micronesia, Fed. Sts.",3710.124484532565,,,,,,,,,
FSM,2023,"Micronesia, Fed. Sts.",3941.372478874137,,,,,,,,,
GAB,2000,Gabon,3982.906200927996,,40.4733243693647,92888.26989338416,9.65325536245394,49.8734202681814,48.058,17.789,,
GAB,2001,Gabon,3835.7571827972743,7.46347999572754,39.9816068944899,91943.1275679714,9.71877396628147,50.2996191392287,48.004,17.762,,
GAB,2002,Gabon,3966.4800186466255,,39.6515374268823,88282.15743186075,9.78260189558635,50.5655478745034,48.017,17.351,,
GAB,2003,Gabon,4710.74862768151,7.67232990264893,39.1404448950526,87074.49767675523,9.89607850237173,50.9634766025757,47.997,17.119,,
GAB,2004,Gabon,5465.791935907084,,38.7370965158773,84608.99676767075,10.0120845041713,51.2508189799514,48.044,17.095,,
GAB,2005,Gabon,6547.876139551863,,38.1926306231574,83607.56205388653,10.1774524420729,51.6299169347697,48.081,16.910299156959134,,
GAB,2006,Gabon,6847.009856853938,,38.0484740360401,78859.23498415417,10.2792478691984,51.6722780947615,48.286,17.785,,
GAB,2007,Gabon,8003.542896960487,,37.2773369419273,80925.55403999737,10.535655049311,52.1870080087617,48.336,18.261,,
GAB,2016,Gabon,6677.070039016437,,31.6887608924781,77901.6649328941,13.8488487745498,54.4623903329721,50.655,20.134,,
GAB,2017,Gabon,6921.73373135624,,31.1983426409656,75985.91662507321,14.2958025580976,54.5058548009368,50.96,20.303,,
GAB,2018,Gabon,7624.277523377101,,30.6618572385049,74547.34552812843,14.7860119955271,54.552130765968,51.214,20.439,,
GAB,2019,Gabon,7441.178647228097,19.6197319030762,30.0000341200274,75405.94820489615,15.3830143679436,54.6171221121662,51.334,20.358,,
GAB,2020,Gabon,6605.803460779041,,30.1728339790086,78327.17201606366,15.5944124114077,54.2325730852689,47.947,21.27,,
GAB,2021,Gabon,8181.409141343981,14.7383832931519,29.9821528591955,76580.96223614934,15.7818474052066,54.2359997355979,48.597,21.218,,
GAB,2022,Gabon,8409.207414522787,,29.3932473402351,72193.62766814425,15.7664977042867,54.8402549554783,51.362,20.399,,
GAB,2023,Gabon,8071.39777400455,,29.1882829845978,72205.58982771437,15.6976807419388,55.1140362734633,51.297,20.278,,
GBR,2000,United Kingdom,28280.926786099004,57.365119934082,1.53455109870435,92095.44713455292,25.1680752823226,73.2973736189731,61.338,5.558,,
GBR,2001,United Kingdom,27906.569502964052,57.4873008728027,1.39233421018719,93526.01183060026,24.6406475843563,73.9670182054565,60.966,4.696,,
GBR,2002,United Kingdom,30077.741432187977,61.1282196044922,1.38581211871888,94479.05381990748,23.9123289033865,74.7018589778946,61.254,5.037,,
GBR,2003,United Kingdom,34442.68754023079,61.4559707641602,1.24891585216878,96503.67070599426,23.3421105782732,75.408973569558,61.368,4.807,,
GBR,2004,United Kingdom,40366.888665096805,59.4526710510254,1.27650105982009,97922.74410464932,22.3021340341743,76.4213614325522,61.417,4.594,,
GBR,2005,United Kingdom,42104.78843750239,59.2745018005371,1.37603127899313,99610.13034839123,22.2144046593882,76.4095606229761,61.634,4.835,,
GBR,2006,United Kingdom,44512.459029686455,59.1907196044922,1.35146933270187,100959.16844742828,22.0628790480336,76.5856516192645,62.058,5.411,,
GBR,2007,United Kingdom,50397.6854954706,58.8450889587402,1.36521502282694,102828.64545375411,22.1886512348811,76.446133742292,61.905,5.342,,
GBR,2016,United Kingdom,40988.10442330255,58.019100189209,1.12106690387278,103797.91493197878,18.474733139232,80.4041999568952,62.38,4.867,,
GBR,2017,United Kingdom,40629.234034734545,59.5547981262207,1.16307459835553,105605.52949562512,18.2597342144777,80.5771911871668,62.38,4.452,,
GBR,2018,United Kingdom,43315.48745013178,61.0918807983398,1.07006705256083,105860.45249875844,18.1250110592884,80.8049218881507,62.603,4.12,,
GBR,2019,United Kingdom,42794.00226482881,65.5249404907227,1.04432442437585,106437.7845612034,18.1237450181824,80.8319305574418,62.596,3.613,,
GBR,2020,United Kingdom,40404.806223895066,69.5303802490234,1.03711449425329,96190.4773538103,18.1033317501929,80.8595537555538,62.543,4.472,,
GBR,2021,United Kingdom,46926.475736105014,77.0768814086914,1.02429833373825,105287.58558307368,18.1180905194047,80.8576111468571,61.947,4.826,,
GBR,2022,United Kingdom,46062.99140796976,80.1511001586914,1.00415101432605,107929.3817408659,17.94986006375,81.0459889219239,61.905,3.73,,
GBR,2023,United Kingdom,49200.81015261457,,0.986473795910372,107158.9220636945,17.7684000908851,81.2451261132045,61.784,3.984,,
GEO,2000,Georgia,749.9085349939613,42.5138702392578,52.1694248235158,12864.025224044108,9.80998978126065,38.0205853952235,64.1,10.819906179889864,5883.6,636.5999999999999
GEO,2001,Georgia,801.9838370792896,44.2219085693359,52.7872351289779,13188.263533770072,9.28373480584334,37.9290300651788,66.21,11.15475627070516,6339.0,706.8
GEO,2002,Georgia,853.5261718689393,46.9072303771973,53.7733958104055,14416.426969884653,8.2209432179366,38.0056609716579,64.95,12.593859899249122,6312.599999999999,795.0
GEO,2003,Georgia,1010.0315163086844,48.030460357666,54.8932843636149,15555.289217692714,8.35308768403153,36.753575274085,66.02,11.509562841530055,6148.799999999999,707.7
GEO,2004,Georgia,1305.0474855720777,46.9170417785645,54.00068983977,16977.83315325349,8.83740237243949,37.1619621915578,64.77,12.62126408623224,6123.0,772.8000000000001
GEO,2005,Georgia,1642.7835941479732,51.8170394897461,54.337017945685,19052.62516602563,9.29311991915826,36.3699179034684,64.05,13.80255941499086,6071.700000000001,837.9000000000001
GEO,2006,Georgia,1996.02013272284,42.8070793151855,55.308167456384,21390.55515129104,9.04822959826723,35.6435456294631,62.2,13.572735816392145,,
GEO,2007,Georgia,2635.3665027611623,41.5456504821777,53.4299350432895,23607.86773723368,10.3749988738434,36.1950660828671,63.3,13.278208823142585,5895.9,783.0
GEO,2016,Georgia,4143.4012568631515,57.3850593566895,43.8141925723843,33761.54090141907,11.9113741094835,44.2743756655273,68.425,16.603850735555856,6177.572999999999,1025.715
GEO,2017,Georgia,4418.752065466785,62.7497596740723,43.1272488116531,35718.394726048005,13.1707577349841,43.7019934533628,66.216,13.938839851219534,5949.168,829.2450000000001
GEO,2018,Georgia,4804.054604044404,66.0417785644531,38.8995245152342,38835.48135490736,14.3934970553208,46.7069190309733,63.934,12.666938841155256,5819.796,737.1899999999999
GEO,2019,Georgia,4741.283271587601,69.0164108276367,38.1471331024979,41265.322637897625,14.2604440694132,47.5924228280889,62.928,11.565262980547365,5733.6179999999995,663.108
GEO,2020,Georgia,4300.85701291207,71.3107528686523,41.0547831735267,38523.46564302295,13.416067267754,45.5291495587192,63.399,11.733989509404228,5741.142,673.665
GEO,2021,Georgia,5083.606954845773,76.8213119506836,41.0273999586033,44811.43720638183,13.4722351630197,45.5004274110894,60.708,11.791,,
GEO,2022,Georgia,6729.846599302833,78.9377136230469,40.274751803374,47780.04321308551,13.367066775882,46.358181420744,63.026,11.647,,
GEO,2023,Georgia,8283.669606522612,80.2798004150391,39.9154051249282,51270.310473227066,13.5606919946616,46.5239028804102,63.081,11.537,,
GHA,2000,Ghana,253.74693620334375,,53.1266952369724,8626.243753655042,15.5413054616847,31.3319993013429,74.615,10.455450322736322,24865.5,2599.8
GHA,2001,Ghana,263.5421564948529,,53.5634963165334,8633.250198392603,15.2014364414306,31.2350799467115,74.277,9.602,,
GHA,2002,Ghana,297.4616446877405,,53.9244362590622,8668.479319877504,14.9258670733153,31.1496966676225,73.937,8.695,,
GHA,2003,Ghana,358.39927142072963,,54.2246913389016,8766.175230698755,14.6848215037986,31.0904871572998,73.593,7.72,,
GHA,2004,Ghana,406.1321053295653,,54.5271460018817,8910.01894659641,14.4923699342316,30.9804727692886,73.247,6.756,,
GHA,2005,Ghana,478.61190919102785,5.06897020339966,54.6290160646942,9093.0560132075,14.3539400689121,31.0170438663937,72.898,5.816,,
GHA,2006,Ghana,906.4410275648868,4.57463979721069,54.896452843487,9333.902715843777,14.2246330494251,30.8789246078162,72.546,5.154304490690033,,
GHA,2007,Ghana,1050.124615249259,5.71916007995605,51.8374432576153,9510.666302197154,14.4128682038594,33.7496987924011,72.191,5.092,,
GHA,2016,Ghana,1912.479913399506,14.2144002914429,38.67026932992,14184.682625555435,18.0042314379982,43.3254992320818,68.425,5.232,,
GHA,2017,Ghana,2012.2866264126544,16.3660793304443,42.0184219195636,14835.283092323514,17.5036774718987,40.4779006085377,67.583,3.369020281137481,37585.17,1266.252
GHA,2018,Ghana,2195.3216601637732,16.0154399871826,40.6237558267467,15535.868322075828,17.5348771119784,41.8413751947875,66.736,3.253,,
GHA,2019,Ghana,2186.6582268261286,17.4338893890381,39.2351364852243,16333.233066389492,17.5415478650063,43.2233156497694,65.889,3.16,,
GHA,2020,Ghana,2195.4548165998676,18.6487197875977,38.5271415255139,16379.534959825936,17.6648945829251,43.8079638915609,64.503,3.313,,
GHA,2021,Ghana,2445.18662529344,19.1863193511963,37.7091465904772,16907.0466644367,17.6179254005337,44.6729201403451,64.08,3.1952927286350277,34353.659999999996,1097.6999999999998
GHA,2022,Ghana,2229.89122647803,20.3897304534912,35.7598929119078,17243.04922770607,17.4627883954915,46.7773109617248,63.435,2.8704372275646355,36063.600000000006,1035.183
GHA,2023,Ghana,2383.9041048341815,21.990140914917,35.3695695386845,17354.226334787363,17.7138774862052,46.9165529751103,63.415,3.063,,
GIN,2000,Guinea,518.1570669240263,,71.6693191809655,6988.208778784597,5.41594553082102,22.9147352882135,64.185,4.599,,
GIN,2001,Guinea,483.0851202147411,,71.0951479094399,7182.624582097407,5.44549916843316,23.4593180629007,64.333,4.597,,
GIN,2002,Guinea,495.9160735592694,,70.4504330365941,7452.767886081819,5.50120361507568,24.0483977422458,64.416,4.548765261360868,9642.243,438.6029999999999
GIN,2003,Guinea,566.4854058806803,,70.0581951952808,7448.24436165216,5.48413839742206,24.4576664072971,63.769,4.644,,
GIN,2004,Guinea,584.8977405380814,2.31824994087219,69.6728855579447,7536.515199613669,5.50348717542483,24.8236272666305,63.116,4.743,,
GIN,2005,Guinea,463.1776868509797,3.10872006416321,69.2133915167977,7697.6888082537325,5.530225111424,25.2564166575131,62.459,4.875,,
GIN,2006,Guinea,446.9805541350129,5.42220020294189,68.9400109136331,7706.345281339926,5.52768601668528,25.532336001586,61.797,4.93,,
GIN,2007,Guinea,650.1485753047425,8.3472204208374,68.0941415518428,8097.8859773865315,5.61783957008588,26.2880512745419,61.131,4.818,,
GIN,2016,Guinea,711.9965097823158,8.63794803619385,62.2908540079832,10426.571396165991,6.16833537690786,31.5408384757024,54.975,5.013,,
GIN,2017,Guinea,833.598621691121,8.52771759033203,61.0673589216402,11290.327942574824,6.38603571976584,32.5466327103604,54.278,4.826,,
GIN,2018,Guinea,933.273615633705,7.59974813461304,60.1790504178193,11810.476437375375,6.51092183875455,33.3100277434262,53.579,4.787,,
GIN,2019,Guinea,1031.341464807319,6.84396314620972,59.390780685078,12297.997835890994,6.63345738631542,33.9757619286066,52.879,5.017963843595437,10073.568,505.48800000000006
GIN,2020,Guinea,1053.660976964146,5.77144193649292,59.5661149374456,12749.859888295488,6.77915538658817,33.6547034152344,52.377,6.018,,
GIN,2021,Guinea,1244.9655047791368,6.7185697555542,59.324328465059,12981.132948536488,6.87069642920904,33.8050004292334,52.613,5.827,,
GIN,2022,Guinea,1416.5961201176417,,58.7527084545427,13056.118439701257,6.8847965214196,34.3624950240377,52.47,5.267,,
GIN,2023,Guinea,1555.4937580686064,,58.2369889483992,13410.776131362947,6.95841970811186,34.8045675022619,52.297,5.244,,
GMB,2000,"Gambia, The",538.0540723488539,,42.3085576464447,11604.990822886775,14.8732117197789,42.8182306337764,47.764,9.787,,
GMB,2001,"Gambia, The",459.8030683813988,,41.404394385924,11942.60444221691,15.1530448484141,43.4425607656619,47.646,9.708,,
GMB,2002,"Gambia, The",376.5310269625843,,41.4425880828942,11199.954185279686,15.1929380951977,43.3644738219081,47.908,10.079,,
GMB,2003,"Gambia, The",308.7191234375875,,40.4361151308731,11642.59831833479,15.5187877253894,44.0450971437375,47.747,10.032,,
GMB,2004,"Gambia, The",593.2853463265806,1.01964998245239,39.4291062236781,12113.90022294166,15.8216458319406,44.7492479443813,47.58,9.991,,
GMB,2005,"Gambia, The",616.4836578653483,,39.3802813999428,11393.206529064357,15.8365376938391,44.783180906218,47.806,9.963,,
GMB,2006,"Gambia, The",614.5443079044642,,39.1534180645997,10958.706781006922,15.8636959240308,44.9828860113695,47.959,10.259,,
GMB,2007,"Gambia, The",724.7264072424318,,38.5649434603064,10934.057265734224,16.0248060669214,45.4100092624754,47.962,10.428,,
GMB,2016,"Gambia, The",650.0565013236113,,33.9258485997142,9686.355271234352,17.3510511769588,48.7229290915469,48.176,6.285,,
GMB,2017,"Gambia, The",642.5226412963307,,33.247727358672,9755.090863783404,17.5223153730683,49.2301216843441,48.092,5.157,,
GMB,2018,"Gambia, The",696.2198069606148,,32.2418742975268,10086.131750081364,17.8136894485952,49.944436253878,47.907,4.054765474509575,,
GMB,2019,"Gambia, The",738.1867519874828,,31.296226807129,10479.409503760811,18.0536130174689,50.6500051169296,47.76,4.538,,
GMB,2020,"Gambia, The",720.3351433521331,,31.2815325745205,10356.068371200185,18.4785456628239,50.2397694313778,47.844,5.892,,
GMB,2021,"Gambia, The",781.8909251695309,,31.0207688252285,10626.769396954262,18.7359010343573,50.2433301404142,47.773,6.269,,
GMB,2022,"Gambia, The",836.2448755826309,,30.3158940254356,10866.207985296214,18.7237564686661,50.9604934539618,47.698,6.076,,
GMB,2023,"Gambia, The",888.1574074419019,,29.0675401240992,11125.74492212149,18.5957549743757,52.3367049015251,47.549,6.4787219035785135,,
GNB,2000,Guinea-Bissau,316.94549503763886,,61.3101992566077,5706.319003949214,9.81784757378843,28.8719531696038,64.043,3.557,,
GNB,2001,Guinea-Bissau,327.1384319723973,,60.863022537678,5816.521671825513,9.80619440475642,29.3307830575656,63.984,3.154,,
GNB,2002,Guinea-Bissau,362.0345745703541,,60.9075463843289,5887.357331944586,9.761355581309,29.3308730042643,63.929,3.181,,
GNB,2003,Guinea-Bissau,419.7848661180698,,60.710299429616,5731.852303612481,9.72904563950678,29.5606549308772,63.877,3.244,,
GNB,2004,Guinea-Bissau,431.3765576696339,,60.2338153775609,5655.345360682621,9.73102232088332,30.0351623015558,63.823,3.238,,
GNB,2005,Guinea-Bissau,463.0739626504516,2.16905999183655,59.6070324897686,5872.506945559028,9.75924997911969,30.6337175311117,63.776,3.174,,
GNB,2006,Guinea-Bissau,448.5130754697008,2.52465009689331,59.1731413384561,5875.989962277141,9.75392855543933,31.0729301061046,63.737,3.154,,
GNB,2007,Guinea-Bissau,519.0697897947414,,58.6574175007432,5869.293416444808,9.76692101872956,31.5756614805272,63.697,3.149,,
GNB,2016,Guinea-Bissau,679.6653866268176,,53.322708624013,6384.494153212323,10.0117374322559,36.665707776395,63.131,3.123,,
GNB,2017,Guinea-Bissau,783.123186602022,,52.4463878611205,6493.773746140936,10.0870800164443,37.4665321224353,63.024,3.066,,
GNB,2018,Guinea-Bissau,808.531613218504,,51.879049550349,6556.728230578257,10.0380843208393,38.0828661288117,62.901,3.1272325240997825,1633.5209999999995,51.084
GNB,2019,Guinea-Bissau,807.4255248728346,,51.109625461905,6682.697196760964,10.0837503528807,38.8067646352442,62.77,1.7993956228442354,196.56600000000003,3.537
GNB,2020,Guinea-Bissau,836.2673142373203,,51.2434623792789,6723.475355053434,10.2805988322218,38.4759387884993,62.174,2.89,,
GNB,2021,Guinea-Bissau,912.4841046928468,,51.130444323426,6842.511374729022,10.2591652494578,38.6103904271162,62.539,3.031,,
GNB,2022,Guinea-Bissau,873.4378618754282,,50.5171675369977,6965.46627752301,10.2806559474912,39.2021765155112,62.733,2.6657638062406805,2193.0299999999997,58.461
GNB,2023,Guinea-Bissau,964.9275542189088,,49.9581075098854,7053.5162343913025,10.3219344076152,39.7199580824994,62.785,2.65,,
GNQ,2000,Equatorial Guinea,1487.3165506700975,1.86067998409271,60.0200858212362,35979.61495396852,12.2962615156535,27.6840874211458,62.049,7.955,,
GNQ,2001,Equatorial Guinea,1948.6114590784368,,58.5156702359302,55132.91452206613,12.9745312793078,28.509798484762,61.517,8.032,,
GNQ,2002,Equatorial Guinea,2264.210655803648,,57.6524652943992,61858.16449827619,13.3556725706079,28.9918621349928,60.878,8.09,,
GNQ,2003,Equatorial Guinea,2930.6018374373293,,56.941268818211,66277.2755009524,13.6744165949525,29.3843145868365,60.191,8.11,,
GNQ,2004,Equatorial Guinea,4901.301274081193,,55.6702078302951,86021.54675853353,14.1728950282605,30.1568971414445,59.516,8.03,,
GNQ,2005,Equatorial Guinea,8673.902608653498,,54.8080473980829,95230.3235569134,14.5039418121096,30.6880107898075,59.077,8.008,,
GNQ,2006,Equatorial Guinea,10184.884124854148,,54.4587488445269,97764.99497894503,14.6360948375604,30.9051563179127,58.9,7.924,,
GNQ,2007,Equatorial Guinea,12616.95329420112,,53.6485990242424,107315.23732654122,14.9283919817672,31.4233004389161,58.833,7.877,,
GNQ,2016,Equatorial Guinea,7453.197979485167,,55.1057831159603,70393.78033198204,13.8001314170888,31.0938944537404,61.133,7.962,,
GNQ,2017,Equatorial Guinea,7809.104656554882,,55.6756886077673,63977.55663935724,13.4550654331507,30.869245959082,61.232,8.004,,
GNQ,2018,Equatorial Guinea,8102.470848340313,6.16062211990356,55.4000262766362,57872.279429070746,13.3545676960716,31.2454060272922,61.224,7.967,,
GNQ,2019,Equatorial Guinea,6804.149230738878,5.37322235107422,55.7567101174271,52954.294163044506,13.0625567197426,31.1807331628304,61.099,8.064,,
GNQ,2020,Equatorial Guinea,5764.055029129468,,56.1230254844614,52279.133816701906,12.9135053922119,30.9636473488069,57.701,8.781,,
GNQ,2021,Equatorial Guinea,6945.630697945393,,56.1011192217465,50957.614242370495,12.9485585154207,30.9503222628328,58.338,8.976,,
GNQ,2022,Equatorial Guinea,7589.299649093814,,55.6503546167356,48848.197646378314,12.9357531086947,31.4140522279912,60.758,8.455,,
GNQ,2023,Equatorial Guinea,6677.793435386001,,55.8748179267773,45250.27040027877,12.7330264043251,31.3923117874165,60.522,8.367,,
GRC,2000,Greece,11638.201069721485,52.6726303100586,16.7540180213958,81757.56249056911,22.9083688919178,60.3376130866864,51.442,11.344829103431945,13704.693,1554.774
GRC,2001,Greece,12156.957282422094,59.9249114990234,15.3249555178429,85677.84894974047,23.1762799229863,61.4987645591708,50.72,10.764324452917291,13997.655,1506.753
GRC,2002,Greece,13782.195640942991,66.8908386230469,14.5384824406658,88312.20143629766,23.0475391900773,62.4139545751539,51.014,10.346127110048576,14082.081,1456.9499999999998
GRC,2003,Greece,18020.612039764048,72.9116668701172,14.1917184758407,91760.99674764958,22.8798657984687,62.9284157256906,51.404,9.838882162440504,14262.108,1403.232
GRC,2004,Greece,21449.255276424516,80.4148406982422,11.4824461943108,95881.94172454155,22.5976134746146,65.9199171676718,52.032,10.62843679278993,14507.712,1541.943
GRC,2005,Greece,22054.131575688592,90.3474731445312,11.3390371302562,95676.63868793775,22.5823993860729,66.0785863232207,52.161,10.073774555267924,14620.488,1472.835
GRC,2006,Greece,24416.023297027456,95.0775375366211,11.0133160392349,99525.4703988672,22.2379953009566,66.7486886598085,52.427,8.906279215341968,14761.079999999998,1314.663
GRC,2007,Greece,28440.762532895544,90.5404281616211,10.6128118957382,102267.8078713582,22.6658948950765,66.7213153610679,52.274,8.350678073306309,14784.021,1234.566
GRC,2016,Greece,17919.24263770477,131.403213500977,11.9289356990012,94014.62816452076,15.3630152671967,72.7080213085329,51.147,23.514000705917944,14279.28,3357.63
GRC,2017,Greece,18631.99301292935,135.333923339844,11.6725654603498,93242.6073349121,15.5185337748847,72.8089007647655,51.022,21.41353453947785,14207.916,3042.417
GRC,2018,Greece,19873.401523877143,140.950317382812,11.8530029895909,93072.9758937248,15.4036159763271,72.743381034082,50.8,19.17923227769512,12845.973,2463.759
GRC,2019,Greece,19335.360200296866,143.96272277832,11.1507340361901,92661.45173788832,15.318847857085,73.5303923030834,50.855,17.044796142303852,12804.741000000002,2182.542
GRC,2020,Greece,17886.733165236048,143.693344116211,10.2879220295131,84377.67076091087,15.0186775406228,74.6934262972426,50.055,15.89871332486943,12762.429,2029.062
GRC,2021,Greece,20654.7001960815,150.605484008789,11.3577263406189,90794.82602727904,15.2808391748714,73.3614344845096,50.33,14.656529980297906,13807.667999999998,2023.725
GRC,2022,Greece,20971.834925828334,166.665649414062,11.156266525453,91830.80835992147,15.5585673720228,73.2851661025242,51.826,12.426267264050486,14185.185,1762.689
GRC,2023,Greece,23400.727881769137,,11.4756963466878,92532.51878192094,15.9523709724427,72.5719571929985,51.826,11.023011233494712,14138.877,1558.53
GRD,2000,Grenada,4839.828111142478,,,,,,,,,
GRD,2001,Grenada,4819.507766538427,,,,,,,,,
GRD,2002,Grenada,4984.474059314471,,,,,,,,,
GRD,2003,Grenada,5427.9637725231205,,,,,,,,,
GRD,2004,Grenada,5480.261176445877,,,,,,,,,
GRD,2005,Grenada,6338.560114053579,,,,,,,,,
GRD,2006,Grenada,6344.0383771432025,,,,,,,,,
GRD,2007,Grenada,6864.548167718577,,,,,,,,,
GRD,2016,Grenada,9221.234610794238,93.2219009399414,,,,,,,,
GRD,2017,Grenada,9751.426611559324,95.3775787353516,,,,,,,,
GRD,2018,Grenada,10083.02127922496,96.8923263549805,,,,,,13.659199939561065,158.838,21.696
GRD,2019,Grenada,10462.792915953349,,,,,,,9.787922259482276,656.646,64.27199999999999
GRD,2020,Grenada,8968.558901084838,,,,,,,12.974285953597454,143.268,18.588
GRD,2021,Grenada,9622.240504593448,,,,,,,13.03471985961645,335.082,43.677
GRD,2022,Grenada,10535.45887714543,,,,,,,,,
GRD,2023,Grenada,11308.287424945123,,,,,,,6.339515898023489,167.568,10.623
GRL,2000,Greenland,19009.077440751487,,,,,,,11.02481457030795,,
GRL,2001,Greenland,19265.519146873772,,,,,,,9.53491038330722,,
GRL,2002,Greenland,20657.950632309658,,,,,,,8.817513824710248,,
GRL,2003,Greenland,27466.64945255037,,,,,,,10.299302377916137,,
GRL,2004,Greenland,32030.998791510858,,,,,,,10.44450201709908,,
GRL,2005,Greenland,32489.72773098986,,,,,,,9.25079527587846,,
GRL,2006,Greenland,35457.629757821414,,,,,,,8.397970279086627,,
GRL,2007,Greenland,39780.944136872095,,,,,,,,,
GRL,2016,Greenland,48181.74535412656,,,,,,,,,
GRL,2017,Greenland,50765.74946653718,,,,,,,,,
GRL,2018,Greenland,54545.13585776503,,,,,,,,,
GRL,2019,Greenland,53309.20359050652,,,,,,,,,
GRL,2020,Greenland,54812.66617710234,,,,,,,,,
GRL,2021,Greenland,58135.993991020296,,,,,,,,,
GRL,2022,Greenland,55635.00064912226,,,,,,,,,
GRL,2023,Greenland,58498.97431424332,,,,,,,,,
GTM,2000,Guatemala,1648.9657897155912,,39.7694616015373,25453.56529854851,22.4929259297394,37.7376124687234,62.996,2.606,,
GTM,2001,Guatemala,1537.6866357825168,,39.9800162685279,25393.478572608157,21.5648940356713,38.4550896958008,62.992,2.745,,
GTM,2002,Guatemala,1669.335174697054,9.33607006072998,40.2183043210919,25614.4022042384,20.7956294023816,38.986042780711,63.055,2.254169049756672,13349.265,300.915
GTM,2003,Guatemala,1722.547019107736,,33.5210740173698,25530.10446552675,23.6385660740117,42.8403599086186,63.07,2.8067951234892736,13653.615,383.229
GTM,2004,Guatemala,1840.9118488399963,,36.1596836095914,25586.87775230845,20.1661608795703,43.6741333223278,63.112,2.970756958765584,13755.888,408.654
GTM,2005,Guatemala,2046.4661165075804,,34.6603589157725,25851.46011138993,21.4750568667881,43.8645842174394,62.675,3.059,,
GTM,2006,Guatemala,2225.1234753877984,,33.2314966056897,26591.198845191477,22.8094983465573,43.9590050477531,62.236,1.8223860425207628,16471.818,287.11199999999997
GTM,2007,Guatemala,2458.8157391938444,17.2379207611084,33.500473267815,27597.338596542228,22.542089394664,43.957437337521,61.794,2.824,,
GTM,2016,Guatemala,4060.1375497418617,16.1237926483154,29.3773883046937,28684.763226973697,21.0129947127288,49.6096169825775,60.689,2.5830173911394954,19938.774,515.022
GTM,2017,Guatemala,4324.996081578011,17.1044540405273,31.779561425449,28645.803418842217,19.0027657571488,49.2176728174022,60.943,2.462029205241,20570.349,506.448
GTM,2018,Guatemala,4352.946517902529,17.5163669586182,32.916269467879,29064.20184686263,19.1001489726682,47.9835815594528,60.503,2.2831725759863537,21231.378,484.749
GTM,2019,Guatemala,4511.997551576558,22.6505107879639,31.0846473926847,30181.041429843564,19.0548467780148,49.8605058293005,59.169,2.192905898004044,21792.864,477.8970000000001
GTM,2020,Guatemala,4477.617617964175,18.6944980621338,30.4328754600405,30359.570326215096,20.3304568487915,49.2366519296089,56.901,2.955,,
GTM,2021,Guatemala,4912.622257212007,,29.1745936549522,31280.712873261415,22.0669466947146,48.7584596503332,57.907,2.174010819606901,22211.343,482.877
GTM,2022,Guatemala,5358.701274943964,,27.1415721051868,30913.103606197743,22.0126464082892,50.845767228696,60.241,3.050977875557664,21513.627,656.376
GTM,2023,Guatemala,5758.308762988451,27.2776298522949,26.6645982072983,31037.10466573648,21.9046528721443,51.4307350939573,60.212,2.343988849472896,23942.904,561.219
GUM,2000,Guam,,,0.513404700227833,,12.6587809369246,86.826253862239,67.8,15.324858757062144,,
GUM,2001,Guam,,,0.488284296901813,,12.8685532432685,86.6431624598296,65.6,13.212589073634204,,
GUM,2002,Guam,20909.95903028063,,0.463841114493839,,13.0720308589827,86.4641280265234,62.4,11.394037066881548,186.15,21.21
GUM,2003,Guam,21877.317837155275,,0.441766441360578,,13.2810914597025,86.2755810867767,62.051,9.697,,
GUM,2004,Guam,23618.8266894573,,0.419085935476005,,13.630198570536,85.950715493988,61.7,7.658924304731563,,
GUM,2005,Guam,25631.97761080522,,0.398490886225549,,13.901725783724,85.6982681555781,61.1,7.016996725401528,,
GUM,2006,Guam,25709.935148842203,,0.382561099421744,,13.9929079057723,85.624530994806,62.7,7.389497544389875,,
GUM,2007,Guam,26605.43242147555,,0.364741641337386,,14.2217245240761,85.4135338345865,57.8,8.349056603773585,,
GUM,2016,Guam,35930.6594898711,,0.261347049419615,,14.1099603808994,85.628692569681,62.474,5.4,,
GUM,2017,Guam,36779.00789039085,,0.253945220388173,,13.939081053175,85.8069737264368,62.455,5.418,,
GUM,2018,Guam,37195.95030704639,,0.246667881319113,,13.7405222071169,86.011408389511,62.477,5.449,,
GUM,2019,Guam,39274.943142489865,,0.241123551143574,,13.6185453622494,86.1403310866071,62.41,5.401,,
GUM,2020,Guam,36482.93639536749,,0.240451173838912,,13.6124509989653,86.1470978271958,60.855,6.248,,
GUM,2021,Guam,38074.8793745801,,0.239138528510468,,13.3044075951542,86.4550219090987,61.241,5.991,,
GUM,2022,Guam,41833.15171328248,,0.237861459528979,,13.2289693131059,86.5345521428275,62.56,5.454,,
GUM,2023,Guam,,,0.233049104817262,,13.1192937241247,86.647657171058,62.574,5.363,,
GUY,2000,Guyana,931.7966517189552,,24.9981582889276,25121.1491486615,24.3936677880641,50.6081739230083,57.203,11.93,,
GUY,2001,Guyana,931.5747238476732,,23.4173540275988,25852.395486965343,24.9138310883432,51.668814884058,56.744,11.806,,
GUY,2002,Guyana,950.8669324709928,,22.1774126628496,26342.20070712848,25.3746577047548,52.4483445357232,56.261,11.816983423625404,815.184,96.354
GUY,2003,Guyana,973.7425980541882,7.25076007843018,21.8326644025934,25970.39187983488,25.2472985489349,52.9204486981579,56.345,11.529,,
GUY,2004,Guyana,1033.3103090218794,10.431209564209,21.6071209832183,26162.620216535284,24.9687640357682,53.4237066677555,56.369,11.28,,
GUY,2005,Guyana,1084.06541388904,10.9353199005127,22.3211499572454,25460.49972225469,24.4844117897365,53.1944382530181,56.37,11.08,,
GUY,2006,Guyana,3135.605535283261,10.9832801818848,23.7261542659487,26503.375148789484,23.2317841464491,53.0416603131546,56.346,10.7,,
GUY,2007,Guyana,3608.286852401877,11.0615100860596,22.7776467814195,28294.0551393555,23.23404697485,53.9883062437305,56.297,10.846,,
GUY,2016,Guyana,5870.878237598348,,18.5817444857643,37320.07002955798,22.6531294886174,58.7651260256183,54.909,13.257,,
GUY,2017,Guyana,6178.665043729804,,18.3268714583955,38605.76846653749,22.5442259092407,59.1285102108088,54.773,13.462,,
GUY,2018,Guyana,6048.386971804177,,15.9145880574452,38831.13670375575,24.9402872260015,59.1447467876039,54.903,13.627133232023022,892.308,121.596
GUY,2019,Guyana,6405.824434445621,,15.2979224218894,42536.58306597554,24.4259840694124,60.2757005489647,51.293,13.172360955666102,849.711,111.927
GUY,2020,Guyana,6775.709390963032,,12.0688949634164,63555.020936026005,23.5689849900971,64.3617108343018,50.677,15.334,,
GUY,2021,Guyana,9860.870148343864,,12.5052034967498,74637.1640175181,25.1517019437062,62.343094559544,50.816,14.557,,
GUY,2022,Guyana,17913.492806687907,,11.9058210224834,118842.0548632806,25.298308867714,62.7958701098026,50.214,12.013,,
GUY,2023,Guyana,20473.700219061713,,11.2875068833406,159143.84032124304,25.8134058183267,62.8990872983328,49.834,12.025,,
HIC,2000,High income,22351.856015313904,54.7283210754395,6.684181878137573,90090.29302048,27.395676196844047,65.92014123008757,60.34694602079974,7.0276296549000214,,
HIC,2001,High income,22061.970110125036,58.0498695373535,6.210987922541589,91258.16728518976,27.189789234658047,66.59922353129393,60.0459649510837,6.872927073362376,,
HIC,2002,High income,22907.42846733343,61.4049415588379,5.891814297069562,92468.50823727903,26.89006047857133,67.21812626393518,60.048981496504496,7.194273081487285,,
HIC,2003,High income,25580.397073560296,63.8127212524414,5.678269100113246,94313.96917582033,26.626228464002487,67.69550330555374,59.97213830908246,7.3187393166483234,,
HIC,2004,High income,28420.74300690915,65.4166412353516,5.3282843052302455,96780.4590503476,26.35691015250312,68.31480504278386,60.020158960601144,7.094467382645124,,
HIC,2005,High income,30015.325135947973,66.701286315918,5.2317867893970815,98396.3642918527,26.051520651355244,68.7166925582892,60.21973654265462,6.780222116130308,,
HIC,2006,High income,31668.71861840568,68.1158218383789,5.025220206170367,100263.30861237326,25.97183496142602,69.00294433857934,60.416629131700795,6.300388042558502,,
HIC,2007,High income,34616.73141096616,69.3052520751953,4.7534401364256444,101803.67049374584,25.897049816129854,69.34951084193456,60.53500630736829,5.693595917187482,,
HIC,2016,High income,37055.75388548935,76.7376098632812,3.8084834671551833,108459.31789361144,23.392426664315582,72.79908988433671,60.685395063287345,6.105665638823369,,
HIC,2017,High income,38782.91754068531,77.0000915527344,3.636481334715411,109821.33323465614,23.413395555596416,72.95012356828371,60.79468419047889,5.576590791615915,,
HIC,2018,High income,41079.78726996093,77.3997497558594,3.5458936711383493,111127.80145247962,23.377782506651695,73.07632380283493,60.97075193158019,5.082106013821605,,
HIC,2019,High income,41351.49890532567,78.2772979736328,3.4825209607109135,112165.897493741,23.159154329540662,73.35832437838043,61.102565049159935,4.763018043097569,,
HIC,2020,High income,40219.13601855555,78.7059783935547,3.4988449153811363,110757.0094763107,23.049665914657755,73.45149023085807,60.29481753168035,6.461614777827317,,
HIC,2021,High income,45211.941045424835,79.9331130981445,3.367835128324084,115558.60886203567,22.827797751838578,73.80436667307109,60.58804238661253,5.560637186019751,,
HIC,2022,High income,46655.16485904119,79.2688903808594,3.2939209265133855,116057.0343114992,22.608603099545185,74.09747731275782,61.01291467224383,4.503011318109817,,
HIC,2023,High income,48708.46246858223,79.3141784667969,3.187198967301597,116483.22367089854,22.509571223339098,74.30323056675627,61.18832385909184,4.338660165038345,,
HKG,2000,"Hong Kong SAR, China",25756.772872370395,,0.313283793096364,83159.41867316654,21.9641041826577,77.7226120242459,60.705,4.933486075566375,,
HKG,2001,"Hong Kong SAR, China",25230.378091030372,,0.235152089366352,82356.08736338302,20.8498972317519,78.9149506788817,60.967,5.090383922779212,,
HKG,2002,"Hong Kong SAR, China",24665.83623182162,,0.303817106411403,84532.70920798818,19.621659974174,80.0745229194146,61.252,7.281960491986581,,
HKG,2003,"Hong Kong SAR, China",23977.17341204772,32.2168502807617,0.236314081155613,88089.89502942271,18.4434968675795,81.3201890512649,60.749,7.859764631951784,,
HKG,2004,"Hong Kong SAR, China",24928.10037225512,32.296459197998,0.284204264333544,93355.60358273116,17.0462707032015,82.6695250324649,60.676,6.739203854167264,,
HKG,2005,"Hong Kong SAR, China",26649.63772415501,32.9854888916016,0.286743210458327,98033.51060068607,16.5776175123228,83.1356688780458,60.567,5.580325598485063,,
HKG,2006,"Hong Kong SAR, China",28224.09515631463,33.7220993041992,0.265242663038662,102678.71379574794,16.1964818152734,83.538275521688,60.544,4.779206455576031,,
HKG,2007,"Hong Kong SAR, China",30593.951173864607,42.6142997741699,0.204570382244762,106931.6471925077,15.4156623896055,84.3797387245434,60.565,4.015304942603077,,
HKG,2016,"Hong Kong SAR, China",43734.19807029992,70.3316421508789,0.227232329569218,123445.2273450833,14.1108845671267,85.6618569636135,60.397,3.3920247585078673,,
HKG,2017,"Hong Kong SAR, China",46160.429791492985,72.9228515625,0.224104102110996,126739.13483459964,14.0488175682683,85.7271042555927,60.466,3.12439017238468,,
HKG,2018,"Hong Kong SAR, China",48537.56688883427,78.2463226318359,0.22105741355122,128537.26429185936,13.9478291150179,85.8311134714309,60.647,2.805366736322949,,
HKG,2019,"Hong Kong SAR, China",48359.00119505975,83.8542098999023,0.219642410651245,126827.8834772952,13.6834604885923,86.0968971007565,59.995,2.916851294172993,,
HKG,2020,"Hong Kong SAR, China",46109.22999466091,89.9478988647461,0.217763770057278,124435.16713413793,13.4502379040068,86.3319712375207,58.975,5.8074389995858064,,
HKG,2021,"Hong Kong SAR, China",49770.56423747394,97.3813323974609,0.215527589419672,133018.79597863238,13.6436517009416,86.1408207096388,58.744,5.17405042850536,,
HKG,2022,"Hong Kong SAR, China",48825.84418735359,97.3490219116211,0.211179388674375,129856.691806149,14.0009082750813,85.7879123362443,57.851,4.317841293850903,,
HKG,2023,"Hong Kong SAR, China",50565.464771726525,100.461082458496,0.210493448178717,129522.35324795044,14.0269722247507,85.7625343270706,57.395,2.9492721527018166,,
HND,2000,Honduras,1092.564007462518,12.5594596862793,36.1848421845158,13004.93301336872,22.0185323971583,41.7965822474417,64.38,3.881,,
HND,2001,Honduras,1132.1648753328989,,36.9390591177743,13047.05563362943,22.175974608036,40.8849662741897,63.844,3.9999879528802738,,
HND,2002,Honduras,1132.4996534531656,,38.8310688702038,13207.978824623426,21.8228095139951,39.3461627541993,63.305,4.019184919641173,,
HND,2003,Honduras,1156.0816268135652,15.5420999526978,37.3574897446319,13655.892383486347,21.40756987137,41.2349403839981,62.762,5.3021122288625575,,
HND,2004,Honduras,1215.1399541276094,15.6347904205322,34.9244191559222,14266.121944853992,22.3787151796613,42.6968256565589,62.216,5.98583832082947,,
HND,2005,Honduras,1304.7003915382616,,33.1090074632804,14606.533489594722,23.5147021447371,43.3762903919825,61.667,4.9087034917225925,8001.237000000001,392.75700000000006
HND,2006,Honduras,1425.8478005189231,,35.6227899421187,15309.47616771897,22.1012626297162,42.2759854179868,59.856,3.574438424737826,8048.565,287.69100000000003
HND,2007,Honduras,1577.7378919740734,,33.9924064420989,15919.531670953656,22.3290482234824,43.6785453344186,58.958,3.2104531179737146,8199.123,263.229
HND,2016,Honduras,2307.3446835108152,20.9513092041016,27.3542341904387,15268.925653131671,21.5745688264146,51.0711696109563,63.323,6.727132429470251,11301.933,760.2959999999999
HND,2017,Honduras,2413.007656294202,24.4584407806396,31.9848070918173,15128.780369451046,20.6834584017439,47.3317086382439,64.359,5.527805442021956,11645.598,643.746
HND,2018,Honduras,2464.642415319176,26.2141990661621,30.9557592805988,14770.92721349117,20.1250011552562,48.9192395641449,66.746,5.648259436678858,12460.104,703.779
HND,2019,Honduras,2502.327443280727,25.126579284668,31.138461327296,15266.638008847956,20.8861254353334,47.9754132373706,64.592,5.697620155212296,12195.039,694.827
HND,2020,Honduras,2307.6149431951144,22.7773380279541,25.212863700983,15395.538230301456,23.0539533459241,51.7331829530929,60.286,10.982536751065435,12330.866999999998,1354.242
HND,2021,Honduras,2735.1475150397705,22.4562759399414,25.6597277993459,15870.112276236434,23.9338459618199,50.4064262388342,62.616,8.505679890842192,12195.920999999998,1037.346
HND,2022,Honduras,3003.289968263993,22.1740608215332,25.2130252414995,15878.868286352084,22.4130192217792,52.3739794245004,63.915,8.774046696171226,11954.085,1048.857
HND,2023,Honduras,3227.4576250977575,,22.5592425204478,17396.142876413756,21.3860527566498,56.0546794560656,57.363,6.070488225450334,11787.075,715.533
HPC,2000,Heavily indebted poor countries (HIPC),376.3214782667069,3.21539998054504,69.317081864305,5723.273020295238,8.609595835483978,22.073322300223424,71.48931234827728,5.154561362157108,,
HPC,2001,Heavily indebted poor countries (HIPC),353.85826327228153,3.50811004638672,69.16745531524445,5762.228496186489,8.60467370062929,22.227869884291984,71.44439632292334,5.082843619690709,,
HPC,2002,Heavily indebted poor countries (HIPC),373.0788754043111,3.8058500289917,68.88859319756544,5828.302775143369,8.677538117830991,22.433872955678215,71.38684760265433,5.049079200824072,,
HPC,2003,Heavily indebted poor countries (HIPC),411.0694403093486,4.04243993759155,68.40952266224572,5893.9174004290235,8.794140555180647,22.79633678257766,71.30530278344452,4.999782419197877,,
HPC,2004,Heavily indebted poor countries (HIPC),463.5195926468364,4.37358999252319,67.7863131201474,6048.396405909817,8.950498800393902,23.263187576813337,71.2348376847207,4.859563990441325,,
HPC,2005,Heavily indebted poor countries (HIPC),519.5291523381569,4.7024998664856,67.28490755201084,6208.043325967952,9.093254667657124,23.62183582957636,71.14163036063447,4.694772942602211,,
HPC,2006,Heavily indebted poor countries (HIPC),592.5543381246378,5.07634019851685,66.51561186529383,6396.253693012633,9.189464514517518,24.29492409465484,70.90118608455195,4.606002042586649,,
HPC,2007,Heavily indebted poor countries (HIPC),686.5892204111766,5.40303993225098,65.65812684504706,6575.051279630573,9.32063717457981,25.02123644261058,70.63576899473834,4.551292779734798,,
HPC,2016,Heavily indebted poor countries (HIPC),900.4980360254725,8.5213098526001,57.85029350961426,8032.388388951543,10.776200285843716,31.37350547541041,67.28359131380343,4.371447714987062,,
HPC,2017,Heavily indebted poor countries (HIPC),939.7455321353456,8.67872047424316,57.28263562700227,8238.933795704394,10.82449134077928,31.89287196384512,66.57374724385315,4.384236968134153,,
HPC,2018,Heavily indebted poor countries (HIPC),977.345900504428,8.8309497833252,56.48492212037695,8331.451325364751,10.79704155694156,32.718034594588595,66.33101017281024,4.350988450382499,,
HPC,2019,Heavily indebted poor countries (HIPC),984.5706615581624,8.91174030303955,55.680219283442405,8470.095621120176,10.827085483678498,33.492695232883136,65.99310870605665,4.358911385562939,,
HPC,2020,Heavily indebted poor countries (HIPC),968.0740220233444,9.07089042663574,55.93812100542975,8444.851247183484,10.927085310647447,33.13479334902258,64.68128504890934,5.084669867993814,,
HPC,2021,Heavily indebted poor countries (HIPC),1049.9998750601355,9.22424030303955,55.89163243675346,8426.345006474401,10.972401379475336,33.135966183762825,65.06278137412373,4.990254515990245,,
HPC,2022,Heavily indebted poor countries (HIPC),1111.3918579369758,,55.35022003685275,8499.652325610878,10.940934179919106,33.70884733687115,65.046965499363,4.4466420369021336,,
HPC,2023,Heavily indebted poor countries (HIPC),1173.1737095146946,,55.4487608996117,8442.25299173514,10.888672292551114,33.66256463023808,66.54794195966181,4.226617651810062,,
HRV,2000,Croatia,4953.651587890217,,16.4540834802302,58039.00178309708,29.2631100312435,54.2828064885263,52.632,16.063693744237003,,
HRV,2001,Croatia,5364.838246916065,36.3740501403809,15.9722799969262,62352.53804627549,29.7218409973816,54.3058790056922,52.23,15.821646024481913,,
HRV,2002,Croatia,6219.581641439454,39.1618309020996,15.5507530700725,65750.92683397925,29.8231817914381,54.6260651384894,51.763,15.05259153451981,5370.351,808.377
HRV,2003,Croatia,8190.111351938866,42.3809814453125,16.8652673876482,68263.54118426096,30.2516673811771,52.8830652311747,51.776,13.923747429099102,5360.475,746.379
HRV,2004,Croatia,9718.973228019671,44.0762214660645,16.9652020201104,69148.41887659697,29.6401791756397,53.39461880425,52.917,13.66396413348496,5500.3949999999995,751.572
HRV,2005,Croatia,10443.527835329449,47.2947196960449,17.300037405551,71366.39916184085,28.6282935587641,54.0716091868033,52.658,12.59782577288195,5398.884,680.142
HRV,2006,Croatia,11502.753124287045,48.5975112915039,14.2422877663435,74366.75115691891,29.349181173184,56.4085310604725,52.107,11.130116264477037,5354.688,595.983
HRV,2007,Croatia,13757.60565419202,50.530590057373,12.3541268342125,75838.13287215761,30.6429246043629,57.0029485614245,52.87,9.90931350133442,5773.296,572.094
HRV,2016,Croatia,12821.173814030428,69.5889511108398,7.60244892662254,81112.93070187615,26.9743262207418,65.4232248526356,51.196,13.014878357474336,5333.25,694.116
HRV,2017,Croatia,13902.631048542222,71.3775863647461,6.97947751706021,82857.03964382326,26.4154686794651,66.6050538034746,51.474,11.07818927230023,5270.058,583.827
HRV,2018,Croatia,15460.418329584349,72.8625411987305,6.24104491494263,84464.50984480006,27.4223602291257,66.3365948559316,51.048,8.321903692957555,5153.268,428.85
HRV,2019,Croatia,15563.816739719914,74.0501174926758,6.19401016629936,86289.14024218274,27.6661884265901,66.1398014071105,51.002,6.551255720589888,5099.343,334.071
HRV,2020,Croatia,14808.462018881932,74.738037109375,6.46601851712609,80504.46088517248,28.2373640916132,65.2966173912608,51.011,7.388668402919653,5066.082,374.316
HRV,2021,Croatia,17789.930473672237,78.0067901611328,6.8034305972895,89926.01526000585,28.7695030994626,64.4270663032479,51.914,7.483418334567663,5136.396000000001,384.378
HRV,2022,Croatia,18466.095547264755,80.7626724243164,5.89435055928902,94904.58137021368,28.3695670720263,65.7360823686847,52.677,6.810651364595169,5172.633,352.29
HRV,2023,Croatia,21865.456283864052,,4.67627937065642,97623.384216867,27.4732631314771,67.8503965834312,52.255,6.120789483140545,5176.146000000001,316.821
HTI,2000,Haiti,820.6000467614642,,52.0586618504413,9516.244923351338,10.2698709768693,37.6714319800838,62.77,8.454,,
HTI,2001,Haiti,748.821159844528,,51.5794604988077,9362.95540919784,10.2460891774895,38.1744503237028,62.983,9.754,,
HTI,2002,Haiti,720.9695680425219,,50.9982491670253,9339.233175845618,10.206687461738,38.795097667671,63.196,11.046,,
HTI,2003,Haiti,578.9952910797085,,50.4262951801428,9521.252626797766,10.413543323369,39.1601614964882,63.408,12.18,,
HTI,2004,Haiti,683.1852981552732,,50.1953888367911,9273.335053563023,10.5412260774565,39.2633850857523,63.619,13.453,,
HTI,2005,Haiti,775.8457040569159,,50.1405425372455,9419.393008736832,10.7364442097231,39.1230132530314,63.83,14.587,,
HTI,2006,Haiti,828.8057002895894,,50.0018783855471,9446.578031157258,11.0009592720673,38.9971947283433,64.191,15.908,,
HTI,2007,Haiti,984.5669834485212,,49.7683268374183,9704.740054506534,11.1644158156732,39.0672573469086,64.551,16.8,,
HTI,2016,Haiti,1318.402681679532,,46.4739237720872,9159.909047413805,12.2619517241707,41.2641494868348,65.915,13.852,,
HTI,2017,Haiti,1395.2394518446108,,46.0736527273391,9211.790518711214,12.2102509314249,41.7160963412359,65.959,13.881,,
HTI,2018,Haiti,1496.3804897015589,,45.73636174219,9193.58474923548,12.2051273661148,42.0585108916951,65.971,13.878,,
HTI,2019,Haiti,1352.1720419153248,,45.3826611230952,8909.636872700683,12.1562275496269,42.4611113272779,65.847,14.057,,
HTI,2020,Haiti,1290.3253866738314,,45.5160509798285,8699.148197707806,12.3582962004696,42.125652819702,65.221,15.546,,
HTI,2021,Haiti,1835.4439407849611,,45.4029181519789,8337.029735165735,12.4656343147402,42.1314475332809,65.535,15.28,,
HTI,2022,Haiti,1760.626356687774,,44.8759204207638,8017.110704227849,12.4526183398125,42.6714612394237,65.422,14.635,,
HTI,2023,Haiti,1705.7580846099909,,44.6776152774286,7743.765426893736,12.4618078914715,42.8605768310999,65.299,14.556,,
HUN,2000,Hungary,4629.917608125478,37.8246803283691,6.46247204169324,55545.90889900984,33.7737577837207,59.763770174586,51.245,6.563149777773086,12221.967,802.146
HUN,2001,Hungary,5280.9488798706325,42.3478889465332,6.18694771723122,56811.40339261024,34.4219682582746,59.3910840244942,51.564,5.671258130964164,12272.991,696.033
HUN,2002,Hungary,6658.044943268094,47.357421875,6.11781484849083,59119.72114120179,34.1392258406734,59.7429833778654,51.839,5.608179628492024,12291.903000000002,689.352
HUN,2003,Hungary,8410.092481984786,54.6346397399902,5.38149884598218,61363.03637164091,33.3962397021065,61.2222374173843,52.024,5.789852518479607,12495.396,723.465
HUN,2004,Hungary,10291.269472140895,61.5071411132812,5.26059450890997,64163.626386654,32.945797874633,61.793607616457,52.219,5.8320829247590575,12405.945,723.5250000000001
HUN,2005,Hungary,11212.204696899376,64.9774017333984,4.86637779525724,67703.53692885772,32.4759890882285,62.6576573412089,52.332,7.188525003544544,12610.932,906.54
HUN,2006,Hungary,11478.489164050112,66.3986663818359,4.76368544679497,70441.9398163817,32.3192713964013,62.9170431568037,52.391,7.493876297680929,12739.842,954.708
HUN,2007,Hungary,13934.605460374964,66.2652969360352,4.58640710945861,70693.23220971934,32.51481864923,62.8987742413114,52.288,7.405925594759255,12642.174,936.27
HUN,2016,Hungary,13215.860527778876,49.47705078125,5.03977080642695,69687.65338730953,30.438087657898,64.522141535675,57.28,5.1148669524939825,13758.657,703.7370000000001
HUN,2017,Hungary,14736.166815725835,49.910270690918,5.03667355037515,71433.87762198485,31.5233280033145,63.4399768672869,57.814,4.15571504845014,13839.279,575.121
HUN,2018,Hungary,16605.05705118868,50.8998908996582,4.84822547871644,74573.83840886172,32.4234989320178,62.7282755892657,58.338,3.6668819038924383,13887.003,509.22
HUN,2019,Hungary,17012.859855319868,52.3610382080078,4.72224695283519,78002.82610087335,32.0887758346582,63.1889772125066,58.505,3.4111825607645563,13961.346,476.247
HUN,2020,Hungary,16386.93088212582,54.6020393371582,4.75692842242925,75472.34185944826,31.9022377086124,63.3408553011013,58.498,4.247749015254957,13881.258000000002,589.641
HUN,2021,Hungary,19030.62813032901,56.5250091552734,4.39273108150605,80107.07720449423,31.4305309345795,64.1767379839145,59.215,4.021257731808747,14431.454999999998,580.326
HUN,2022,Hungary,18483.636686703485,58.0702514648438,4.36257421525048,82377.05197653001,31.355417666211,64.2820081185385,59.922,3.5830348603414066,14569.995,522.048
HUN,2023,Hungary,22312.17902897625,,4.43143967421914,81296.93800179717,31.1510378994478,64.4175224263331,60.554,4.096098164984831,14735.682,603.588
IBD,2000,IBRD only,1477.578630780185,16.0245704650879,44.537176162142266,16512.702796666457,21.216494157159975,34.24633006787233,65.23285652115489,6.557336740143562,,
IBD,2001,IBRD only,1481.2822826892575,17.3320693969727,44.09111790910978,16883.943241467747,21.07317383735687,34.83570768139178,64.98039555131463,6.709061098100621,,
IBD,2002,IBRD only,1487.0954618776916,18.7700996398926,43.70834490782486,17407.841042080498,20.83851309860937,35.45314193255668,64.70182511247425,6.928416184399507,,
IBD,2003,IBRD only,1652.0001006716736,20.2690601348877,43.07736043356924,18153.306075197128,20.975148745563537,35.94749093249672,64.50641866645802,6.9971889965357015,,
IBD,2004,IBRD only,1946.0974977178391,21.4563999176025,41.56635142304236,19167.450163390225,21.552506555007092,36.881142144832125,64.39866557858153,6.8329038846710555,,
IBD,2005,IBRD only,2299.03457818262,22.4715003967285,40.328363009546635,20148.077993768275,22.28248151428578,37.389155908510915,64.25083029403656,6.753467983220289,,
IBD,2006,IBRD only,2698.453696082913,23.812370300293,38.85178922350307,21456.61391950645,23.022724351115805,38.12548595953616,63.89538724491261,6.528085074805713,,
IBD,2007,IBRD only,3318.339479315298,25.1788005828857,37.59918604173013,22957.840976096217,23.87332880237403,38.52748530045156,63.67266560596131,6.342271621104071,,
IBD,2016,IBRD only,5560.963294465743,41.6879997253418,28.33363427974718,32535.040214587905,26.030406123135045,45.635959358511904,61.13962018743051,6.425582127741853,,
IBD,2017,IBRD only,6080.71326559023,42.4549789428711,27.70384980160984,33914.23268718732,26.193048992914083,46.10310115129415,60.8580456408568,6.402894795617946,,
IBD,2018,IBRD only,6429.487612755685,43.2023315429688,26.909302912707457,35221.38644696815,26.384624681149635,46.70607216799441,60.63743253072477,6.294315685709589,,
IBD,2019,IBRD only,6517.954322409431,44.3106307983398,26.18979694446026,36202.78449953157,26.50653733657406,47.30366571240248,60.40841482508805,6.0807655937156495,,
IBD,2020,IBRD only,6236.681204990362,46.1399803161621,27.089510342691288,36440.624838315816,26.339265602385844,46.57122385661641,58.77875802568424,6.972138212851693,,
IBD,2021,IBRD only,7366.114738217498,48.3758201599121,26.693880977555185,37881.411382060265,26.74423718132195,46.5618819840477,59.710702149653265,6.339003291162474,,
IBD,2022,IBRD only,7745.393065753719,50.3933410644531,26.26537703481956,38579.775057796,27.00854661999236,46.72607643487594,59.98907382955007,5.601595187445684,,
IBD,2023,IBRD only,7964.736753471279,51.9278106689453,26.22555998762407,39702.75844222842,26.756057545979385,47.01838250622215,60.264970228703405,5.164780801562933,,
IBT,2000,IDA & IBRD total,1251.5695023453711,13.3889904022217,47.429744862152766,14813.128646141566,19.386238086388975,33.184017316692085,65.35519080356235,6.15636406177533,,
IBT,2001,IDA & IBRD total,1248.7160675065124,14.4465198516846,46.93635369735913,15114.15079689228,19.2986232065361,33.76502272846376,65.13489599814477,6.274012364863948,,
IBT,2002,IDA & IBRD total,1256.0080855801011,15.5718097686768,46.46454227142924,15555.11419314114,19.12799381605055,34.40746441408067,64.88813057796261,6.443863192730265,,
IBT,2003,IDA & IBRD total,1391.6324119651067,16.7291202545166,45.81033059123846,16176.014811497682,19.270531087006137,34.919138412261105,64.71581551046101,6.489360102884477,,
IBT,2004,IDA & IBRD total,1632.3978202583914,17.6583595275879,44.47250258518003,17040.57307852841,19.754579881752083,35.772917851500964,64.61244527342767,6.332494591127507,,
IBT,2005,IDA & IBRD total,1918.536977315976,18.5234603881836,43.35935241451502,17873.176096725805,20.35697555273315,36.28367207464155,64.46355618013723,6.24361042096154,,
IBT,2006,IDA & IBRD total,2246.056793801742,19.5920600891113,42.08611848574422,18962.097788067767,20.958072905781883,36.955808237112365,64.13455965991577,6.026852404302175,,
IBT,2007,IDA & IBRD total,2740.4286847493167,20.6894798278809,40.99326666068816,20202.226391397948,21.6535171608947,37.35321633539258,63.9175996215676,5.869693976101072,,
IBT,2016,IDA & IBRD total,4467.698315831039,32.540210723877,32.892384396954796,27891.952737476608,23.497544229751824,43.61007122618685,61.603986716825915,5.965620378534406,,
IBT,2017,IDA & IBRD total,4853.165654733433,32.9423408508301,32.27073695177066,28973.593059184484,23.632158846665217,44.09710415913317,61.34962108058948,5.9889415549091725,,
IBT,2018,IDA & IBRD total,5111.821394511665,33.3549690246582,31.518144923720996,30000.47367415611,23.782536611805263,44.699318131879394,61.150010499329355,5.9244398109915455,,
IBT,2019,IDA & IBRD total,5169.581322579862,34.2020797729492,30.93043164020725,30760.789260071066,23.84407936475771,45.2254891362404,60.95170150467148,5.783017561453199,,
IBT,2020,IDA & IBRD total,4932.646213630926,35.2875099182129,31.678312746255923,30756.331256736208,23.742263429338635,44.57942374741368,59.5576489190316,6.643821142086398,,
IBT,2021,IDA & IBRD total,5764.2554887994165,36.7141799926758,31.298684024958103,31905.165502273932,24.10933909369091,44.591976954246746,60.347992703699695,6.171750280800024,,
IBT,2022,IDA & IBRD total,6043.777287255023,37.9035491943359,30.841882827518827,32358.068299291645,24.311956819794812,44.846160561420746,60.593234186206175,5.423946596615208,,
IBT,2023,IDA & IBRD total,6162.30588823383,38.9257316589355,30.715095624787025,33247.06948440099,24.164300452643943,45.12060364122424,60.974074154329465,5.035568160399062,,
IDA,2000,IDA total,457.61811527963846,4.75686979293823,59.55529543499052,7598.186323325573,11.713866278142396,28.730838040929505,65.8848881679429,4.437367526042058,,
IDA,2001,IDA total,441.622901078448,5.18636989593506,58.71501795684423,7695.197109368342,11.952365234448624,29.33261728765448,65.79837913721097,4.428974787913039,,
IDA,2002,IDA total,464.746959945568,5.39492988586426,57.72821180992596,7886.012382422585,12.137665695000036,30.13412529567068,65.68194096391143,4.410087670574072,,
IDA,2003,IDA total,511.7271846341221,5.59728002548218,56.85755630678597,8079.0905634661485,12.380117014994532,30.762326683338458,65.6008358255176,4.378817710140382,,
IDA,2004,IDA total,585.546860406566,5.82950019836426,56.1268970842848,8400.61580312615,12.544443326032123,31.328660692326704,65.50851767624599,4.270530439443301,,
IDA,2005,IDA total,664.7596280129019,6.29584980010986,55.4090917677328,8713.567590295243,12.702100573050345,31.888806148853003,65.34761063124023,4.160287600373326,,
IDA,2006,IDA total,775.2771280547536,6.63453006744385,54.79883652058843,9032.033481744009,12.842841110681247,32.35832236874136,65.11851257492269,4.003518160547562,,
IDA,2007,IDA total,887.1203496785096,7.00784015655518,54.18817901396155,9350.996772208026,13.023722132900456,32.788099058396604,64.91277482823546,3.9862770089522335,,
IDA,2016,IDA total,1316.751058841707,10.631139755249,48.61231820634912,11703.496538962892,14.763478907323002,36.624203054738395,63.29868189573192,4.344256582664576,,
IDA,2017,IDA total,1358.7107471941529,10.8144702911377,47.81431295786638,11976.66467269534,14.91607077120685,37.26961626849076,63.119189708648385,4.552178646869849,,
IDA,2018,IDA total,1409.8986748195434,11.089409828186,46.99677777883279,12269.668721495436,15.043515880393638,37.95970569098617,62.96884322297376,4.660565415333352,,
IDA,2019,IDA total,1434.2046376013382,11.9337701797485,46.64029685239537,12509.115440316087,15.021029592988713,38.338674185507536,62.85077573138869,4.782675381380018,,
IDA,2020,IDA total,1374.4920159690523,12.024450302124,46.370772412165984,12328.739138664192,15.427163687816437,38.20206421145213,62.237858686863795,5.576853161498908,,
IDA,2021,IDA total,1465.0469157614243,12.3421297073364,46.078091645223715,12482.579915824068,15.652466460034937,38.26944174287437,62.50534368270378,5.630881022096675,,
IDA,2022,IDA total,1551.173813601912,12.3881301879883,45.201031270029894,12587.79956888356,15.85119330642453,38.947776005797905,62.586393545779515,4.862195674131067,,
IDA,2023,IDA total,1480.9436134105392,12.8580799102783,44.87200836080906,12619.732095274834,15.991678166366247,39.13631217872901,63.33746212500771,4.625803569925596,,
IDB,2000,IDA blend,619.9187417439317,4.87892007827759,47.07586156026657,10047.859951745091,15.248782653656953,37.67535508327432,66.2415968425057,3.8728254563961304,,
IDB,2001,IDA blend,602.9845064774174,5.17925977706909,46.46294013496256,10129.29803843511,15.331694934411132,38.20536629442055,66.13419515536462,3.7732055340410864,,
IDB,2002,IDA blend,645.0584991709516,5.50693988800049,45.36678938729837,10411.138881240808,15.256531617250738,39.37668032183388,65.94432704136175,3.582699869984919,,
IDB,2003,IDA blend,712.3849054758632,5.82013988494873,44.84469676374048,10568.296308367291,15.311576489509344,39.843728035628125,65.8949598250817,3.4598257877624032,,
IDB,2004,IDA blend,837.2715950606771,6.16229009628296,44.45933109785814,11018.873745383964,15.254659969996192,40.28601081006438,65.78559905579812,3.306019426672259,,
IDB,2005,IDA blend,958.1184439858569,6.68754005432129,43.99449880114549,11391.791311830348,15.147603242486918,40.85789856671225,65.51451745608635,3.247880036650244,,
IDB,2006,IDA blend,1149.0529377995113,6.73620986938477,43.604313604049786,11744.61489508446,15.18294174176821,41.212744059228896,65.25010550775255,3.1510396361193354,,
IDB,2007,IDA blend,1296.3796826118096,6.96239995956421,43.19674077719105,12009.902603940687,15.212061767213791,41.5911962993431,65.09410629167465,3.022122778905806,,
IDB,2016,IDA blend,1790.5240134151593,9.57781982421875,39.017271807212985,14418.531396428029,17.086905704586872,43.89582248819912,65.17375222732899,3.732200964345471,,
IDB,2017,IDA blend,1804.5740217676923,9.80747985839844,38.166034818561926,14670.56690605645,17.443043128247943,44.39092342850012,64.89946144261158,4.350360646255533,,
IDB,2018,IDA blend,1869.4197074476551,9.70331001281738,37.39031774641765,15062.478150632218,17.763839454320646,44.8458432511099,64.5731680209995,4.758530254230673,,
IDB,2019,IDA blend,1878.1337577148588,11.0283403396606,37.64238674869557,15203.602714691537,17.718945155213657,44.63866986601745,64.59080642881854,5.07726731486215,,
IDB,2020,IDA blend,1735.4250438776912,11.4586400985718,37.24642193936041,14785.70180000586,18.389993273992697,44.36358653044549,64.48654004428093,5.847926636803599,,
IDB,2021,IDA blend,1857.1973459325736,12.0312900543213,36.49712558875636,15067.207727780436,19.051509833146643,44.451364578091535,65.07397397321647,5.830786586759159,,
IDB,2022,IDA blend,1962.521522708068,11.688759803772,35.28846023602133,15180.827673139152,19.682758790047313,45.028780973927425,65.06503670028192,4.811322606127925,,
IDB,2023,IDA blend,1729.9198293079237,12.3865203857422,34.84658312965562,15028.745774239904,19.84289466506025,45.31052102822848,65.49131387374193,4.415089751622976,,
IDN,2000,Indonesia,763.7111249509245,14.9254198074341,45.2779832798122,13753.383889270955,17.4370654588339,37.2849502104017,67.756,6.077545838771029,286952.883,17439.693
IDN,2001,Indonesia,732.3070934057076,14.2340402603149,43.7706770474143,14109.489618714131,18.7386990024419,37.4906229098775,67.129,6.082238038809792,290064.67500000005,17642.424
IDN,2002,Indonesia,881.0029135691312,14.8015203475952,44.338247555185,14805.778453662995,18.7615901035831,36.900162341232,65.977,6.603956664077959,294382.383,19440.885
IDN,2003,Indonesia,1043.2105838671023,15.9035701751709,46.3789022729199,15311.725854211423,17.7093524972764,35.9117452298037,65.671,6.6575349864058175,298291.21499999997,19858.841999999997
IDN,2004,Indonesia,1126.840044471728,16.3212699890137,43.3299490039196,15910.663124920038,18.0046409813554,38.6654110347567,65.675,7.302812976074081,303316.764,22150.656
IDN,2005,Indonesia,1238.2144762948797,16.8704605102539,43.9947748949939,16978.3860201802,18.7623398626755,37.2428852423306,64.399,7.9448062618358,306202.34400000004,24327.182999999997
IDN,2006,Indonesia,1558.3156284716338,16.9588603973389,42.0641176129297,17589.890711308064,18.5912016211294,39.3446797546211,64.208,7.550634238411598,309759.621,23388.816
IDN,2007,Indonesia,1823.2197625507272,17.7960300445557,41.2611793695102,17939.378830834845,18.8157545788793,39.9230660516104,66.227,8.060226428778975,326072.86199999996,26282.210999999996
IDN,2016,Indonesia,3521.469434575738,35.4757537841797,31.8204335422203,24358.598813057743,21.7238394193708,46.4557270384088,66.314,4.300726331508554,374704.521,16115.016
IDN,2017,Indonesia,3798.8832617452576,36.633861541748,30.7900323852604,24981.548961260596,22.0176742801115,47.1922933346281,66.694,3.7834475488223407,382825.923,14484.018
IDN,2018,Indonesia,3860.953530907256,36.7954559326172,29.7132438676086,25734.22429502765,22.2727733064714,48.01398282592,67.652,4.3871323982728985,397462.224,17437.194
IDN,2019,Indonesia,4106.948561603577,37.925968170166,28.723928445917,26238.37149568051,22.2977618740258,48.9783096800572,68.238,3.590285274511084,410423.208,14735.363999999998
IDN,2020,Indonesia,3853.702887741458,38.6503868103027,29.5715807701976,25884.27877405972,21.535369551663,48.8930504384218,67.401,4.254678848425144,411050.343,17488.872
IDN,2021,Indonesia,4287.173139950984,41.0022087097168,28.987200263138,27058.710475310698,21.7614326387117,49.2513678645479,65.868,3.8268111009093295,407134.755,15580.278000000002
IDN,2022,Indonesia,4730.834848361069,42.6331672668457,29.2848622470942,27580.802147797705,21.8679695163291,48.8471689783968,67.018,3.461497774639741,420169.272,14544.15
IDN,2023,Indonesia,4876.3077451225245,45.1352272033691,28.7684839044504,28576.919030502377,22.0853508180263,49.1461660091886,66.966,3.307618592610287,432016.8000000001,14289.468
IDX,2000,IDA only,371.764828536657,4.69468021392822,66.27348195152403,6242.534482774485,9.810877106561827,23.915640941925343,65.69615380718032,4.7385463764996345,,
IDX,2001,IDA only,355.88023860217356,5.19004011154175,65.3468208438487,6340.63200132046,10.123202149936857,24.529977006211972,65.61990924811313,4.780215659041343,,
IDX,2002,IDA only,368.6256081082188,5.336669921875,64.44031770867393,6476.120112674113,10.444158456235746,25.115527436167547,65.54220241543378,4.853431802441597,,
IDX,2003,IDA only,404.6340176828543,5.48134994506836,63.40569609721175,6683.577010845138,10.782195524253062,25.812107683884573,65.44393683836304,4.872427942771451,,
IDX,2004,IDA only,450.51383080450154,5.65575981140137,62.51018124625782,6926.970101848721,11.061693367809694,26.428126064425843,65.36021926843841,4.790111930263939,,
IDX,2005,IDA only,506.969882077692,6.09139013290405,61.65137306909469,7206.374664481709,11.364732203408114,26.98389205738466,65.25801195023108,4.6520101279129795,,
IDX,2006,IDA only,573.4428084647145,6.58143997192383,60.92246539766235,7504.57147085538,11.562759064611008,27.514775863195016,65.04772424091969,4.463522239785165,,
IDX,2007,IDA only,665.7217838621297,7.03156995773315,60.2384266117022,7843.707115397916,11.819148506561708,27.9424258364395,64.81491267111632,4.50885950209726,,
IDX,2016,IDA only,1058.2334749194338,11.1728897094727,54.07844802625706,10113.913892988863,13.439863369409544,32.48168886868504,62.28793908096197,4.689466093324045,,
IDX,2017,IDA only,1116.0741605194123,11.3278503417969,53.24034271784323,10421.087074159825,13.494943911680783,33.26471259321875,62.16336502533783,4.665303603074275,,
IDX,2018,IDA only,1160.5041889187314,11.7931299209595,52.334528432249265,10676.444988268398,13.531990418856624,34.133479886991914,62.110040673078984,4.6060447006700524,,
IDX,2019,IDA only,1194.07215693518,12.3920698165894,51.624064614827894,10976.16880814924,13.526706527985768,34.849228857188585,61.9223574639893,4.61871804976572,,
IDX,2020,IDA only,1179.866456159563,12.3100700378418,51.47798946381996,10915.78646019588,13.768764678619728,34.753245367250784,61.04108936903893,5.424442147864788,,
IDX,2021,IDA only,1254.095721249343,12.4988098144531,51.48101443808669,10985.062979309943,13.735669259598293,34.7833160648099,61.13988055849676,5.517774929107163,,
IDX,2022,IDA only,1330.4025387594786,12.7406301498413,50.79491275789965,11083.687437245437,13.68895677315142,35.516131379781264,61.270325051690826,4.890880347744329,,
IDX,2023,IDA only,1347.7469096909233,13.0960102081299,50.71325073778276,11175.34733827022,13.747794391225533,35.5389535087035,62.150696048761255,4.748146828783263,,
IMN,2000,Isle of Man,21161.396307377203,,,,,,,,,
IMN,2001,Isle of Man,21819.71238256062,,,,,,,1.6001007937507874,,
IMN,2002,Isle of Man,24471.079881484653,,,,,,,,,
IMN,2003,Isle of Man,28861.617806291757,,,,,,,,,
IMN,2004,Isle of Man,35564.60239101461,,,,,,,,,
IMN,2005,Isle of Man,38135.85978858581,,,,,,,,,
IMN,2006,Isle of Man,42627.508935289115,,,,,,,2.416672648529658,125.379,3.03
IMN,2007,Isle of Man,55040.24370462358,,,,,,,,,
IMN,2016,Isle of Man,82025.94545092407,,,,,,,2.667321224022255,128.33100000000002,3.423
IMN,2017,Isle of Man,83481.30384890136,,,,,,,,,
IMN,2018,Isle of Man,89393.82442488115,,,,,,,,,
IMN,2019,Isle of Man,87127.55179774042,,,,,,,,,
IMN,2020,Isle of Man,79513.53303465979,,,,,,,,,
IMN,2021,Isle of Man,94299.96934896502,,,,,,,,,
IMN,2022,Isle of Man,88328.54812588703,,,,,,,,,
IND,2000,India,442.7502189372632,9.65246963500977,59.6447298794358,8665.721606269102,16.3199167652664,24.0353533552978,60.079,2.73056104911187,1008652.929,27541.884
IND,2001,India,450.3579005141282,10.3922300338745,58.8479699905131,8888.208115390804,16.7793618072974,24.3726682021894,59.923,7.653,,
IND,2002,India,469.1499289739273,10.7845497131348,57.9336681206266,9040.52062572788,17.2639815220956,24.8023501038953,59.765,7.753,,
IND,2003,India,544.1431335450022,11.2758102416992,57.0407643250526,9544.47877562853,17.8030146907325,25.1562209842148,59.606,7.68,,
IND,2004,India,624.2588265100661,11.6037998199463,55.982204268726,10084.890242902897,18.4311863353104,25.5866093959637,59.445,7.625,,
IND,2005,India,710.4880804089489,11.3199701309204,55.0204481795995,10660.239084466342,19.0012323340349,25.9783194863656,59.289,3.803471794096981,1164130.731,44277.384000000005
IND,2006,India,801.6683536590223,12.1438102722168,54.3090599906651,11449.42764055042,19.5278239958647,26.1631162498487,58.345,7.552,,
IND,2007,India,1021.8870770682591,13.8339099884033,53.5312713668523,12257.686858088158,20.1936884478371,26.2750399502542,57.418,7.561,,
IND,2016,India,1707.5089291224338,27.3043575286865,43.2382150052432,19841.137341488804,25.1746523943814,31.5871326003753,52.864,7.601,,
IND,2017,India,1950.1046828086637,27.9090518951416,42.2814983058292,20864.609023775316,25.2618814652018,32.4566202289691,52.681,7.618,,
IND,2018,India,1966.254551716789,28.5316867828369,41.2949968751159,21900.206437517925,25.3658726470382,33.3391304778459,52.487,7.6516177122091715,1128484.776,86347.341
IND,2019,India,2041.4286369858537,29.0233592987061,40.6518138453078,22172.712840408247,25.2511099516336,34.0970764043522,52.285,6.510064250254766,1219229.718,79372.63799999999
IND,2020,India,1907.042516376687,29.8196392059326,44.6754940000087,21151.789278089283,23.7036496996486,31.6208563003427,51.547,7.859195873150047,1259457.858,98983.26
IND,2021,India,2239.6138436748224,31.5741767883301,44.0791927910281,22095.29913559988,24.4704781413413,31.4503290676307,52.522,6.379930107356007,1302124.155,83074.611
IND,2022,India,2347.4482943462317,32.6703071594238,42.8609975884897,22624.493076306317,26.1203338792127,31.0186685322976,53.563,4.822389748804289,1402154.793,67617.369
IND,2023,India,2530.120312782038,33.1165237426758,43.5135829283351,23700.63325306892,25.0292087705551,31.4572083011098,54.649,4.171985859872388,1477289.355,61632.303
IRL,2000,Ireland,26334.567205050083,49.4498100280762,7.9512966649396,111461.26003113163,28.4625453355513,63.5861579995092,64.427,4.318165033197056,5240.073,226.275
IRL,2001,Ireland,28282.40988207296,50.6748008728027,7.10455039068797,114096.66052064956,28.93068788231,63.964761727002,64.507,3.683823044019697,5362.554,197.54700000000005
IRL,2002,Ireland,32705.434556569817,53.5348014831543,7.03106750759168,119074.18032757996,27.6242196020395,65.3447651477027,64.48,4.215622011427244,5524.1669999999995,232.878
IRL,2003,Ireland,41203.52958475685,55.8461685180664,6.49512678605031,121012.07035467152,27.7419271685866,65.762946045363,64.341,4.478293269243574,5632.101,252.222
IRL,2004,Ireland,47754.2023194244,58.9219093322754,6.3726358823372,126526.85201889908,27.5963960252684,66.0309176080731,64.407,4.4908436912369405,5767.335,259.002
IRL,2005,Ireland,50933.02160955888,58.8693199157715,5.90613872914831,127711.5527039458,27.6018703624092,66.4919909084425,65.676,4.236778682075301,6043.365,256.044
IRL,2006,Ireland,54329.16185996238,58.4411811828613,5.70524469535038,129499.24225110337,27.7727453842659,66.5220099203837,66.09,4.355021599294283,6339.0960000000005,276.06899999999996
IRL,2007,Ireland,61396.417461175995,58.3019905090332,5.44100171349529,132164.00563887507,25.7689749977668,68.7900232887379,66.617,4.980232893389376,7013.166000000001,349.27200000000005
IRL,2016,Ireland,64192.94180531784,77.5571365356445,5.28055914946279,180487.09677223008,18.5472333164576,76.1721606570288,62.119,8.374398843476053,6980.919,584.61
IRL,2017,Ireland,72198.1076995377,77.7806167602539,5.04590392747512,192576.81309793371,18.8407545479418,76.1133870483868,61.92,6.7129458367030725,7055.441999999999,473.628
IRL,2018,Ireland,80738.96288346963,77.2828826904297,4.76307666749436,200674.79656464848,18.8158384239692,76.4210849085365,62.142,5.741183839649232,7184.25,412.461
IRL,2019,Ireland,81810.19264814066,75.1799392700195,4.42880639855516,204444.99313358945,18.769353156814,76.8018404446308,62.312,4.949595825232784,7329.75,362.793
IRL,2020,Ireland,86622.50672512945,74.6803131103516,4.47968108396597,221359.9716813279,18.8229297143044,76.6974327694938,61.09,5.622755303962185,7292.19,410.0220000000001
IRL,2021,Ireland,103961.97635064943,78.7776031494141,4.48890293045553,244689.38961644488,18.7866171659817,76.7244382783652,63.625,6.356657193720467,7799.052000000001,495.759
IRL,2022,Ireland,105234.51156759707,76.6049499511719,3.98603664945824,250811.81450644828,19.2120658236193,76.8018581002494,64.529,4.465175577173582,8118.224999999999,362.493
IRL,2023,Ireland,103887.80038808093,,4.02688861655514,228799.75609590457,18.3675857613073,77.6055256221376,65.131,4.243013282143676,8547.039,362.652
IRN,2000,"Iran, Islamic Rep.",1650.0138583260289,19.4013805389404,22.7063767972185,42125.947572461424,30.9751821471517,46.3184410556299,44.133,11.696,,
IRN,2001,"Iran, Islamic Rep.",1881.0226663474784,20.267749786377,22.4130142860178,41473.483385154934,31.190009515067,46.3969706083941,44.327,12.36,,
IRN,2002,"Iran, Islamic Rep.",1891.257560920311,19.091869354248,21.9270408643133,43413.99142327798,31.6843962289825,46.3885683214409,44.572,12.8,,
IRN,2003,"Iran, Islamic Rep.",2208.996365535292,20.3405609130859,21.3298158954441,44661.12998104806,32.0666017508604,46.6035823536955,44.959,11.529,,
IRN,2004,"Iran, Islamic Rep.",2672.422665126686,22.3207702636719,21.0639164743362,43639.351933429214,32.1620815055632,46.7740020201007,45.506,10.3,,
IRN,2005,"Iran, Islamic Rep.",3132.050819258556,23.579309463501,20.8439277528469,43527.08387674333,32.053458300258,47.1026139468951,46.119,11.81332602025682,67517.412,7976.052000000001
IRN,2006,"Iran, Islamic Rep.",3618.916013679104,26.3164196014404,20.4566751201404,44822.511576863515,32.2166885354819,47.3266363443777,45.293,11.518999200715534,68495.01299999999,7889.94
IRN,2007,"Iran, Islamic Rep.",4687.991662659148,31.0405597686768,19.9041090806606,47734.8758676831,32.93643451546,47.1594519217806,44.433,10.77210271258508,68997.504,7432.482
IRN,2016,"Iran, Islamic Rep.",5477.037123899129,69.1833267211914,16.6884245790092,51873.69796329835,32.2931486871454,51.0184267338454,43.165,12.618055216108118,76042.701,9595.11
IRN,2017,"Iran, Islamic Rep.",5753.115446593992,68.1274108886719,16.5854951700123,51132.80483343707,32.3611939544003,51.053306895129,44.235,12.231648303448408,78655.875,9620.91
IRN,2018,"Iran, Islamic Rep.",4631.787090165143,62.7104721069336,16.6539951127309,49405.53570487201,32.3979852405553,50.9480196467138,44.39,12.194651886056098,80071.929,9764.493
IRN,2019,"Iran, Islamic Rep.",3831.2789476333737,59.9513702392578,16.979133759243,46956.54507834304,32.253433907064,50.767432333693,44.027,10.740293868130347,80820.94499999999,8680.407
IRN,2020,"Iran, Islamic Rep.",2988.781224147159,57.3403282165527,16.7277496081848,50566.22725154826,33.5711230008614,49.7011273909539,41.359,9.686658434557256,76619.48700000001,7421.868
IRN,2021,"Iran, Islamic Rep.",4334.792686313537,55.7980690002441,15.5190573710917,52528.25308635734,34.1459002254454,50.3350424034629,41.043,9.282003101901312,76756.79400000001,7124.568000000001
IRN,2022,"Iran, Islamic Rep.",4405.092915197908,60.6945381164551,14.5483691412397,53930.198068491314,34.9499563182128,50.5016745405475,40.726,9.084564651493633,77569.716,7046.870999999999
IRN,2023,"Iran, Islamic Rep.",4465.637668533057,,14.3072427010283,55920.48506760942,35.017684063352,50.675077114214,40.543,8.129098739472346,79275.135,6444.353999999999
IRQ,2000,Iraq,1980.189160387819,12.054630279541,14.4740625629774,58267.6640978708,28.6441244918845,56.8818129451381,42.096,8.058,,
IRQ,2001,Iraq,1435.6956837889963,,14.0871981207355,57505.82725512804,28.4325637910085,57.480238088256,42.041,8.261,,
IRQ,2002,Iraq,1266.1596127509445,12.6024503707886,14.1912519551356,51244.46610703479,27.6095733481292,58.1991746967352,41.987,8.621,,
IRQ,2003,Iraq,817.8878624996222,,14.2678768289744,31538.543372612778,27.0047314663904,58.7274088843542,41.932,8.955,,
IRQ,2004,Iraq,1328.3715762829215,15.4530696868896,13.743149394848,46770.55210278527,26.3767980658522,59.8800691488408,41.878,8.719,,
IRQ,2005,Iraq,1762.39360423421,15.499340057373,13.5873833411911,45942.987163882,26.647104114266,59.7655125445429,41.823,8.578,,
IRQ,2006,Iraq,2276.554357440865,,13.2037037741302,47924.98574641755,26.7376851443378,60.058611081532,41.769,8.42,,
IRQ,2007,Iraq,3128.9901032906632,,12.7709452126106,49163.29153578849,26.7576649586007,60.4713898287887,41.714,8.646085040310162,22675.176,1960.515
IRQ,2016,Iraq,4334.4209640418785,,9.03722896249327,65120.47268452373,28.2759768984011,62.6867941391056,43.15,10.820320431125,17001.844,1839.654
IRQ,2017,Iraq,4759.284643546699,,9.03515579060246,65649.73720636025,27.9563728899256,63.0084828948429,41.89,13.017326875435248,16332.662,2126.076
IRQ,2018,Iraq,5646.689320747416,,8.88425796354983,65983.58274010719,27.6569168987325,63.4588251377177,41.744,13.49,,
IRQ,2019,Iraq,5671.856863294203,,8.49467189891312,68496.67418774027,28.0843471675152,63.4209809335717,41.487,14.109,,
IRQ,2020,Iraq,4295.189451212281,,8.65759131067315,62368.832713273754,27.8268728787898,63.5155358105371,39.704,15.778,,
IRQ,2021,Iraq,4868.494310807826,,8.61905585999178,61825.424989829946,26.5405340502257,64.8404100897825,39.663,16.17298346351714,31045.719,5021.019
IRQ,2022,Iraq,6520.73154560584,,8.2791272192982,61866.66775108373,27.8811936439728,63.8396686865182,41.177,15.511,,
IRQ,2023,Iraq,5965.318350777613,,8.24563905397969,60229.91952409754,27.5775428017886,64.1768181442317,41.21,15.447,,
ISL,2000,Iceland,32096.37226136954,45.9174499511719,8.71274733822743,81658.66638914328,22.1024357042151,69.184209246925,77.764,1.9364576352921283,479.019,9.276
ISL,2001,Iceland,28897.44393969084,46.9373588562012,7.71217159461969,83740.81386944071,22.910038644738,69.3777897606423,77.678,1.8736613378860776,483.225,9.053999999999998
ISL,2002,Iceland,32409.216149175325,52.6091117858887,7.36907359349455,85420.09547322275,22.5478457994761,70.0836883656762,76.613,2.988166414448386,483.708,14.454
ISL,2003,Iceland,39476.69784866839,60.0269813537598,6.98452580843893,86709.01396666224,21.6554123431139,71.3600618484471,77.121,3.9973176456244097,492.105,19.671
ISL,2004,Iceland,47334.93065377233,66.5821762084961,6.321388036995,93433.75410253946,23.356716814373,70.321895148632,76.211,4.0307832042517155,488.838,19.704
ISL,2005,Iceland,56794.85015889529,69.8324279785156,6.52974570704701,96327.1394093664,21.6923149103875,71.7779393825654,75.633,2.5470174048221415,492.105,12.534
ISL,2006,Iceland,57492.9342498703,72.9682083129883,6.3138665617447,98149.36107720826,21.5479736945647,72.1381597436906,76.793,2.8297517599110784,518.208,14.664
ISL,2007,Iceland,69495.7267376825,73.1370162963867,5.9195715666215,102236.56415848991,20.8969244141163,73.1835040192622,77.069,2.2503884300742336,538.707,12.123
ISL,2016,Iceland,61987.926362028345,74.7006301879883,3.89529232051104,104652.45225565242,17.4593806415776,78.6448310750491,77.303,2.9777458575918256,588.969,17.538
ISL,2017,Iceland,72010.14903162584,71.3372497558594,3.75702655553402,106539.61646757142,17.483039348711,78.759934095755,76.777,2.741979984449071,598.035,16.398
ISL,2018,Iceland,74452.18907314472,69.3402328491211,4.02996703056561,109551.99147513618,16.7925585991316,79.1774743703028,75.863,2.7039357177546344,611.553,16.535999999999998
ISL,2019,Iceland,68452.23622306001,70.6093521118164,4.03653216245472,110073.90759108771,17.4732077169273,78.490260120618,75.577,3.5075339736850943,624.969,21.921
ISL,2020,Iceland,59023.56634657781,74.5906066894531,4.04329723620275,105587.2611614813,17.946327656327,78.0103751074703,73.512,5.477435279483791,617.424,33.819
ISL,2021,Iceland,69178.40469609607,86.5232086181641,4.09422697266213,109745.83462292222,18.9099270066014,76.9958460207364,73.413,6.0289066971951915,628.92,37.917
ISL,2022,Iceland,75121.01522806275,84.985237121582,4.09256028917223,111964.741213723,17.9550236481019,77.9524160627259,74.468,3.7891328803080326,656.034,24.857999999999997
ISL,2023,Iceland,79960.09615356618,,3.70861968092074,113674.47097880385,18.3151846450745,77.9761956740047,74.748,3.5180611029360236,685.008,24.098999999999997
ISR,2000,Israel,21706.51940563291,48.2686614990234,2.20127220510949,85093.5006609491,24.201858887421,73.5969107535687,61.353,11.102432078481105,8242.086,915.072
ISR,2001,Israel,20966.305266797062,50.4822311401367,2.02984245569606,83819.49741960772,23.4664430550431,74.5037144892608,61.334,11.812312890849242,8455.626,998.805
ISR,2002,Israel,19076.458429832084,54.9123497009277,2.01312082557115,83958.09636947972,22.6289944614969,75.357884712932,60.562,12.887655520681168,8539.218,1100.505
ISR,2003,Israel,19643.469038074167,54.520580291748,1.88137403639806,83744.15459703935,22.4701194250481,75.6485065385538,60.879,13.504998896911111,8743.629,1180.827
ISR,2004,Israel,20568.06940888339,53.9075012207031,2.04615245008362,84911.12630068937,22.0280271070908,75.9257811594641,61.369,13.028900748064617,8969.145,1168.581
ISR,2005,Israel,21286.838863659537,54.8960990905762,2.01142131741102,84785.8484728266,21.4499590699151,76.5386196126739,61.799,11.342064222278776,9194.94,1042.896
ISR,2006,Israel,22527.261979571904,54.3149490356445,1.76677453885913,86703.41191553768,21.2569673024106,76.9762217236281,62.222,10.70723016768489,9425.715,1009.233
ISR,2007,Israel,25721.259407731093,57.1039505004883,1.60119813550305,88440.04037298987,21.4450375973774,76.9537642671196,62.772,9.378631994005593,9677.019,907.572
ISR,2016,Israel,37671.538913879755,60.4474411010742,1.01795911386684,93527.5508532705,17.4982931308527,81.4837477552804,65.635,4.722706419497272,7823.946,369.502
ISR,2017,Israel,41138.47096427196,59.0658683776855,1.00428001111884,95341.86076915152,17.380307169981,81.6154393681906,65.491,4.140016523570468,7957.118,329.426
ISR,2018,Israel,42362.6652754196,57.3934288024902,0.922923448274426,97067.5055727255,17.0988412171801,81.9782613675886,65.432,3.917143693159585,8106.468,317.542
ISR,2019,Israel,44250.63136280731,55.9445381164551,0.920831313966417,99127.41336951064,16.3971823121693,82.6819606903423,64.996,3.7311042974643502,8218.8,306.652
ISR,2020,Israel,44575.57190454923,56.4272193908691,0.914937500016241,98141.98127567644,15.7919683304658,83.2930681836195,63.406,4.1686282032585815,8173.864,340.738
ISR,2021,Israel,52270.904024195625,58.9942817687988,0.795746338539525,106291.24259140868,15.9516424337284,83.2526112277321,63.319,4.81201638510389,8304.128,399.596
ISR,2022,Israel,54949.62155642901,57.6379203796387,0.780042318796721,106857.28204632188,15.7162346521146,83.5037474343924,64.738,3.6949857030174975,8664.066,320.136
ISR,2023,Israel,52003.72007299969,,0.762244941986571,104869.01545988946,15.6014442987411,83.6362869212394,64.945,3.3708706671758244,8919.298,300.658
ITA,2000,Italy,20190.00356360841,50.2729187011719,5.23185328378068,137760.0135344217,31.7896065247165,62.9785449684912,47.818,10.83367952564615,70401.621,7627.086
ITA,2001,Italy,20570.438591786176,53.4531898498535,5.21018760121988,138281.53174628466,31.7381247098434,63.051692389732,47.883,9.599019771379853,70896.114,6805.332
ITA,2002,Italy,22451.396437936848,56.3153915405273,4.92536219355408,136760.136332236,31.5989548755128,63.4756829309331,48.244,9.211024256796543,71861.715,6619.200000000001
ITA,2003,Italy,27577.570031985477,60.0055885314941,4.71599793813747,134507.14138696194,31.7586153680932,63.5253866937693,48.624,8.86912811305896,72580.821,6437.286
ITA,2004,Italy,31348.190184144543,63.3327293395996,4.1369073013161,131557.77685299303,30.8375742574323,65.0255184412516,49.489,7.865646442034222,72973.341,5739.825000000001
ITA,2005,Italy,32062.72383366903,65.3270263671875,4.1983065546802,133079.56227457218,30.6841974566183,65.1174915803178,48.916,7.730515860637638,72852.525,5631.876
ITA,2006,Italy,33537.12869942695,67.2835083007812,4.27257764264083,133599.82335769245,30.0505560777283,65.6768706270449,48.88,6.776654054685563,73235.124,4962.891
ITA,2007,Italy,37826.17545548228,68.8725967407227,3.96704710529807,134494.83210860842,30.131179611394,65.901773283308,48.578,6.075533405749563,73124.49299999999,4442.703
ITA,2016,Italy,31391.569289810846,61.3571014404297,3.88444749576679,127855.90343913429,26.122331632413,69.9932208718202,49.164,11.68840189882198,77308.353,9036.111
ITA,2017,Italy,32844.115660604024,62.69580078125,3.78281897467461,128328.067500085,26.0027859024687,70.2143994729745,49.501,11.211009368916638,77786.475,8720.649
ITA,2018,Italy,34904.10819238336,64.4753265380859,3.75687906470589,127692.75501059764,26.1040995862645,70.1390213490296,49.601,10.538141315677285,77075.907,8122.368
ITA,2019,Italy,33812.788724867976,65.6895065307617,3.88986907685421,127950.9040112966,25.8672101267822,70.2429207963636,49.586,9.88372924112736,77021.343,7612.581
ITA,2020,Italy,32091.48666213664,68.7231063842773,3.98195717154294,119091.668540678,26.3719133775448,69.6461294509123,48.254,9.192050439298663,74721.261,6868.416000000001
ITA,2021,Italy,36852.542541495095,71.2745208740234,4.05017040878443,130053.45617549792,26.6394574887002,69.3103677324991,48.443,9.497326345692253,74762.283,7100.418
ITA,2022,Italy,35653.9042103495,73.8962097167969,3.78769767205698,132513.13877429548,26.87073045834,69.3415676224386,49.034,8.069004832196025,75380.634,6082.467000000001
ITA,2023,Italy,39065.42443656329,,3.59457152248348,130459.81068049988,26.6374059667608,69.7680225107557,49.8,7.626760031490022,76580.448,5840.607
JAM,2000,Jamaica,3453.0925280022648,13.6748199462891,20.8534002579901,22936.36269661478,16.9937128769594,62.1529792683873,66.669,15.543642984777543,,
JAM,2001,Jamaica,3503.550266888578,15.8334903717041,20.7659127798632,23081.657640005327,17.1489444086092,62.0851428115277,66.113,14.98913830557567,,
JAM,2002,Jamaica,3680.6455172772385,16.6099491119385,20.1271573777202,23337.71651838475,17.310503217591,62.5623394046888,65.761,14.219500082767755,,
JAM,2003,Jamaica,3549.7075839461813,18.5184497833252,20.3849523541691,23975.000093499875,17.4551754224669,62.159872223364,65.4,11.7363197669125,2196.6,257.8
JAM,2004,Jamaica,3807.562931245522,18.6317501068115,18.4824672476066,23981.890096027204,18.2651709228687,63.2524508124587,65.361,11.442432373323689,2391.0,273.6
JAM,2005,Jamaica,4184.4397486749685,16.8241291046143,18.1083848992736,23944.944646007418,17.7685648392349,64.1230502614915,65.177,11.250577221779103,,
JAM,2006,Jamaica,4417.001271353632,16.696590423584,18.2761061083047,24386.681682691808,17.7529031965667,63.9709035382218,64.939,9.544710905390849,,
JAM,2007,Jamaica,4716.486125427274,,17.6410072444959,24473.735061727573,18.0604481222173,64.2985446332868,64.67,9.349856110882715,,
JAM,2016,Jamaica,5009.794487242953,,16.7224930605771,21600.020104133037,15.7069658588168,67.5705410806061,64.921,8.633853739597521,3852.567,332.625
JAM,2017,Jamaica,5259.313327669567,,16.7608123549594,21078.38386168114,15.7249718840081,67.5142157610325,65.674,7.399216362474694,3897.21,288.363
JAM,2018,Jamaica,5578.103475258318,,16.261118349199,20912.85041040685,16.1238832272492,67.6149252705017,65.484,5.470050094798124,3856.089,210.93
JAM,2019,Jamaica,5607.242992666079,,15.2306279638832,20356.89063291362,16.1880341518398,68.5814084634284,66.968,4.986535255646949,3930.264,195.984
JAM,2020,Jamaica,4879.440257733735,,15.9364245096076,19061.371287630023,15.7842647433203,68.2793107470722,64.834,6.501041886943979,3787.839,246.249
JAM,2021,Jamaica,5165.337821303312,,15.7378747542682,19231.68396879981,17.0947955100961,67.1673297356357,65.694,5.187965519800337,3840.465,199.242
JAM,2022,Jamaica,6022.153397917634,,14.8542028875954,19300.193197541623,17.4486787685064,67.6971183438982,67.655,4.083061978133925,3957.912,161.604
JAM,2023,Jamaica,6839.7250240818075,,14.6095165250996,19685.65925766885,17.5559894260832,67.8344940488171,67.891,3.0222678287484768,4069.593,122.994
JOR,2000,Jordan,1570.6100294047749,29.6429290771484,4.20930122430543,39672.52460259885,20.2692488425378,75.5213588661059,39.4,13.7,,
JOR,2001,Jordan,1632.2945401056288,,4.07674802210171,41863.019436947,20.5193882869717,75.4038636909266,38.8,14.7,,
JOR,2002,Jordan,1706.2674438440122,32.2784004211426,3.93388310054222,43913.535548999746,21.1216518362285,74.9444650632293,38.4,15.3,,
JOR,2003,Jordan,1775.6762558143184,36.0558204650879,4.04408372000512,45272.57439008078,23.2329196191548,72.7229966608401,37.4,14.5,,
JOR,2004,Jordan,1940.0864134280496,40.467830657959,4.11447015486471,47194.71412999618,25.8116159713154,70.0739138738199,37.849,14.628,,
JOR,2005,Jordan,2087.8707927363457,39.7074890136719,3.99449922655692,48972.543465286755,25.5422768777663,70.4632238956768,38.3,14.8,,
JOR,2006,Jordan,2342.634595749326,37.8664016723633,3.88051227588703,49605.36552725002,25.2826575104481,70.8369075640132,37.7,14.0,,
JOR,2007,Jordan,2506.205994841393,38.7338409423828,3.77573929032192,46983.12306604734,25.1195833629625,71.1046773467156,39.8,13.1,,
JOR,2016,Jordan,3986.7167701085286,34.0612602233887,3.42848743391777,43115.87714869018,20.5401859940104,76.0313265720719,38.935,15.275,,
JOR,2017,Jordan,4065.6162874938423,28.6210594177246,3.37513742856191,43034.342751595745,20.1492107255958,76.4756068242004,40.226,18.119772752469466,7766.157,1407.21
JOR,2018,Jordan,4145.439896732647,31.5562992095947,3.74237382765188,43863.26324563591,19.6559611340991,76.6016650382491,39.176,18.257348188144036,7889.700000000001,1440.4499999999998
JOR,2019,Jordan,4170.114400346496,30.11083984375,3.35621744885488,42641.96379446676,18.4383967898285,78.2054287792667,39.242,16.80133955112422,8275.608,1390.413
JOR,2020,Jordan,4022.040135613496,30.2879695892334,3.30477964313832,41630.03673463134,17.5743631686273,79.120814722901,39.947,19.21329751474523,8817.768,1694.1839999999995
JOR,2021,Jordan,4183.4999832686635,30.4513092041016,3.27983712270814,43813.741053983016,18.4126448933554,78.3075611005428,38.67,19.83676143897246,8763.003,1738.296
JOR,2022,Jordan,4332.251598979315,32.5119781494141,3.30218686640088,43116.03825987264,18.3247871726986,78.3730259609005,38.555,18.200429836893488,9096.939,1655.682
JOR,2023,Jordan,4466.083142085751,33.0567016601562,3.2215017672746,43148.25150142658,18.340414359654,78.4380838730714,38.54,16.620339688117152,9908.913,1646.895
JPN,2000,Japan,39169.35957015043,,4.93830527037495,76595.17017173636,31.3394389312826,63.7222573442043,62.443,4.748282228109602,200580.474,9524.127
JPN,2001,Japan,34406.18246380916,,4.74616348451843,77336.54200715128,30.6317411857611,64.6220953297205,61.993,5.020409423360314,200373.618,10059.576
JPN,2002,Japan,32820.79364332542,,4.54966293537753,78318.83917425336,29.8711298997859,65.5792071648365,61.234,5.386212163114908,198565.665,10695.168
JPN,2003,Japan,35387.03742035993,,4.49389968215139,79729.89108284221,29.7166405706917,65.7894613280764,60.766,5.2513323854559975,197734.446,10383.693
JPN,2004,Japan,38298.98017123033,,4.47880355605304,81366.46131544563,28.9306154176385,66.5905810263085,60.42,4.7343922167599235,196961.058,9324.909
JPN,2005,Japan,37812.89501999483,,4.31941412401892,82494.02347981508,28.5131191645818,67.1674667113993,60.418,4.446425383051302,197239.833,8770.122
JPN,2006,Japan,35991.54600286202,,4.15928264628575,83263.91902563132,28.4651357490187,67.3755831679336,60.423,4.191678892254972,197464.935,8277.096000000001
JPN,2007,Japan,35779.02454164271,,4.11829033620067,84101.76834662732,28.1456595887919,67.7360500750074,60.395,3.888096371895743,198246.012,7707.995999999999
JPN,2016,Japan,39375.47316207813,63.1872291564941,3.38371130757167,86240.9099959869,24.7750105961513,71.841278096277,59.986,3.131467229231803,198075.55199999997,6202.670999999999
JPN,2017,Japan,38834.05293412266,62.4629783630371,3.32515715553642,86700.15360980565,24.7571044461039,71.9177399314984,60.444,2.8223647088904893,200092.638,5647.344
JPN,2018,Japan,39751.13309827112,62.2089385986328,3.39673282061749,85516.8962465425,24.4385720951158,72.1646950842667,61.446,2.467078708265619,203408.103,5018.238
JPN,2019,Japan,40415.956764954695,62.1184997558594,3.26564268498529,84299.25241694805,24.2499281156584,72.4844291993564,62.008,2.3506429046924726,205130.094,4821.876
JPN,2020,Japan,40028.734172676246,62.1358413696289,3.14789594460024,81349.26928475525,24.0472982957654,72.8048072577414,61.947,2.8090570306583187,204740.877,5751.2880000000005
JPN,2021,Japan,40094.55997952878,63.1702690124512,3.05897001674587,83541.44650665094,23.85769212659,73.0833378566641,62.124,2.8084513744770354,204543.723,5744.511
JPN,2022,Japan,34065.64389625263,64.6288299560547,3.10089196662262,83816.25741650602,23.5516559097357,73.3474521236417,62.5,2.6145357040804864,205944.864,5384.502
JPN,2023,Japan,33836.17562716171,,3.00513476523112,84722.5218987574,23.7088487043151,73.2860165304538,62.9,2.5703971119133575,207750.0,5340.0
KAZ,2000,Kazakhstan,1180.0444563226,32.0638694763184,36.2511040548504,28953.49294424118,16.2396018139637,47.5092941311859,70.763,12.752905422517378,,
KAZ,2001,Kazakhstan,1422.2733181095696,,35.5197892875695,31669.96669358871,16.3357656046857,48.1444451077448,70.484,10.433073498148172,,
KAZ,2002,Kazakhstan,1573.5521993232485,,35.4782478398362,33978.765220625515,16.2828498077142,48.2389159497168,70.201,9.334162195764693,22199.1,2072.1000000000004
KAZ,2003,Kazakhstan,1958.0205024651132,,35.2540372603428,36580.17164501481,16.9613348977783,47.7846278418789,69.843,8.777245243101355,22971.9,2016.3
KAZ,2004,Kazakhstan,2722.474077554025,,33.501357449611,39724.534761539864,17.4092862849884,49.0893695353513,69.316,8.402364600215428,23521.800000000003,1976.4
KAZ,2005,Kazakhstan,3577.358040017821,,32.4052479807332,42833.86699166122,18.0053619288961,49.5894031338875,69.513,8.128420932459774,,
KAZ,2006,Kazakhstan,5030.13494711519,56.3105812072754,31.5350890005827,46578.33990651192,18.4412841135587,50.0236396987034,69.765,7.790436631866061,,
KAZ,2007,Kazakhstan,6449.439310965321,,31.224532202345,49705.11035034502,18.9210536723536,49.8544141253014,70.131,7.255031803794585,,
KAZ,2016,Kazakhstan,7475.566886894244,46.8150215148926,16.2830987018921,61975.74302970879,20.7117374386722,63.0051638594358,72.667,4.959397156411224,,
KAZ,2017,Kazakhstan,8943.084167919838,51.0654792785645,15.3814735436246,63803.766164853565,20.7798934129609,63.8386438946188,72.696,4.900054829842722,27082.199999999997,1326.9
KAZ,2018,Kazakhstan,9472.485273277582,53.5158615112305,14.2380466353645,65645.28006593074,20.945632542121,64.8163208225145,72.708,4.846590110044651,,
KAZ,2019,Kazakhstan,9457.126146571356,59.5819778442383,13.7001454962584,67763.50440789148,20.969428411794,65.3304154980741,72.714,4.803546833359141,,
KAZ,2020,Kazakhstan,8781.507977876476,64.8498611450195,13.4616066038725,66763.29317414947,21.2739716187467,65.2644217773808,71.216,4.888462879051935,27542.4,1346.4
KAZ,2021,Kazakhstan,9983.60103576902,61.2268028259277,13.15855696626,68776.48971407961,21.5179696175153,65.3234734162246,71.918,5.546,,
KAZ,2022,Kazakhstan,11255.339643788113,58.9427337646484,12.3618721955257,69672.44885870349,21.4906609117112,66.1474772717767,71.828,4.859801508174768,28289.426999999996,1374.81
KAZ,2023,Kazakhstan,12879.427525797384,56.5271034240723,12.1286969689899,72521.8320117918,21.5941752041792,66.277117547586,71.353,4.821,,
KEN,2000,Kenya,414.6263651308463,2.76514005661011,45.3494380282317,9893.577698108273,12.9631409019567,41.6874124752627,72.512,2.889,,
KEN,2001,Kenya,410.7004524748136,2.83207011222839,44.7315438678851,9859.97335625892,12.8237100540399,42.4447543314578,72.633,2.881,,
KEN,2002,Kenya,402.9363856053818,2.82814002037048,44.2192624594157,9528.16114668592,12.6701156543327,43.1106298184843,72.753,2.919,,
KEN,2003,Kenya,442.8984572534054,,43.6627378268692,9430.963610293837,12.5765614228216,43.7607083780382,72.874,2.873,,
KEN,2004,Kenya,463.66278130012114,2.91774988174438,43.0517934706757,9535.748836631356,12.5990997608295,44.3491141063642,72.993,2.848,,
KEN,2005,Kenya,523.4563124338626,2.95904994010925,42.3911400711829,9719.752078049718,12.6682360173033,44.9406309738741,73.113,9.957321622000205,37865.544,3770.394
KEN,2006,Kenya,699.8023706338097,,41.7803429891427,9976.96539206787,12.764764940328,45.4548920705293,73.232,2.68,,
KEN,2007,Kenya,840.2014394767648,,41.0531767426812,10294.70176415623,12.8817054944604,46.0651177628584,73.351,2.65,,
KEN,2016,Kenya,1554.1261031442327,11.7006797790527,35.621007547009,11274.664611932736,14.1645510728599,50.2144364704217,74.405,2.7573742749962804,59583.315,1642.935
KEN,2017,Kenya,1667.4844723083545,11.8862104415894,35.0187221229055,11781.367692694736,14.3918374538209,50.5894404232736,72.305,3.541,,
KEN,2018,Kenya,1836.4527552899297,,34.2520228666683,12557.960657979542,14.7288122412844,51.0191648920473,70.103,4.284,,
KEN,2019,Kenya,1960.408088548926,10.5694704055786,33.588151519186,13354.543474742251,15.0011246131936,51.4107238676204,67.803,5.013758251767865,59138.691000000006,2965.071
KEN,2020,Kenya,1927.6645902784887,,33.6450700692305,13164.580144704749,15.3184514784556,51.036478452314,67.039,5.619,,
KEN,2021,Kenya,2061.3562208959406,,33.4331229735347,13686.68184259666,15.4999670033291,51.0669148401685,67.462,5.585003467141306,62199.65700000001,3473.853
KEN,2022,Kenya,2109.562885131375,,32.7804771763268,13996.71857816658,15.4445163160058,51.7750112054962,67.191,5.4406334793981515,54187.587,2948.148
KEN,2023,Kenya,1952.3045792963608,,32.2537749419991,14364.24443119784,15.5659815260268,52.1802389645221,66.977,5.567,,
KGZ,2000,Kyrgyz Republic,279.62173846436474,35.3204383850098,53.0705824250565,7811.295505320537,10.4783790804103,36.4510384945333,73.232,7.544309091859676,,
KGZ,2001,Kyrgyz Republic,308.41129550148037,40.6197814941406,52.9210907091735,8116.945556784807,10.3469472420283,36.7319620487983,72.875,7.843845082770358,,
KGZ,2002,Kyrgyz Republic,321.72677536680436,43.0546188354492,49.0971846393952,7960.563071565046,11.9904803043919,38.9123350562129,72.953,12.549334726835331,,
KGZ,2003,Kyrgyz Republic,380.50582881244065,39.5677490234375,43.2397225830441,8415.187673335773,15.0175924545733,41.7426440116038,72.476,9.915619201008369,,
KGZ,2004,Kyrgyz Republic,433.2338732860004,38.4994506835938,38.9050896539976,8887.463225920435,17.5791189938311,43.5158319104149,72.022,8.530283198877392,,
KGZ,2005,Kyrgyz Republic,476.54819364007665,39.4489402770996,38.4978346583931,8701.562118007012,17.5830366811342,43.9191286604727,72.127,8.113041116396925,,
KGZ,2006,Kyrgyz Republic,543.1135124722191,40.0874710083008,36.2691019959943,8841.34753701089,19.4036095736358,44.3272884303699,71.968,8.268965624227047,,
KGZ,2007,Kyrgyz Republic,721.7715775443605,39.8178291320801,34.4837442308758,9523.094353264643,20.2749600255082,45.241295743616,71.395,8.095999661077984,,
KGZ,2016,Kyrgyz Republic,1103.2748942841188,43.4013214111328,29.4059011931547,13435.573450680107,22.6754805601461,47.9186182466992,64.855,4.009038405064117,,
KGZ,2017,Kyrgyz Republic,1221.3904680708183,41.2773246765137,27.8726049960106,14175.9311182824,22.2700959479153,49.8573379391651,63.222,3.3186292392806815,,
KGZ,2018,Kyrgyz Republic,1283.520303741702,39.9152526855469,27.6917372837405,14236.594525929648,22.3807373897274,49.9275253265321,64.134,4.55939096965843,,
KGZ,2019,Kyrgyz Republic,1421.9992750410186,41.5565948486328,24.2113328473023,14689.919421259492,24.6809399276007,51.107727225097,64.253,5.449990948964438,,
KGZ,2020,Kyrgyz Republic,1229.517666029075,45.9235610961914,25.1092209766548,13361.356361228469,23.6810483186287,51.209694499868,64.743,5.944553370834172,,
KGZ,2021,Kyrgyz Republic,1349.9973065054237,52.5253791809082,25.167544262742,13745.648371160383,24.4952241629111,50.3372315743469,64.956,5.1486769132715775,,
KGZ,2022,Kyrgyz Republic,1739.720183441745,55.9184989929199,24.5950572770825,14587.240978897456,24.4000234996916,51.0049192232259,65.392,4.767415019508504,,
KGZ,2023,Kyrgyz Republic,2138.22210211478,56.0175933837891,23.8548247293568,15542.464459204655,24.6699453267065,51.4752299439367,65.451,3.498077453652801,,
KHM,2000,Cambodia,296.42668752633426,2.31439995765686,73.4763220593232,4190.72197536388,8.53602209476915,17.9876558459077,80.429,2.7642534801867993,15877.596,438.8970000000001
KHM,2001,Cambodia,327.5009843144443,2.29325008392334,68.933790085327,4353.422608826242,11.000973652816,20.0652531861193,80.426,2.0551917039058547,18081.087,371.601
KHM,2002,Cambodia,350.14727663429426,2.55727005004883,67.2282926056548,4482.398946426458,11.5477600145748,21.2239473797704,80.423,0.852,,
KHM,2003,Cambodia,386.6911239317779,3.16867995262146,65.7200500435369,4793.447876942867,12.0514256492844,22.2285243071788,80.42,0.9092194580715056,20048.955,182.289
KHM,2004,Cambodia,444.1990675290812,3.18306994438171,63.7336789340236,5079.446826653732,12.7503625620735,23.5159585039029,80.624,7.532592097692873,,
KHM,2005,Cambodia,525.7973251209264,3.83043003082275,62.0826849738487,5573.965281686838,13.2177967540802,24.6995033629711,80.826,1.064,,
KHM,2006,Cambodia,612.2526485507273,6.19891977310181,60.1009929646535,5988.700010891599,14.0002053125118,25.8988017228348,81.027,1.152,,
KHM,2007,Cambodia,731.6922951254261,7.51466989517212,58.126964802788,6403.258050629945,14.720388837452,27.1526603434994,81.226,1.257081491430701,21437.751,269.49
KHM,2016,Cambodia,1675.1955571110864,,37.5402584614318,9550.710213730905,25.7634199242298,36.6963216143384,81.735,0.7162487643428256,27058.476,193.806
KHM,2017,Cambodia,1826.353916887541,15.0735502243042,38.2063781845988,10144.053184327497,25.4908985208948,36.3027345001885,81.409,0.1413436013248096,27344.004,38.649
KHM,2018,Cambodia,2036.6737756657817,15.7133102416992,39.0376687862331,10801.366539289347,24.9609526125579,36.001378601209,81.916,0.13,,
KHM,2019,Cambodia,2225.877054856862,16.8353996276855,39.8680952024775,11405.907286054891,24.4731389759704,35.6587658215521,82.426,0.4986429200905846,26266.692000000003,130.977
KHM,2020,Cambodia,2081.739142429391,14.4409313201904,36.8999777254893,10831.479298780048,25.1450590528134,37.9549632216973,82.238,0.1719057426058734,27733.803,47.676
KHM,2021,Cambodia,2167.403241984992,13.8764019012451,37.131576512332,11356.780184485153,26.4144002477821,36.4540232398859,79.51,0.3961524205781392,28255.790999999997,111.936
KHM,2022,Cambodia,2325.0305004084116,14.9985504150391,36.6562918993572,11632.438247032243,26.4716140607502,36.8720940398925,80.017,0.231,,
KHM,2023,Cambodia,2429.748534528382,17.9681453704834,36.0065668874322,12003.749921338476,26.9141545646916,37.0792785478762,79.987,0.2558755635871938,29343.950999999997,75.084
KIR,2000,Kiribati,845.3672402319726,,,,,,,,,
KIR,2001,Kiribati,718.833787096781,,,,,,,,,
KIR,2002,Kiribati,810.1087003744398,,,,,,,,,
KIR,2003,Kiribati,1020.5003385139406,,,,,,,,,
KIR,2004,Kiribati,1083.2688987175038,,,,,,,,,
KIR,2005,Kiribati,1161.7834173997692,,,,,,,14.648729446935723,,
KIR,2006,Kiribati,1123.1925899068403,,,,,,,,,
KIR,2007,Kiribati,1352.5781404891095,,,,,,,,,
KIR,2016,Kiribati,1742.667993241167,,,,,,,,,
KIR,2017,Kiribati,1853.0512271331909,,,,,,,,,
KIR,2018,Kiribati,1912.7380937818737,,,,,,,,,
KIR,2019,Kiribati,1750.997718891504,,,,,,,8.558493299529156,82.83,7.089
KIR,2020,Kiribati,1751.7823197052955,,,,,,,10.97067019045704,104.433,11.457
KIR,2021,Kiribati,2222.0482951234603,,,,,,,,,
KIR,2022,Kiribati,2069.7672011055884,,,,,,,,,
KIR,2023,Kiribati,2177.7011408041585,,,,,,,3.1009462175810167,122.382,3.795
KNA,2000,St. Kitts and Nevis,9319.655450935246,,,,,,,,,
KNA,2001,St. Kitts and Nevis,10022.59192356372,,,,,,,,,
KNA,2002,St. Kitts and Nevis,10453.658706431252,,,,,,,,,
KNA,2003,St. Kitts and Nevis,10175.629544998916,,,,,,,,,
KNA,2004,St. Kitts and Nevis,10944.618374176833,,,,,,,,,
KNA,2005,St. Kitts and Nevis,11783.786715414511,,,,,,,,,
KNA,2006,St. Kitts and Nevis,13837.84953112188,,,,,,,,,
KNA,2007,St. Kitts and Nevis,14757.957975103523,,,,,,,,,
KNA,2016,St. Kitts and Nevis,21387.541551110324,,,,,,,,,
KNA,2017,St. Kitts and Nevis,22464.98996339591,,,,,,,,,
KNA,2018,St. Kitts and Nevis,22901.38164031969,,,,,,,,,
KNA,2019,St. Kitts and Nevis,23595.49232312906,,,,,,,,,
KNA,2020,St. Kitts and Nevis,18859.019036104593,,,,,,,,,
KNA,2021,St. Kitts and Nevis,18361.144969788555,,,,,,,,,
KNA,2022,St. Kitts and Nevis,20985.011216015948,,,,,,,,,
KNA,2023,St. Kitts and Nevis,22600.450229946782,,,,,,,,,
KOR,2000,"Korea, Rep.",12257.020662234503,74.6898574829102,10.965595609808,54522.16394488217,28.0478656534855,60.9865387367065,60.754,4.062903279948919,,
KOR,2001,"Korea, Rep.",11561.207174511508,77.3433532714844,10.4079165760319,56030.04389038042,27.3829526187321,62.209130805236,61.11,3.698779372435101,,
KOR,2002,"Korea, Rep.",13165.08362496998,80.7160491943359,9.70368267686251,58901.58406878166,27.2708065121825,63.025510810955,61.617,3.045495490487056,,
KOR,2003,"Korea, Rep.",14672.805753946492,84.4563903808594,9.07843821294387,60868.65594355527,27.549627808168,63.3719339788882,61.113,3.347829927457998,,
KOR,2004,"Korea, Rep.",16496.131616711406,89.8009033203125,8.30692238574054,62785.091917908874,26.9564556988828,64.7366219153767,61.816,3.420385682283617,,
KOR,2005,"Korea, Rep.",19402.502625954898,95.3700103759766,7.8625828220557,65275.51971271766,26.4503123416628,65.6871048362815,61.558,3.4816493445096617,,
KOR,2006,"Korea, Rep.",21743.47745142545,99.9493103027344,7.55178002005433,67834.91926480227,25.9596254066103,66.4885945733353,61.463,3.254416347695744,,
KOR,2007,"Korea, Rep.",24086.410439167747,102.949272155762,7.23725340801625,70889.39863481901,25.6003144825112,67.1624278472678,61.317,3.012728122749652,,
KOR,2016,"Korea, Rep.",29280.440317004843,93.6577224731445,4.93914259347297,83276.37464646244,25.1977329716528,69.8631244348742,62.626,3.650017765232784,,
KOR,2017,"Korea, Rep.",31600.735874136455,93.7230224609375,4.92342623462517,84949.1802395757,25.2728183182458,69.803755447129,62.911,3.6527933558087295,,
KOR,2018,"Korea, Rep.",33447.15628361658,93.3281784057617,4.99652033141647,87104.58664700069,25.2020152158589,69.8014644527246,62.757,3.823966805378845,,
KOR,2019,"Korea, Rep.",31902.416904819416,93.9989166259766,5.14298947429373,88038.60969313698,24.5780920942104,70.2789184314959,62.994,3.745851347235838,,
KOR,2020,"Korea, Rep.",31721.29891418567,96.8767700195312,5.37120400900264,88176.3195369814,24.6462281753405,69.9825641481168,62.274,3.9308681000476535,,
KOR,2021,"Korea, Rep.",35125.52249847225,100.317680358887,5.34699519876567,91079.98079130633,24.6038815700612,70.0491232311731,62.55,3.639121148434018,,
KOR,2022,"Korea, Rep.",32394.68337252032,103.276039123535,5.4318012862755,90674.35970655434,24.457277001614,70.1109217121105,63.794,2.857003340792263,,
KOR,2023,"Korea, Rep.",33121.37128855084,,5.32432794838826,90534.49378782776,23.9914211316144,70.6842509199973,64.266,2.6750512491084906,,
KWT,2000,Kuwait,19296.347169872908,,2.34484194578024,131160.33787852034,19.5397588706837,78.1153991835361,65.932,0.7707970231744412,,
KWT,2001,Kuwait,17374.231866422688,18.3076305389404,2.3971873115273,125793.93229307055,18.8572870106069,78.7455256778658,66.088,0.7794554518642608,,
KWT,2002,Kuwait,18512.752303586156,19.2664794921875,2.44550446784624,124212.20554843704,18.3287867473368,79.2257087848169,66.499,1.1418347528625403,,
KWT,2003,Kuwait,22690.655175143995,19.5823497772217,2.48816686566816,139467.74835057004,17.8435303772213,79.66839998911,67.133,1.5401657419930317,,
KWT,2004,Kuwait,27552.28273997867,19.9742107391357,2.56712357902867,147509.63225860568,19.9911751920282,77.4417945144396,67.927,1.673675020728025,,
KWT,2005,Kuwait,36122.61427412268,,2.64231292167979,154719.55047828378,22.4729288981635,74.8846697197308,68.302,1.950668890486193,3439.1279999999997,67.086
KWT,2006,Kuwait,42946.637410406605,,2.59457522901765,156675.99291116637,23.3986677608968,74.0066736930684,68.084,1.3328099287146442,,
KWT,2007,Kuwait,45709.41328763706,,2.55115027228819,156580.41880320403,24.2161305223597,73.2326406455729,67.887,1.4846708684977898,,
KWT,2016,Kuwait,27323.689064384704,57.7827606201172,2.14883132634807,102106.76471528322,25.0762528989538,72.7749157746981,72.704,2.1636675151714133,2552.333,55.224
KWT,2017,Kuwait,29047.6535822842,55.13330078125,2.10560755457759,92905.87251894688,25.234401897198,72.6599905482244,73.217,2.227,,
KWT,2018,Kuwait,32067.96236895116,52.1134605407715,2.06607928077329,91074.99564501316,25.1598771255741,72.7740435936526,73.439,2.204,,
KWT,2019,Kuwait,31707.87374649174,50.4700584411621,2.02043374761873,90433.4896503174,24.9548311636443,73.024735088737,73.368,2.251,,
KWT,2020,Kuwait,25236.075552053397,53.7298583984375,2.01708800577866,93854.61469750512,24.934560204396,73.0483517898254,68.715,3.557,,
KWT,2021,Kuwait,34018.63428796473,61.558048248291,1.99758239321147,93128.4531021064,25.2940529149786,72.7084068544676,70.168,3.002,,
KWT,2022,Kuwait,39981.769098195735,,1.97498100123492,87501.69643370998,25.1713228483899,72.8537332573383,74.301,2.174,,
KWT,2023,Kuwait,34075.84904398466,,1.94493495286333,80966.48224828756,24.9346306570836,73.1204343900531,74.07,2.127,,
LAC,2000,Latin America & Caribbean (excluding high income),4290.897169654264,22.2368202209473,19.288886273165883,36828.22673786159,22.468722495916325,58.24239123091623,63.709276706228955,9.21166599301642,,
LAC,2001,Latin America & Caribbean (excluding high income),4122.797335650119,23.5903091430664,19.53934705097756,35925.93008554297,21.876172299868365,58.584480110344245,63.76224003013197,8.791775738113643,,
LAC,2002,Latin America & Caribbean (excluding high income),3658.1610639440096,25.3531398773193,19.444567799879277,35352.1203214125,21.932921387250342,58.62251239756273,63.887107324247296,9.001822061155186,,
LAC,2003,Latin America & Caribbean (excluding high income),3686.288601276791,26.9618301391602,18.93688529387131,35276.211130440424,21.759031348627392,59.30408387240606,64.14373962817577,8.829998810741467,,
LAC,2004,Latin America & Caribbean (excluding high income),4149.538593354684,28.4810600280762,18.85266309604504,35963.20387417328,21.80946842425103,59.33786847970652,64.59690278866574,8.37197823234649,,
LAC,2005,Latin America & Caribbean (excluding high income),4960.451043771678,29.7241897583008,18.555647987754156,36357.76002302545,21.754255875399046,59.690098079851374,64.89509786500626,8.053621867923505,,
LAC,2006,Latin America & Caribbean (excluding high income),5717.845512132445,31.99587059021,17.8154984492857,37212.39070841883,21.80422356302383,60.38027798769884,65.03392302292654,7.499623977838381,,
LAC,2007,Latin America & Caribbean (excluding high income),6672.179322266669,33.6062393188477,16.98700447059076,38431.20312336328,22.12944890418931,60.883545697115295,64.8539202339198,7.179956587207988,,
LAC,2016,Latin America & Caribbean (excluding high income),7975.721648270054,47.6235198974609,14.634875035166298,40954.74063203476,21.128313467108633,64.23681190883744,63.67510751941446,7.890432825413558,,
LAC,2017,Latin America & Caribbean (excluding high income),8811.13555430764,49.118350982666,14.672224129354223,41197.48678637404,20.94717797425465,64.38059749093325,63.8327936245899,8.21728420302436,,
LAC,2018,Latin America & Caribbean (excluding high income),8468.20128438484,49.916561126709,14.601115892042278,41067.19120547924,20.803480076922927,64.5954044290154,63.9546112099264,8.062001873597438,,
LAC,2019,Latin America & Caribbean (excluding high income),8266.47471229954,50.9977493286133,14.18349163671876,40562.58262896946,20.67176783872288,65.14474208683176,64.24674332862116,8.090688680970402,,
LAC,2020,Latin America & Caribbean (excluding high income),6892.381715609133,52.7703018188477,15.039192398309574,40972.93812926719,20.520255731086745,64.44055313601478,60.12159851124571,10.21771635507834,,
LAC,2021,Latin America & Caribbean (excluding high income),7955.361334137715,54.580249786377,14.562565931609988,41158.949875576494,21.02640911503451,64.41102376546722,62.6377371246868,9.180661028976726,,
LAC,2022,Latin America & Caribbean (excluding high income),9093.652742200864,56.0932197570801,13.61894355494536,40691.53508184085,21.050235521315592,65.3308213004979,63.51174802804189,6.8633065008990535,,
LAC,2023,Latin America & Caribbean (excluding high income),10166.928671097008,56.1385383605957,12.966000364869954,40848.66631916233,20.91352557005912,66.12047332478598,63.37701933910276,6.101589843355105,,
LAO,2000,Lao PDR,318.749852236965,2.65777993202209,81.7878530529105,8404.597700786213,4.71482735483816,13.4973195922513,62.023,2.046,,
LAO,2001,Lao PDR,320.31600543956756,3.0681300163269,80.982095104917,8687.995740008915,4.99312554297775,14.0247793521053,61.933,1.88,,
LAO,2002,Lao PDR,313.3508171481308,4.10284996032715,80.1414431485765,8995.796435150434,5.31255977413983,14.5459970772837,61.838,1.775,,
LAO,2003,Lao PDR,355.09721615146134,4.86330986022949,79.2872593877409,9323.570073613551,5.57128901382617,15.141451598433,61.737,1.639,,
LAO,2004,Lao PDR,409.29629828411726,5.65859985351562,78.3015728631293,9693.31018378128,5.8882854510526,15.8100929647225,61.627,1.498,,
LAO,2005,Lao PDR,466.0615069977412,7.70166015625,77.310475078844,10127.389698131685,6.20281956280808,16.486705358348,61.502,1.351331893448524,,
LAO,2006,Lao PDR,579.3919474407194,8.90923023223877,76.3562815795204,10678.597633953646,6.55562240028345,17.0880498850312,61.347,1.198,,
LAO,2007,Lao PDR,697.323013673925,11.4247303009033,75.1680278711762,11129.44674026793,6.95818608550474,17.873786043319,61.213,1.067,,
LAO,2016,Lao PDR,2303.2215603536265,17.1157512664795,62.6674180958828,18081.296007074296,9.53377670621304,27.7988051979042,59.909,2.881,,
LAO,2017,Lao PDR,2432.4305947851135,15.4383745193481,61.0454494163119,19048.752505179364,9.73556099027047,29.2189530752497,59.782,3.2685312984055312,,
LAO,2018,Lao PDR,2545.1075420815,14.5235404968262,62.7346809178756,19379.9121263496,9.13336694951349,28.1319171643237,60.96,2.9,,
LAO,2019,Lao PDR,2589.3208103523716,13.7658739089966,64.4408423967123,19581.65729124935,8.58059812605663,26.978559477231,62.152,2.537,,
LAO,2020,Lao PDR,2583.7773069613104,12.5843343734741,66.3492866735437,19054.45831200769,8.14246417148381,25.5082491549725,62.838,2.361,,
LAO,2021,Lao PDR,2526.0510501852928,12.4585027694702,67.7823595997367,18667.008947513303,7.78039448577865,24.4372459144847,64.311,2.066,,
LAO,2022,Lao PDR,2046.4044025562052,13.6964569091797,69.5659873811309,18166.658993120163,7.17838785914774,23.2556247597214,66.001,1.2090504809823972,,
LAO,2023,Lao PDR,2066.949797769571,14.901439666748,69.6416786981242,18493.20084150759,7.33316618973104,23.0251551121447,65.977,1.188,,
LBN,2000,Lebanon,3986.835139410256,28.1529998779297,6.10368202696696,42176.607475809345,23.8567329840111,70.0395849890219,44.084,8.603,,
LBN,2001,Lebanon,4009.5592975110153,31.8894596099854,5.93441146729062,42663.56417578048,23.7346934256464,70.330895107063,44.083,8.464,,
LBN,2002,Lebanon,4290.852838032664,33.2756004333496,5.76121117853394,43047.827397191926,23.4911475535755,70.7476412678905,44.088,8.229,,
LBN,2003,Lebanon,4437.715885075258,33.0192985534668,5.58750975800156,43355.28052245742,23.2860265417642,71.1263856362217,44.105,8.05,,
LBN,2004,Lebanon,4600.683714129933,34.8871803283691,5.36701492900806,45092.12816824198,23.2134050558925,71.4195800150995,44.02,7.853347414287734,3607.71,283.32599999999996
LBN,2005,Lebanon,4602.198046379449,36.9148597717285,5.22140410792116,45584.80961504071,23.0241690462079,71.7543519193551,43.813,8.247,,
LBN,2006,Lebanon,4635.251411748604,38.1570205688477,5.11146805525967,45543.22652169947,22.7947252533398,72.0938066914005,43.606,8.671,,
LBN,2007,Lebanon,5125.25809960149,40.6457481384277,4.87302567543919,48835.85641682977,23.0002935906132,72.1266807339476,43.4,8.984084122942155,3686.318999999999,331.182
LBN,2016,Lebanon,8089.012088155,42.1090087890625,3.70847861349095,49356.0004133992,21.9676630930588,74.3238582934502,47.513,9.786,,
LBN,2017,Lebanon,8608.21084982387,43.9945793151855,3.6149478262934,51278.021503096235,21.6651200526847,74.7199321210219,47.973,10.251,,
LBN,2018,Lebanon,9174.536662047589,47.2751083374023,3.54795921466976,51949.656122681554,21.2254038057853,75.226636979545,48.433,10.745,,
LBN,2019,Lebanon,8905.880054974366,50.3490180969238,3.56320221230512,50086.979540283966,20.5348059955235,75.9019365949379,48.894,11.30090851346195,5393.646000000001,609.531
LBN,2020,Lebanon,5561.19166950397,51.6985816955566,3.62426829714879,44268.4905165187,20.5810299421713,75.7947017606799,45.219,13.284,,
LBN,2021,Lebanon,4045.3739106623375,58.4441413879395,3.59672922530407,40045.26312359839,20.7218090687686,75.6814617059273,45.813,12.669,,
LBN,2022,Lebanon,3654.358455348785,61.5956115722656,3.47633961054941,38899.23295767221,20.5080313784087,76.0156290110419,45.828,11.6,,
LBN,2023,Lebanon,3477.7248984268376,60.1667213439941,3.44330596552846,38139.787243081075,20.3260465241022,76.2306475103693,45.827,11.543,,
LBR,2000,Liberia,298.48534057894545,18.0450897216797,51.8261661839451,4349.085185111447,11.1921698140959,36.981664001959,77.14,2.231,,
LBR,2001,Liberia,300.46382859898296,,51.4676667217222,4345.251940353276,11.1988311766495,37.3334249210056,77.122,2.294,,
LBR,2002,Liberia,299.5364455396212,,50.8332913637023,4391.304150783493,11.2533986004945,37.9133100358032,77.11,2.318,,
LBR,2003,Liberia,239.7795566770913,,53.2131738783273,3050.969832674935,10.7010099016415,36.0858162200312,77.107,2.586,,
LBR,2004,Liberia,284.1402239924584,,52.5368618864389,3094.629346242742,10.6888940288658,36.7743179821272,77.111,2.589,,
LBR,2005,Liberia,287.4873334413809,,51.9060192164638,3117.5878267671087,10.7234175550345,37.3705632285017,77.124,2.577,,
LBR,2006,Liberia,320.55808618514965,,51.0779809165808,3179.3644825431043,10.8210569031893,38.1010289241415,77.145,2.283,,
LBR,2007,Liberia,374.2113081042777,,49.9757541785115,3316.070106377409,10.9455743272658,39.0786714942226,77.169,2.235,,
LBR,2016,Liberia,714.6130631456588,,41.6543780219931,3840.433592014346,8.49560124320868,49.8500207347983,76.937,3.0806063857264907,5435.748,167.454
LBR,2017,Liberia,699.2690957274035,,40.616884358685,3851.2797796140017,8.22153907938269,51.1615765619323,76.902,5.930731326881491,3300.4530000000004,195.741
LBR,2018,Liberia,692.2031271297944,,40.1033385584042,3810.662682382527,8.09658400080808,51.800030677027,76.856,3.056,,
LBR,2019,Liberia,658.1641807705065,,40.1748313427775,3632.1359747656975,7.94427845053803,51.8808902066845,76.793,3.068,,
LBR,2020,Liberia,616.787867006715,,40.3009314978904,3501.930463153592,8.14467965283423,51.5543888492754,76.063,4.109,,
LBR,2021,Liberia,667.9661051431905,,40.1252983031717,3552.533379961281,8.15948588726488,51.7152158095634,76.316,3.845,,
LBR,2022,Liberia,744.617175237387,,39.4546846292592,3560.5942216866288,8.15056414973826,52.3947512210025,76.798,2.977,,
LBR,2023,Liberia,799.1944702296419,,38.8656239906076,3613.202663428064,8.20670077887462,52.9276752305178,76.834,2.933,,
LBY,2000,Libya,7214.100403770844,53.0212211608887,12.9774677517577,69477.59853746528,27.8639576297773,59.158574618465,46.445,19.201,,
LBY,2001,Libya,6312.8003049896515,56.8616981506348,12.8770634023655,66903.42498331495,27.4490580017394,59.673806240241,46.338,19.228,,
LBY,2002,Libya,3718.2943469675506,60.7621116638184,12.9494899996884,64849.247044433214,27.1215786357881,59.9289313645235,46.314,19.247,,
LBY,2003,Libya,4674.099432003214,61.6012802124023,12.4292334820612,71429.30665663381,27.3939494325221,60.1767480701609,46.365,19.045,,
LBY,2004,Libya,5773.763332342814,,12.1243361638627,72706.17748807144,27.3782600011701,60.4974038349672,46.467,18.911,,
LBY,2005,Libya,8079.249573290012,,11.6067733040748,79084.47386981199,27.7490474755077,60.6441792204175,46.593,18.639,,
LBY,2006,Libya,10048.84804342891,,11.2344519976269,81821.03948861411,28.022229308183,60.7433186941901,46.929,18.779,,
LBY,2007,Libya,11144.94484134354,,10.7910347032288,83799.96029897258,27.9076034035694,61.3013618932018,47.434,18.745,,
LBY,2016,Libya,7525.8029930821585,,9.71406319842264,43026.39202794617,22.889642709256,67.3962392468621,49.412,19.522,,
LBY,2017,Libya,9965.832367297568,,9.20354493446706,55587.6713587312,23.8861111452795,66.9103439202534,49.38,19.02,,
LBY,2018,Libya,11196.585481084374,,8.9795165024543,58661.902959081606,24.1349309095016,66.8855525880441,49.34,18.836,,
LBY,2019,Libya,9963.194890844828,,9.0613122393034,51242.45684600828,23.4479584016952,67.4907293590014,49.281,19.05,,
LBY,2020,Libya,6650.338105853479,,9.18515704075759,36185.09258046974,23.1897040819374,67.6251388773051,48.621,19.613,,
LBY,2021,Libya,4935.827873498015,,9.11023248933828,45229.50090921053,23.3589481944657,67.530819316196,48.995,19.641,,
LBY,2022,Libya,5986.636948512581,,8.82581654259597,40704.03126629152,23.2093118195478,67.9648224522469,48.773,19.282,,
LBY,2023,Libya,6172.81246940233,,8.69393884066363,43916.17344522533,23.182873420301,68.1231877390354,48.546,18.753,,
LCA,2000,St. Lucia,5879.56191426207,,21.0712542703758,52028.45217461412,20.5675242278463,58.3594784912501,64.038,16.49,,
LCA,2001,St. Lucia,5570.452470981062,,17.4735631783418,50229.89938552266,20.1912858660999,62.3351509555583,64.15,18.546,,
LCA,2002,St. Lucia,5567.89428424719,,14.3085893307806,50391.676071783775,19.8433556696545,65.8480549995649,64.447,20.39,,
LCA,2003,St. Lucia,6058.606220593261,,14.5620596677394,52513.26559381484,17.832478037749,67.6054622945116,64.743,22.18,,
LCA,2004,St. Lucia,6494.600348678856,14.0149698257446,16.4334259600254,54204.25796130314,17.8228263416921,65.7437476982825,65.038,20.97,,
LCA,2005,St. Lucia,6863.4364191934455,13.6527500152588,13.772702694106,51286.96929770926,20.3139412831197,65.9133560227743,65.332,18.7,,
LCA,2006,St. Lucia,7611.178566753192,10.2959804534912,14.0284360189573,51524.984262842474,21.2773640261792,64.6957045061311,65.625,16.0,,
LCA,2007,St. Lucia,7964.382114801171,9.23097038269043,13.5808142457098,50010.61786135063,20.5083650463129,65.9108207079773,65.916,14.0,,
LCA,2016,St. Lucia,10638.12693966526,19.8053798675537,10.644870639722,49231.23780510687,16.7344574591325,72.6193847342,69.339,19.933,,
LCA,2017,St. Lucia,11333.112382210158,20.7909393310547,10.3467850790327,49879.47329468659,16.3426726041049,73.3105423168624,69.369,19.136,,
LCA,2018,St. Lucia,11642.69847277694,14.6977701187134,11.3490177538351,50613.85926457605,14.8263806810406,73.8246015651244,69.88,19.329,,
LCA,2019,St. Lucia,11794.059722980532,16.0102691650391,9.97388220635453,48398.765011939046,14.6894618296832,75.3378540278909,68.799,15.613,,
LCA,2020,St. Lucia,8411.07474936367,16.9041500091553,9.32501846793451,52493.074168323925,15.059526877287,75.6171726021749,53.739,25.224,,
LCA,2021,St. Lucia,10459.132124809184,,11.0826714515661,44990.67500841981,16.0540412169829,72.863287331451,65.5,20.514,,
LCA,2022,St. Lucia,13103.824314747177,16.2592697143555,10.620884289746,48273.98524306389,16.9132173095014,72.4658984007526,69.156,15.934,,
LCA,2023,St. Lucia,13554.768478493274,,10.3861297687192,46278.072173300054,17.021253129515,72.5926171017658,69.259,11.092,,
LCN,2000,Latin America & Caribbean,4472.562667715565,23.3323802947998,18.52916187630432,37792.06656344928,22.490804883839846,58.98003423152331,63.258757603797875,9.461823301644998,,
LCN,2001,Latin America & Caribbean,4326.61919101622,24.8660297393799,18.690431444496483,36996.79464814741,21.942704938820732,59.36686313344717,63.30744522345657,9.06712263436888,,
LCN,2002,Latin America & Caribbean,3839.177865048965,26.7648696899414,18.63199124597276,36502.54140082392,21.90397161065645,59.464039044562384,63.358942116017346,9.406548642457745,,
LCN,2003,Latin America & Caribbean,3862.118859508348,28.4098701477051,18.21183386173121,36465.73213775058,21.692494992232795,60.09567253609848,63.576813418256,9.267107918822196,,
LCN,2004,Latin America & Caribbean,4385.877024025716,29.9088897705078,18.085813157540542,37240.81401369017,21.75746279655369,60.156724494560464,64.0436880495185,8.751233220394669,,
LCN,2005,Latin America & Caribbean,5229.873372755062,31.6548690795898,17.775034008490376,37649.883036826104,21.71266258654433,60.512305579110496,64.37713402429388,8.237947090181454,,
LCN,2006,Latin America & Caribbean,6047.704175642681,34.1707382202148,17.040244021778314,38517.56569796927,21.837814459123937,61.12194069114386,64.56919822543985,7.614742074800548,,
LCN,2007,Latin America & Caribbean,7035.765126340425,36.2847900390625,16.234898296185982,39737.84434198381,22.18852339433635,61.57657829058017,64.41660841676425,7.225953076246747,,
LCN,2016,Latin America & Caribbean,8460.655436172981,50.3801002502441,13.91097111689709,42516.44161512469,21.11663341479857,64.97239512246719,63.34122158709206,7.729851554966381,,
LCN,2017,Latin America & Caribbean,9308.696170880174,51.729190826416,14.046323453891858,42732.06817696456,20.891126801512463,65.06254829440647,63.451386357695235,8.02899418957499,,
LCN,2018,Latin America & Caribbean,9032.038482760625,52.4272918701172,14.048337782455402,42611.050103557405,20.7364337089204,65.21522845177914,63.53466549785522,7.932470904401236,,
LCN,2019,Latin America & Caribbean,8830.227821561017,53.3283500671387,13.734979835992265,42118.47737408063,20.578415840130425,65.68660531156983,63.68921112238193,8.000433574947005,,
LCN,2020,Latin America & Caribbean,7445.296453093452,54.838981628418,14.51476807287733,42599.0457170655,20.422309308976487,65.06292337948572,59.58755367867751,10.21428158712633,,
LCN,2021,Latin America & Caribbean,8597.53194021339,56.7359199523926,14.088785488744444,42953.33887116506,20.90630629169695,65.00490786057247,61.88024795962174,9.157520461265182,,
LCN,2022,Latin America & Caribbean,9716.032667438236,58.2025489807129,13.200080286216773,42482.058113529885,20.92645866277121,65.87346212078909,62.80895462101532,6.915300440108313,,
LCN,2023,Latin America & Caribbean,10838.827948659016,58.2606315612793,12.590725195325357,42676.39767975885,20.800123993266205,66.60915125661334,62.700101289092835,6.207431309295999,,
LDC,2000,Least developed countries: UN classification,332.6859201190813,3.70966005325317,68.20219858015771,5479.563343352884,8.683543771592271,23.114258473234237,66.66994197276696,4.696210083487115,,
LDC,2001,Least developed countries: UN classification,313.12960222409174,4.18662023544312,67.24113981317662,5610.452483206922,9.02706654258671,23.731792840048104,66.63565483425946,4.730012816016246,,
LDC,2002,Least developed countries: UN classification,334.0684519022882,4.28342008590698,66.28772109703975,5775.895017772216,9.356943179795774,24.35533846746004,66.59465834273365,4.821741536657231,,
LDC,2003,Least developed countries: UN classification,368.995551236418,4.44665002822876,65.28580210175292,5939.8436074805895,9.729132562398917,24.98506495357157,66.5335288673291,4.897184210873887,,
LDC,2004,Least developed countries: UN classification,416.12375753445815,4.51992988586426,64.3613167557254,6177.0777877288365,9.976696316728264,25.66198767255194,66.48268127044965,4.85500517442508,,
LDC,2005,Least developed countries: UN classification,481.38165635147527,4.87400007247925,63.59349515008369,6487.887571898674,10.202139653029729,26.20436265618388,66.41530475721802,4.7933419733344955,,
LDC,2006,Least developed countries: UN classification,544.265857064955,5.30806016921997,62.884805655383445,6792.236382789382,10.411128499242665,26.70406655322169,66.2572925911703,4.677801422769925,,
LDC,2007,Least developed countries: UN classification,637.5613753833406,5.71818017959595,62.35603944077682,7155.279970357212,10.637811631904489,27.006148927312378,66.10816271796764,4.738515081453205,,
LDC,2016,Least developed countries: UN classification,963.9465482122274,9.7918701171875,56.39757192529339,9476.391205467691,12.507938374085454,31.094490266973292,63.3547060256719,4.906837692388459,,
LDC,2017,Least developed countries: UN classification,1030.3300222132632,9.87440967559814,55.36000757445166,9720.956296630711,12.539191373101866,32.10080050010767,63.22628511915592,4.969473103029489,,
LDC,2018,Least developed countries: UN classification,1072.3748606338306,10.3590402603149,54.42308568538115,9936.127351910687,12.598804103556889,32.97810859996917,63.223982439646285,4.8870235507301025,,
LDC,2019,Least developed countries: UN classification,1104.1863315105156,10.8881397247314,53.72203362279159,10230.943240585248,12.57144773567901,33.70651837961643,63.06290188362274,4.886146553790232,,
LDC,2020,Least developed countries: UN classification,1088.7049085651306,10.6867799758911,53.61399852866407,10173.045741993445,12.813916556426069,33.57208439459256,62.255019076817526,5.639128798620339,,
LDC,2021,Least developed countries: UN classification,1161.529354921004,10.8010597229004,53.70158823859014,10159.95327077596,12.748548015167328,33.54986399920557,62.40632700320293,5.753024165848413,,
LDC,2022,Least developed countries: UN classification,1273.789791947048,10.9484596252441,53.06123743709027,10298.657247836336,12.712057190016129,34.22670634925344,62.54597838899299,5.088444568459394,,
LDC,2023,Least developed countries: UN classification,1254.2327931358034,11.2430295944214,53.06270470044809,10348.256208674842,12.760322694192832,34.176972118777684,63.647177070661186,4.946423147119974,,
LIC,2000,Low income,360.084301104989,4.53950977325439,67.9158628167296,5814.073121199055,9.877396838199672,22.206743845631472,68.09094033822315,5.4249628492801385,,
LIC,2001,Low income,329.9299715087867,4.76029014587402,67.43945149355719,5855.369398219756,9.924460482482464,22.63608546127131,67.8987543360764,5.493258925170351,,
LIC,2002,Low income,356.43653544294125,4.95118999481201,66.99975205092423,6014.909255541275,9.942006108215809,23.05824350379702,67.6660907140899,5.475551157695839,,
LIC,2003,Low income,386.9235394402115,5.09907007217407,66.30393508105176,6218.075748988179,9.935688989625444,23.760373503032167,67.42205079529315,5.4168390306185366,,
LIC,2004,Low income,444.4992583382373,5.43772983551025,65.63760462709196,6403.892309642862,10.029316440560809,24.33307971886047,67.20077876653302,5.2855095357447635,,
LIC,2005,Low income,520.2901484797462,5.81407022476196,65.0280571719228,6622.121443033869,10.123342511697444,24.84859725653086,66.94182087537688,5.152924468114992,,
LIC,2006,Low income,585.1917748750532,6.19262981414795,64.18904958192682,6837.227850204975,10.257944679707553,25.5530057383668,66.48210704914652,5.192875332201453,,
LIC,2007,Low income,686.4136511383942,6.42698001861572,63.46011362974019,7087.807242880816,10.42285967998622,26.117025232643993,65.98236946469702,5.24208798170243,,
LIC,2016,Low income,630.7698559468274,8.90056037902832,57.89737352161284,6963.950651564414,10.953968089823356,31.148657787244428,62.419357918891045,5.607696442637746,,
LIC,2017,Low income,635.4754494208303,8.99837017059326,57.23121352593159,6978.821146597776,11.009312508762266,31.759473965307297,61.9020728687674,5.691854094549734,,
LIC,2018,Low income,647.1633972183552,9.09288024902344,56.39178479639325,6940.964246521212,11.064442607650196,32.54376974677311,61.803741629512594,5.541300636516653,,
LIC,2019,Low income,654.9409479125445,9.23834991455078,55.616881991271455,6945.494157849504,11.114226999840112,33.268890456295544,61.626030403630274,5.525978678530714,,
LIC,2020,Low income,607.9647536800086,9.44112968444824,56.19635921928872,6814.197741831528,11.29703510495095,32.50660512846584,60.59776086407612,6.114632525362468,,
LIC,2021,Low income,643.3693050229583,9.53738975524902,56.60701233099555,6607.019322616082,11.206581362087372,32.18640524901905,60.787817228132546,6.1486767927545545,,
LIC,2022,Low income,723.504638939919,,56.13655530281482,6562.098817047397,11.16872872459571,32.69471800711428,60.85592581471949,5.4857681183040095,,
LIC,2023,Low income,697.1711915354783,,56.62586224794205,6038.015730106382,11.074272704591626,32.29986349253485,62.991283283429595,5.297353887705166,,
LIE,2000,Liechtenstein,76087.91111420198,,,,,,,1.2747301329993,,
LIE,2001,Liechtenstein,75067.80016800432,,,,,,,1.1233253177602198,,
LIE,2002,Liechtenstein,79795.1785891101,,,,,,,1.4467968669836166,,
LIE,2003,Liechtenstein,90108.36736470077,20.7547206878662,,,,,,2.1090933593881607,,
LIE,2004,Liechtenstein,100280.8313567052,24.6068496704102,,,,,,2.3992861627945405,,
LIE,2005,Liechtenstein,105295.0570276112,24.4774703979492,,,,,,2.6617196321987415,,
LIE,2006,Liechtenstein,114167.93921130097,29.81715965271,,,,,,2.4609203339820453,,
LIE,2007,Liechtenstein,130492.5953495174,31.5962390899658,,,,,,2.012023805927314,,
LIE,2016,Liechtenstein,165375.4913962594,35.0226211547852,,,,,,,,
LIE,2017,Liechtenstein,170547.092298954,35.6219291687012,,,,,,,,
LIE,2018,Liechtenstein,174988.77508344554,38.3002700805664,,,,,,,,
LIE,2019,Liechtenstein,166907.83930501563,41.1658401489258,,,,,,,,
LIE,2020,Liechtenstein,164671.0935534544,42.5986099243164,,,,,,,,
LIE,2021,Liechtenstein,201944.8303350759,46.0189590454102,,,,,,,,
LIE,2022,Liechtenstein,186821.88175715695,,,,,,,,,
LIE,2023,Liechtenstein,207973.61774675825,,,,,,,,,
LKA,2000,Sri Lanka,846.4608133049659,,38.0169607742797,17177.006078899387,22.5665161193556,39.4165231063647,55.57,7.739697117557783,,
LKA,2001,Sri Lanka,803.5440266273846,,36.258710727125,16658.063735175183,22.9085490117759,40.8327402610991,55.343,7.924304655923946,,
LKA,2002,Sri Lanka,834.9360149053377,,34.4755284973444,17301.71814277747,23.5029292972794,42.0215558338181,55.117,8.759520853229672,,
LKA,2003,Sri Lanka,946.3822551280718,,34.0008669080669,18110.052298917803,23.6176162505809,42.3815303068394,54.89,8.221288332381423,,
LKA,2004,Sri Lanka,1028.6206813255512,,34.9220152960986,19037.958414770077,24.4792349775926,40.5987497263088,54.662,8.383301599931798,,
LKA,2005,Sri Lanka,1207.219947641648,,32.9363751781408,19994.44290681419,27.4268323771666,39.6367924446926,54.435,7.671450268353089,,
LKA,2006,Sri Lanka,1389.50625583936,,33.1157166051059,21178.704586216285,27.1419272227273,39.7423561721668,54.207,6.495157207618275,,
LKA,2007,Sri Lanka,1578.6345112539152,,32.4584211953092,22407.075293848993,27.2213257828942,40.3202400882379,53.979,5.9722208097169895,,
LKA,2016,Sri Lanka,4149.191907755932,17.8068389892578,27.1006495741435,35636.01610750135,26.391378230045,46.5079721958115,53.725,4.242464184976045,24899.397000000004,1056.348
LKA,2017,Sri Lanka,4398.888280687147,17.947998046875,26.0738126963817,37122.96791429005,28.404528702996,45.5216701342526,53.991,4.045681582865701,25662.771,1038.234
LKA,2018,Sri Lanka,4358.560959060474,18.6717472076416,25.4978887037681,39219.25829541502,27.9378170929559,46.5643061439837,51.721,4.317855350932515,25130.601,1085.103
LKA,2019,Sri Lanka,4081.947727220029,20.2191257476807,25.327195680002,38492.30460543856,27.6067200333817,47.0660842866163,52.249,4.669927735896043,25744.317000000003,1202.241
LKA,2020,Sri Lanka,3847.6013769563942,20.8122158050537,27.1240630476923,37906.491985892826,26.9123844787439,45.9635524735638,50.495,5.36446674467884,25357.581,1360.299
LKA,2021,Sri Lanka,3996.962400149092,21.3629665374756,27.2756823748176,39270.698383245784,25.9996297443835,46.724687880799,49.836,4.980711575397011,25616.4,1275.879
LKA,2022,Sri Lanka,3342.636502538553,22.9647026062012,26.4927641022153,36098.263109276806,26.4883494230492,47.0188984063008,49.727,4.5282387444650505,25602.537,1159.344
LKA,2023,Sri Lanka,3798.8901657301144,,26.2600807718534,35813.21672441899,26.3972859163462,47.342621342408,49.833,5.997,,
LMC,2000,Lower middle income,558.9730587867188,9.68025970458984,55.64680835463176,9972.414203581804,15.17578368504614,29.177407297470637,61.50169001873063,6.163045251352417,,
LMC,2001,Lower middle income,553.5186928449328,10.262619972229,54.79415414900002,10167.483440423784,15.559065193883278,29.64678116744791,61.40232285952021,6.190716531227494,,
LMC,2002,Lower middle income,572.7496223795213,10.5915803909302,53.70255139981803,10380.85815581561,15.913428870217103,30.38402047957592,61.191806523188966,6.21212246617542,,
LMC,2003,Lower middle income,638.2291323934988,10.8308095932007,52.69882972825616,10769.064356355086,16.39147803751945,30.909692236967857,61.10909317483405,6.1992459837345395,,
LMC,2004,Lower middle income,721.1592547832798,11.2233600616455,51.814632657878285,11261.313501384831,16.810197991888902,31.37516922875048,61.04268227306852,6.109913558512276,,
LMC,2005,Lower middle income,815.9864701332662,11.4282102584839,50.833149139635005,11766.191623463388,17.257385575706685,31.90946493490549,60.95621385324208,6.067954029242194,,
LMC,2006,Lower middle income,938.650084024484,12.0001602172852,50.0798136715392,12404.791375868335,17.636873925499714,32.283312402965976,60.458521778743254,5.949313070528108,,
LMC,2007,Lower middle income,1128.0537471329474,13.0824298858643,49.29255297433663,13053.046936871977,18.051565583466136,32.655881554991396,60.00386587998776,5.852090039856899,,
LMC,2016,Lower middle income,1892.705240395576,22.1222991943359,41.44599229969549,18667.764769904465,21.533227450987575,37.02078053620447,57.46797449243914,6.046551853256617,,
LMC,2017,Lower middle income,2019.4985398287463,22.2717704772949,40.55704784517664,19443.40621118729,21.76051421980775,37.68243764548431,57.257014156007045,6.1336080432653155,,
LMC,2018,Lower middle income,2078.757388721054,22.5633201599121,39.5113506971541,20215.746844139732,21.96487447264185,38.52377473326744,57.107134597140785,6.12454592460654,,
LMC,2019,Lower middle income,2153.9542710849382,23.317850112915,38.903105592429114,20612.545587725464,22.06957776086941,39.02731673911716,56.98979093419306,5.6313497548755835,,
LMC,2020,Lower middle income,2058.4345998270237,23.9892406463623,40.5577266501107,20015.46162209279,21.587819363235457,37.854453799723395,56.19565417300554,6.674717298476009,,
LMC,2021,Lower middle income,2302.4473687438776,25.1254901885986,39.886394036877746,20597.329297123037,22.23472241716999,37.878884168150805,56.981583998811615,6.023665847977217,,
LMC,2022,Lower middle income,2424.1505469600284,25.9336395263672,38.97867754876437,20990.194994132577,22.998849747726595,38.02247261106465,57.76344795405097,4.8553037080394805,,
LMC,2023,Lower middle income,2443.408276491232,27.1525707244873,39.15046009993028,21614.15826427493,22.5719733021191,38.277566102775864,58.381535795991134,4.413936003021617,,
LMY,2000,Low & middle income,1177.7576547861252,12.9978303909302,48.74858379431896,13414.33550771814,19.04948107827145,32.20193540528719,65.63834703247772,5.857454377337867,,
LMY,2001,Low & middle income,1162.0659341765904,13.9863796234131,48.27498841798781,13663.65151107257,18.932490236728935,32.792520955857825,65.43640828637511,6.018431885873247,,
LMY,2002,Low & middle income,1167.5545923199616,15.0647602081299,47.78871597707027,14068.911113323577,18.76434630458823,33.44693829872023,65.16865666881924,6.210425916019515,,
LMY,2003,Low & middle income,1288.2216957597286,16.2066097259521,47.05867143148875,14617.1279687615,18.934018765954747,34.00730970733592,64.99635822783341,6.264314560519826,,
LMY,2004,Low & middle income,1490.0663479452414,17.1569805145264,45.69161105192878,15409.75495042752,19.451553898505733,34.85683529369028,64.85066142934586,6.1353485886257255,,
LMY,2005,Low & middle income,1734.864229306545,17.9666805267334,44.503546135003795,16191.783876965765,20.10344429183151,35.39300961772372,64.66196219825108,6.106644400008563,,
LMY,2006,Low & middle income,2014.038920534549,19.0227394104004,43.18958147927706,17181.41344497313,20.737477066131305,36.072941149011655,64.29147917263504,5.927413071168653,,
LMY,2007,Low & middle income,2439.6942666058885,20.0906295776367,42.10019157422269,18329.23684631716,21.458640193175544,36.44116831245221,64.02400772527619,5.844777196012671,,
LMY,2016,Low & middle income,4269.77006692862,31.9019908905029,33.57248399984218,26302.838515266743,23.561647852059185,42.86586814665496,61.52133000297283,6.0082573475725365,,
LMY,2017,Low & middle income,4607.317363113114,32.3191909790039,32.933930255307075,27383.49398341359,23.713458770834656,43.35261108761972,61.27546678733344,6.054724029257482,,
LMY,2018,Low & middle income,4846.863344796517,32.7467002868652,32.13562134447597,28383.38686140296,23.883713644906088,43.98066473445964,61.087565266842155,6.000988752515057,,
LMY,2019,Low & middle income,4904.422916496144,33.6266403198242,31.504877799333755,29117.882019252847,23.956232166498005,44.53889018398354,60.92705984780816,5.860904624535266,,
LMY,2020,Low & middle income,4698.517529767295,34.7439498901367,32.28111682854788,29144.45807294118,23.865040322107156,43.85384276934856,59.52080707084348,6.690896715080794,,
LMY,2021,Low & middle income,5485.924720572144,36.165771484375,31.89941607131573,30217.09900432488,24.250918303033252,43.8496657376132,60.34248914183728,6.226029711626614,,
LMY,2022,Low & middle income,5702.283441602787,37.3512115478516,31.412612131493987,30723.10888317758,24.48211377401579,44.10527431491334,60.59364572450435,5.484555473183928,,
LMY,2023,Low & middle income,5819.840862549129,38.3803215026855,31.28931884364482,31604.628618329112,24.33273266335688,44.37794812006237,61.01410870310218,5.087677413729798,,
LSO,2000,Lesotho,442.77954577908105,2.06393003463745,46.3776900852845,5274.123412511904,24.019010231144,29.6032996835715,72.408,16.227,,
LSO,2001,Lesotho,412.6774736768215,2.26988005638123,44.7483420365358,5457.067016650353,25.0231699798717,30.2284879835925,71.89,16.141,,
LSO,2002,Lesotho,388.9233498513496,2.25671005249023,43.3154270498557,5509.426307980236,25.9029077476278,30.7816652025165,71.366,16.137,,
LSO,2003,Lesotho,583.2700362002877,2.72772002220154,41.6108256252141,5786.8836225252035,26.9869133264817,31.4023980815348,70.836,16.113,,
LSO,2004,Lesotho,766.6858209282425,,40.1254707573748,5939.3747318052765,27.9501602269317,31.9243690156935,70.301,16.206,,
LSO,2005,Lesotho,861.3814964149951,3.49530005455017,38.3429091076719,6206.850477581765,28.9783465969332,32.6787442953948,69.759,16.086,,
LSO,2006,Lesotho,925.4674855028424,3.7163999080658,36.7018432531307,6516.431497926411,30.24074855776,33.0572674827635,69.213,16.107,,
LSO,2007,Lesotho,861.1884208995633,,34.3337262411367,6778.975310979416,31.1247606376627,34.5415131212006,68.661,15.997,,
LSO,2016,Lesotho,992.4918406784652,,30.4354506357651,9352.657159546456,34.1058723013189,35.458677062916,61.517,16.17,,
LSO,2017,Lesotho,1069.366732475424,10.1464996337891,30.4021324149686,9144.346727361764,33.9064415977458,35.6914259872855,60.243,16.401,,
LSO,2018,Lesotho,1170.6556970281936,9.7244701385498,30.267608661635,9089.595901398789,34.0248641044053,35.7073809917271,58.955,16.625,,
LSO,2019,Lesotho,1082.0570677751584,,29.8342027238441,9051.900382622453,34.3746814573851,35.7911158187709,57.655,16.875687398741498,2329.4339999999997,393.108
LSO,2020,Lesotho,918.5825774219816,,30.2138157402614,8419.126884003246,34.400816245927,35.3855176190035,57.107,18.399,,
LSO,2021,Lesotho,1066.5864360009298,,30.1109373573526,8474.372048712188,34.6506224213028,35.2385874702925,57.022,18.23,,
LSO,2022,Lesotho,1030.1257962883285,,29.5576307475573,8219.123164762266,34.7915780370605,35.6507912153821,58.177,16.688,,
LSO,2023,Lesotho,916.2829704638878,,29.1969883123838,8218.432628665112,34.8508195576156,35.9521921300006,58.097,16.457,,
LTE,2000,Late-demographic dividend,1677.0204201596566,16.0635795593262,43.375730477933594,15928.222100434665,22.84072979965191,33.78353958512609,70.44760294149317,5.285264334088837,,
LTE,2001,Late-demographic dividend,1722.264572728744,17.9242992401123,43.00311112708756,16539.506886566945,22.43635856615126,34.56053002752435,70.21658046658392,5.468612676005641,,
LTE,2002,Late-demographic dividend,1814.5010150218668,20.3082103729248,42.67279127850689,17291.307304941074,21.915397148276025,35.41181204562739,70.03843584619462,5.653735603003085,,
LTE,2003,Late-demographic dividend,2054.757344047909,22.7162895202637,41.86235473648774,18271.446714810885,22.069889282638833,36.06775626593262,69.80316345462946,5.890218187493896,,
LTE,2004,Late-demographic dividend,2453.9216527779263,24.5807991027832,40.16211854605271,19421.474603642335,22.716118501312177,37.12176325162293,69.64829196325006,5.69586904075348,,
LTE,2005,Late-demographic dividend,2939.8437017183583,26.3646697998047,38.52276965286631,20559.735197354617,23.662325376528404,37.81490478225144,69.53924227651034,5.620155748346966,,
LTE,2006,Late-demographic dividend,3525.537511587525,28.044469833374,36.70418015820871,22105.931218970123,24.66465742758208,38.63116162394173,69.31712131227896,5.368818662098015,,
LTE,2007,Late-demographic dividend,4413.576408726446,29.0946998596191,35.10769561575081,23976.77416559649,25.80516992996071,39.08713469977162,69.15931505489141,5.104766322749402,,
LTE,2016,Late-demographic dividend,8290.741629925524,49.8036804199219,24.557102693256383,36199.32062224165,27.58664105914039,47.85625582534663,67.23676989594712,5.26949442012197,,
LTE,2017,Late-demographic dividend,9131.372167045663,51.0395698547363,23.86408170262695,37950.123183784046,27.829073774395184,48.30684494011606,66.8932727873559,5.260335774292181,,
LTE,2018,Late-demographic dividend,9959.665510354109,52.6168899536133,23.080121347624516,39780.73937545933,28.09331545457174,48.82656283464661,66.57001893268757,5.03976185510265,,
LTE,2019,Late-demographic dividend,10112.201289277064,54.7156715393066,22.137710571758983,41581.89659870781,28.39401357274216,49.468275741725,66.24544636776115,5.185184720540277,,
LTE,2020,Late-demographic dividend,9869.540199510064,58.0514907836914,21.478612670384983,42589.2923228063,28.854662117838615,49.6667249483627,64.68202155024237,5.918844427461473,,
LTE,2021,Late-demographic dividend,11755.424535853506,61.8473892211914,21.121005484458497,44558.277314195846,29.158186517815594,49.72080765572985,65.62329349364403,5.495153626959386,,
LTE,2022,Late-demographic dividend,12280.1075352976,65.3469696044922,20.617585782487744,45969.16701180874,28.916264814055467,50.46615017565245,64.99776819897961,5.182734979257896,,
LTE,2023,Late-demographic dividend,12422.725398159348,67.1248321533203,20.209205173960783,47484.418627803265,28.98995644949171,50.80083821741897,64.92985462181602,4.805538351548979,,
LTU,2000,Lithuania,3300.636349285588,50.8968200683594,19.2411465332078,38941.577354623834,26.7772005375036,53.9816529292887,60.184,15.931143466708368,5064.965999999999,806.9069999999999
LTU,2001,Lithuania,3532.527873632422,57.3476104736328,17.5732880472875,42936.12445958371,26.6369708191206,55.7897411335919,58.784,16.83958286893905,4952.688,834.0120000000001
LTU,2002,Lithuania,4148.130914850149,63.0700798034668,18.6413082651297,44334.38524787864,27.369223659236,53.9894680756342,58.023,13.007953369620456,4899.8099999999995,637.365
LTU,2003,Lithuania,5507.474341876524,69.6304168701172,18.712838232252,47340.922212337995,27.2358164852998,54.0513452824482,59.974,12.874492394195547,5070.864,652.8480000000001
LTU,2004,Lithuania,6734.574870619461,74.9013824462891,16.2842780787806,51970.37858614662,28.2035689601536,55.5121529610658,57.008,10.684343219597112,4797.768,512.61
LTU,2005,Lithuania,7857.031487864918,79.7298126220703,14.271161703791,55925.940151895615,29.0598188449609,56.6690897535763,56.157,8.324588324166518,4694.106,390.765
LTU,2006,Lithuania,9210.10118229413,82.4531784057617,13.8325563011345,60089.22008975102,29.5708517627929,56.5966622663365,55.137,5.780395606250523,4549.826999999999,262.998
LTU,2007,Lithuania,12295.121277936596,82.5158309936523,11.3254096261275,65698.39759140633,30.5485217463537,58.1260686275189,55.423,4.249943765489228,4547.919,193.284
LTU,2016,Lithuania,14934.27028404284,67.7418518066406,7.97550842026809,77299.38575739817,25.1374193344276,66.8870722453043,60.305,7.862045347333284,4432.5869999999995,348.492
LTU,2017,Lithuania,16800.151024609866,68.3863372802734,7.78408051774895,80902.192519544,25.1338471885453,67.0820722937057,60.612,7.073178427289363,4373.748,309.363
LTU,2018,Lithuania,19247.231536796684,69.7188034057617,7.18258198598868,83594.76557952492,25.7673574398585,67.0501332922234,61.544,6.147107295832612,4394.262,270.12
LTU,2019,Lithuania,19608.794394555272,70.1848678588867,6.43624094961336,87179.73204623646,25.6996937572251,67.8640652931615,62.069,6.255185677871812,4411.188,275.928
LTU,2020,Lithuania,20428.647815739412,69.1454772949219,5.6898608086926,88532.09642566947,25.36454953707,68.945663141016,62.658,8.487399148039291,4452.318,377.886
LTU,2021,Lithuania,23870.459485172207,70.6638793945312,5.3128209610804,93378.02295778588,26.2534326901364,68.4337463487832,62.301,7.1117288823039555,4420.191,314.35200000000003
LTU,2022,Lithuania,25085.78406349905,76.9154586791992,5.45559222988835,93059.66102811188,25.7271821483731,68.8171548066784,62.747,5.955497425517395,4532.367,269.92499999999995
LTU,2023,Lithuania,27786.005782927572,,5.06179684090923,92573.93474492668,25.8297373888981,69.1084657701926,62.886,6.840767798143016,4640.751,317.46299999999997
LUX,2000,Luxembourg,48659.59887532334,9.96280002593994,2.44413634738906,269604.3833174352,20.7927602006001,76.7625618751557,53.485,2.345293755601386,555.666,13.032
LUX,2001,Luxembourg,48440.142015135505,9.9181604385376,1.52899009964265,273507.15270692244,21.426631375452,77.0449110885068,53.383,1.8047040995289545,566.187,10.218
LUX,2002,Luxembourg,53005.73392091787,11.6310997009277,1.96882220101284,276477.5249677458,20.0918957541241,77.9392820448631,54.366,2.6208915997992683,579.879,15.198
LUX,2003,Luxembourg,65689.32145369114,12.0609903335571,2.72268482141445,286871.9073229546,19.2860796608114,77.9917628632751,53.639,3.6750015447673574,582.6120000000001,21.411
LUX,2004,Luxembourg,76544.91708684732,,1.96075388141319,293339.99208939663,18.8542782201114,79.1854852477844,54.645,5.113095507909886,595.647,30.455999999999996
LUX,2005,Luxembourg,80988.13762308584,,1.73576330228595,289584.4321545461,17.2973323166933,80.9674027339642,55.407,4.488283389502667,607.983,27.288
LUX,2006,Luxembourg,90788.80048761448,9.85431003570557,1.82846380593172,302164.4855704095,16.6935606487908,81.4779755452775,55.45,4.7305765938873146,615.147,29.1
LUX,2007,Luxembourg,107475.32029797773,,1.8444768484211,318423.1678036299,16.9210910047092,81.2344321468697,55.519,4.065478892419428,634.4639999999999,25.794000000000004
LUX,2016,Luxembourg,106899.29354955172,19.9203605651855,1.02587488552986,289159.8046524409,12.0494881748177,86.9246369396525,59.209,6.668838042504681,847.3890000000001,56.511
LUX,2017,Luxembourg,110193.2137972278,19.5990200042725,1.38928869570224,283681.96630870644,10.7649183914333,87.8457929128645,58.835,5.523108265020198,862.9380000000001,47.661
LUX,2018,Luxembourg,116926.75959390483,19.3915195465088,1.0538498386358,280096.1608390257,11.752138993493,87.1940111678712,59.371,5.589303723391698,889.4309999999999,49.71300000000001
LUX,2019,Luxembourg,112696.649059674,19.3969497680664,0.681853558835672,278531.9503992803,10.8118625599794,88.5062838811849,60.102,5.592002193326022,919.152,51.399
LUX,2020,Luxembourg,116860.02817235976,19.961389541626,0.775642860751393,275813.63269045705,10.3642456595322,88.8604482764427,60.103,6.766130755516716,940.641,63.645
LUX,2021,Luxembourg,134965.81544215154,20.7341499328613,1.1443676056924,280240.20743089396,9.37607004451385,89.4792423364812,61.482,5.571471606243737,975.954,54.375
LUX,2022,Luxembourg,123719.6589159963,21.032600402832,1.08087471366521,271040.63664283033,9.19181614490105,89.7273091414337,60.942,4.587372105546581,980.496,44.979
LUX,2023,Luxembourg,131407.6813645132,,0.87261103592708,262738.78632227844,9.60147700899555,89.5256057757665,61.524,5.18407611210502,1017.867,52.767
LVA,2000,Latvia,3278.178964408034,56.2438011169434,14.9255399788778,36696.73169368794,26.7582316969305,58.3162283241917,56.151,14.210799631934258,3292.8900000000003,467.946
LVA,2001,Latvia,3504.6182946239664,63.4917602539062,15.4708831142707,38855.89119892054,26.2673957577907,58.2616152579786,56.497,13.821119454567436,3250.8509999999997,449.304
LVA,2002,Latvia,4003.609357835385,67.8093032836914,16.2287185052589,41077.79257933519,25.5345711891857,58.2367103055554,57.761,13.828910992287971,3310.8030000000003,457.84800000000007
LVA,2003,Latvia,4914.57992829302,71.0342407226562,14.243716556198,44413.312285923195,27.0728678377656,58.6834156060364,56.898,12.061090941274738,3254.034000000001,392.472
LVA,2004,Latvia,6109.732651868175,74.6085586547852,13.3013728166418,48058.07577931646,26.9406110050231,59.7580161783351,57.196,11.70834968697521,3263.799,382.137
LVA,2005,Latvia,7283.787381276217,75.4191970825195,12.051169592131,52908.902044418835,26.4762240089224,61.4726063989466,57.199,10.03304098247653,3242.337,325.305
LVA,2006,Latvia,9211.7374468148,74.5965118408203,11.4609958769182,56318.15800247763,27.3691396835578,61.169864439524,58.948,7.0297577929561745,3326.658,233.856
LVA,2007,Latvia,13370.978945250785,73.0432968139648,10.1799280512284,60569.85398359678,28.6334036109079,61.1866683378637,60.199,6.051575931232091,3376.5750000000003,204.336
LVA,2016,Latvia,13838.526682327232,80.6048126220703,7.69189927016665,68654.11043446622,24.1140345249446,68.1940662048887,60.348,9.642864729212627,2965.8509999999997,285.993
LVA,2017,Latvia,15132.495833398172,88.0574264526367,6.86764497182028,70601.69239904408,23.3072640202775,69.8250910079022,60.786,8.715088130219312,2940.762,256.29
LVA,2018,Latvia,17252.171042862567,93.0244827270508,6.9721379298369,72655.90848760748,23.6606193211171,69.367242749046,61.339,7.412324687555681,2946.5249999999996,218.406
LVA,2019,Latvia,17294.975160096918,94.8645324707031,7.29370833636473,73185.29697531856,23.7190756604558,68.9872160031794,61.087,6.312098428873073,2914.023,183.936
LVA,2020,Latvia,17564.232154935427,94.5108337402344,7.21966324838917,72011.46619650909,23.6383517011335,69.1418743788555,61.566,8.098420144266939,2915.013,236.07
LVA,2021,Latvia,20261.888778891633,93.4839324951172,6.78852065021619,79090.39582747387,23.5085765583541,69.7029027914297,60.076,7.512684415985024,2820.39,211.887
LVA,2022,Latvia,20227.230743158063,91.3303680419922,6.78244117548802,78930.10450548514,23.6350374717431,69.5825213527689,60.935,6.814650458088221,2869.098,195.519
LVA,2023,Latvia,22675.578629540683,,6.75006020329936,80673.30104655128,22.9208873414002,70.3290524553004,60.985,6.46466684955754,2854.161,184.512
MAC,2000,"Macao SAR, China",15731.986875028091,26.005989074707,0.399871885706521,118706.51542322196,24.2000135878796,75.3996292449992,65.52,6.825775656324582,,
MAC,2001,"Macao SAR, China",15810.722766656158,50.4305801391602,0.399964111838843,120050.52408007663,23.5350783164675,76.0649575716937,64.912,6.462035885380516,,
MAC,2002,"Macao SAR, China",16814.992642413417,66.0375518798828,0.399963263994122,128917.62018627155,23.1441429030629,76.455893832943,64.133,6.379990212912837,,
MAC,2003,"Macao SAR, China",18589.899833053376,80.2272033691406,0.39981399759291,145250.10718859927,23.0870928917904,76.512637222364,61.701,6.110594795539034,,
MAC,2004,"Macao SAR, China",23407.19936921936,69.0725402832031,0.399823244984151,171927.66711266234,22.5783288153165,77.0214230478343,62.704,4.889762293691471,,
MAC,2005,"Macao SAR, China",25681.21673152215,57.060718536377,0.400115906591989,171261.85303545004,24.2359889968126,75.364292036979,63.911,4.1590956672143005,,
MAC,2006,"Macao SAR, China",29813.78771679328,49.7756004333496,0.399890703925797,176063.87717753087,26.574454258116,73.0256550379582,65.85,3.756805807622505,,
MAC,2007,"Macao SAR, China",35400.23346594085,46.4321784973145,0.399907661388881,182199.314782739,26.9469188778143,72.6531734607968,68.597,3.050118777112167,,
MAC,2016,"Macao SAR, China",69074.03630492122,79.9250030517578,0.504089608874094,202685.03393470187,17.3049596596006,82.1909507315253,70.062,1.9385699899295064,,
MAC,2017,"Macao SAR, China",77704.9215312666,81.265510559082,0.51465862719383,225496.53627604444,13.6554347428536,85.8296453819185,69.814,1.9747670780938713,,
MAC,2018,"Macao SAR, China",83761.8171798142,76.7935028076172,0.516867343358203,235862.2404015652,12.9424299936736,86.5407026629682,70.009,1.7996495261061387,,
MAC,2019,"Macao SAR, China",81967.69917276902,80.0911178588867,0.515854992222845,227371.8419887614,12.5393615374661,86.9445297295377,69.603,1.7234284650654053,,
MAC,2020,"Macao SAR, China",36976.256107142945,86.7956695556641,0.518007285918502,104630.84063389922,14.8157256969529,84.6662670171286,68.495,2.5478883959829326,,
MAC,2021,"Macao SAR, China",45376.31458615598,98.9696197509766,0.51801913448669,127668.25683072052,14.1290338571358,85.3529470083775,69.43,2.229,,
MAC,2022,"Macao SAR, China",36909.95640903118,116.232192993164,0.513104770750781,105678.61779821788,14.7207386711211,84.7661565581282,68.018,2.482,,
MAC,2023,"Macao SAR, China",67476.52908133058,129.15104675293,0.509184842057692,192411.24265181055,14.4217683581292,85.0690467998131,64.953,2.235,,
MAF,2019,St. Martin (French part),19033.0594854512,,,,,,,,,
MAF,2021,St. Martin (French part),21668.3740927942,,,,,,,,,
MAR,2000,Morocco,1499.107421875,10.0391302108765,45.8317696133621,17536.563980050636,19.7348530055297,34.4333773811082,51.505,13.577670115642118,,
MAR,2001,Morocco,1506.24523925781,10.3949604034424,45.0447983634723,18329.983740739503,20.0442896809299,34.9109119555978,51.27,12.463705580332398,20459.068,2549.958
MAR,2002,Morocco,1596.02062988281,10.5032501220703,44.3866507756556,18638.322202680694,20.1084849861516,35.5048642381928,50.69,11.58792754600636,20758.0,2405.422
MAR,2003,Morocco,1941.87255859375,10.933159828186,43.8952913377267,19457.43581737927,20.1811226533875,35.9235748021878,50.673,11.915809217385991,21803.622,2598.078
MAR,2004,Morocco,2183.55541992188,11.0605201721191,45.8252749883136,19682.39599354223,19.4785412415257,34.6961837701607,50.657,10.82684410694717,22028.82,2385.026
MAR,2005,Morocco,2242.98828125,11.6413602828979,45.4755792724964,19917.49551855373,19.5097388539007,35.0146818736029,50.64,11.00950876255922,22279.45,2452.858
MAR,2006,Morocco,2438.12646484375,12.1367998123169,43.3954170184243,20710.894503034408,20.3128243246458,36.2917484016051,50.623,9.66758891111977,21980.434,2124.978
MAR,2007,Morocco,2755.5859375,11.6063098907471,41.7792771196598,20974.6943800999,21.7083286937696,36.5123941865706,50.607,9.562106138709218,,
MAR,2016,Morocco,3140.85546875,32.2695808410645,35.2343604734856,27106.103159159546,22.3619849928923,42.403654533622,46.55,9.29729377653073,,
MAR,2017,Morocco,3296.52661132813,33.7370109558105,34.2414428882227,28677.472953030352,22.7930581210501,42.9654989907272,45.5,9.223,,
MAR,2018,Morocco,3501.69799804688,35.6224212646484,33.2734446404822,29002.87050059629,23.0895452957169,43.6370008026628,45.76,9.271,,
MAR,2019,Morocco,3508.09765625,38.0248603820801,32.3079696112968,29259.215451390435,23.3528548318774,44.3391755568258,46.025,9.194,,
MAR,2020,Morocco,3268.0302734375,40.02001953125,31.9970924523933,28278.670629308806,23.4559349871145,44.5469725604922,44.609,11.223,,
MAR,2021,Morocco,3785.93627929688,42.8228912353516,31.2397692690106,29491.311768938955,23.8501216770381,44.9101090539513,45.3,12.279767306544072,24560.898,3016.022
MAR,2022,Morocco,3455.39624023438,46.1795501708984,29.3086516703473,29816.575298406093,24.0843855042136,46.6069628254391,44.3,11.808942749302656,24381.048,2883.804
MAR,2023,Morocco,3771.4462890625,47.709358215332,29.5901227947325,30232.105975361905,24.1346602549688,46.2752169502987,44.275,9.044,,
MCO,2000,Monaco,81789.0206522549,,,,,,,3.5995589161940766,38.088,1.371
MCO,2001,Monaco,82402.78095701894,,,,,,,,,
MCO,2002,Monaco,90051.44598774679,,,,,,,,,
MCO,2003,Monaco,111110.45131224942,,,,,,,,,
MCO,2004,Monaco,125160.22808759804,,,,,,,,,
MCO,2005,Monaco,130538.74258711666,,,,,,,,,
MCO,2006,Monaco,143083.4611072016,,,,,,,,,
MCO,2007,Monaco,184558.55659333797,,,,,,,,,
MCO,2016,Monaco,173604.75355591517,53.3591690063477,,,,,,6.332419402885316,45.951,2.91
MCO,2017,Monaco,170663.3752478725,,,,,,,,,
MCO,2018,Monaco,188298.31566843708,,,,,,,,,
MCO,2019,Monaco,193746.78564741169,,,,,,,,,
MCO,2020,Monaco,176891.88653849173,,,,,,,,,
MCO,2021,Monaco,223823.3639602262,,,,,,,,,
MCO,2022,Monaco,226052.0019052007,,,,,,,,,
MCO,2023,Monaco,256580.51512274524,,,,,,,,,
MDA,2000,Moldova,440.5386839803723,,50.8653599776994,13658.592654090087,13.8945281812883,35.2401681557214,59.912,8.539152552198573,,
MDA,2001,Moldova,507.4040762528191,,51.0242445880463,14645.999390477493,13.8981334686441,35.0776219433095,57.946,7.366357657147129,,
MDA,2002,Moldova,570.7998661882931,,49.6383754463654,15739.550047952082,14.4455831112933,35.9160414423413,57.225,6.844566303873541,,
MDA,2003,Moldova,682.319095965299,,49.4477168506653,16542.355701932058,14.2341822959314,36.3181008534032,57.248,6.377798492047414,,
MDA,2004,Moldova,897.1784947494684,,49.5095275814141,18321.64409491903,14.1251513204107,36.3652613172722,55.113,6.374362991941518,,
MDA,2005,Moldova,1034.391977469929,,49.1301073085882,19552.658048693243,14.0567883823708,36.8131043090411,54.815,5.633030771858266,,
MDA,2006,Moldova,1183.02481442894,,48.8215300009599,18989.961196530847,14.0158996335631,37.1625139037101,58.093,4.260102712895098,,
MDA,2007,Moldova,1531.2161859074763,,50.0177385219529,18963.66665985916,13.9331919441531,36.0491251405458,58.846,2.74858814534785,,
MDA,2016,Moldova,2847.087947704789,52.8414115905762,60.3905816486256,22126.940784735052,10.2369495540114,29.372468797363,69.907,1.5912073287926216,,
MDA,2017,Moldova,3453.267277202941,51.947338104248,59.361685462757,24128.196036851234,9.88617528453299,30.7521968446526,68.331,1.6221397450379216,,
MDA,2018,Moldova,4156.449819566462,52.8423118591309,59.1537807582324,26053.19733842745,10.4930234770253,30.3531957647423,67.053,1.2392699934640918,,
MDA,2019,Moldova,4405.334181621547,54.7812004089355,58.2699899518227,26679.391160466676,11.0443186761263,30.6857499961894,69.332,1.5019580955614291,,
MDA,2020,Moldova,4375.778893052403,56.2498207092285,57.5922073758803,24613.621488558943,11.5293007091032,30.8784919150164,69.68,1.2055966265446103,,
MDA,2021,Moldova,5274.605821953523,61.3014030456543,56.5983817717613,27298.023778518087,12.2415425842719,31.1600756439668,72.51,0.7936931183346753,,
MDA,2022,Moldova,5744.296184344349,,55.3807642449187,26756.46343678485,12.6797055253539,31.9395302297274,72.531,0.9093733414454184,,
MDA,2023,Moldova,6799.585946445756,,51.1362105068273,28734.31411276707,13.3268182707665,35.5370298110983,70.654,1.569557943173236,,
MDG,2000,Madagascar,280.28290555964884,2.09302997589111,78.6661683761508,3835.686825094858,8.24761799207303,13.0862136317762,86.311,5.799282324343095,,
MDG,2001,Madagascar,319.28327823565746,1.96777999401093,78.646060324848,3921.4029674378007,7.94198514934006,13.411954525812,86.352,5.347472924187725,,
MDG,2002,Madagascar,304.9417773984449,2.00627994537354,81.1433826225444,3332.762167241088,6.24834076576582,12.6082893873143,86.509,5.502,,
MDG,2003,Madagascar,352.62009584992484,2.1826798915863,81.6375981361213,3532.1329708406915,5.14797700565091,13.2144125251148,86.512,5.031650320305758,22721.571,1148.871
MDG,2004,Madagascar,272.2007485885601,2.52886009216309,81.9238258289484,3565.1511955748065,4.20298857110688,13.8731974266896,86.521,3.946,,
MDG,2005,Madagascar,305.81207492438796,2.6235499382019,81.9640948597015,3569.223775226834,3.41494880317706,14.6209563371214,86.503,2.701551471267283,29532.15,822.771
MDG,2006,Madagascar,324.14687488260375,2.80920004844666,80.2874424096484,3651.654406658166,3.81109805146495,15.9014595388866,86.533,2.946,,
MDG,2007,Madagascar,419.54800143186503,3.18492007255554,78.4229337211051,3743.769220158282,4.26625156988707,17.3108147090079,86.548,3.205,,
MDG,2016,Madagascar,453.97071452246337,4.76165008544922,73.9833938662978,3354.8365569260823,9.22300369059839,16.7935946478216,85.816,1.947,,
MDG,2017,Madagascar,491.8668487189288,5.23624992370605,73.2921060858707,3390.8287610911743,9.25422984099491,17.4536640731344,85.619,2.119,,
MDG,2018,Madagascar,500.4571855291595,5.32438993453979,72.6270562847502,3404.003721084071,9.31541811092526,18.0575256043246,85.457,2.297,,
MDG,2019,Madagascar,499.8188376225341,5.53402996063232,71.7875417464592,3458.3326146436266,9.4194349398193,18.7930233137215,85.314,2.469,,
MDG,2020,Madagascar,450.77161520150946,5.67685985565186,71.5276652526378,3173.6488215359477,9.58957187482693,18.8827699638351,84.479,3.284,,
MDG,2021,Madagascar,483.4694633513706,,71.1518299929889,3213.309854262898,9.66772101636631,19.1804489906448,84.964,3.487,,
MDG,2022,Madagascar,503.5145334728794,6.15096998214722,70.0664469319769,3234.9107478156193,9.85946024948004,20.074099449841,85.102,3.1863393842037597,36813.216,1172.994
MDG,2023,Madagascar,508.7184277057355,6.4074501991272,69.3776757908118,3270.1572384863157,10.122069134554,20.5002550746343,85.07,3.069,,
MDV,2000,Maldives,2213.812350531779,,14.4828042912013,42762.52978722978,20.1194207761247,65.3977749326741,54.8,1.984610083840588,261.21,5.226
MDV,2001,Maldives,3033.9323450703646,,15.9428712881943,40055.77173758264,21.1897151098339,62.8674136019717,54.501,3.083,,
MDV,2002,Maldives,3076.0700716010097,,16.7634366830108,41915.590949559395,22.5454889073213,60.6910744096679,54.202,4.148,,
MDV,2003,Maldives,3548.5767011055987,0.212899997830391,17.7927189242375,46543.31405837197,23.995572318793,58.2117087569695,53.902,5.134,,
MDV,2004,Maldives,4070.2609459446007,,17.214756363782,48167.93492579104,22.4980473052813,60.2871963309367,53.602,6.1,,
MDV,2005,Maldives,3796.515465246436,,17.2420905813828,41966.26358594058,20.698562995413,62.0593464232042,53.302,7.328,,
MDV,2006,Maldives,5018.943354091592,,16.1204191976504,50370.04425331004,19.599111255209,64.2795159583091,53.001,8.392,,
MDV,2007,Maldives,5758.102869330527,10.302300453186,15.391169706909,51846.57112874618,18.3019230945422,66.3069071985487,52.701,9.447,,
MDV,2016,Maldives,9947.807447317393,,8.52541034433415,45451.7026950717,23.8670150464006,67.6075746092653,58.545,5.770690471710966,462.423,26.685
MDV,2017,Maldives,10509.628805811955,34.778018951416,8.21375507806523,45326.31112594564,23.9028170613119,67.8834278606228,60.267,5.401,,
MDV,2018,Maldives,11423.283842702867,,7.98701298701299,45912.180487125435,24.3165699548678,67.6964170581192,61.964,4.95,,
MDV,2019,Maldives,11740.272402978468,51.3613624572754,8.00058618668322,45944.990989939884,24.4707079066239,67.5291369263129,63.632,4.562396978531935,606.063,27.651000000000003
MDV,2020,Maldives,7393.888654393296,28.3089008331299,8.20982315927594,30467.835803472975,24.6678112392483,67.1223656014757,62.769,5.434,,
MDV,2021,Maldives,10176.143882547023,24.8425178527832,8.21752435497909,39441.89574872742,25.0448195786358,66.7372549963302,64.192,5.024,,
MDV,2022,Maldives,11786.009154534322,49.9534454345703,7.93881751721201,44138.8982968791,24.9248822958809,67.136300186907,63.585,4.419,,
MDV,2023,Maldives,12530.36023596828,,7.70013940447661,45905.04738499481,25.0046990273013,67.295161568222,63.414,4.241,,
MEA,2000,"Middle East, North Africa, Afghanistan & Pakistan",2220.384393002944,19.6720790863037,32.876448402630324,39278.264530641965,22.95118277934461,44.17236878492927,47.98498227974395,8.423650492724171,,
MEA,2001,"Middle East, North Africa, Afghanistan & Pakistan",2153.1933254619253,20.352710723877,32.11184290218255,39047.75439542359,23.069182920200916,44.81897268706266,47.68947880692343,8.433479692504417,,
MEA,2002,"Middle East, North Africa, Afghanistan & Pakistan",2092.4242763394564,20.8631000518799,30.82313331876304,39014.8257480112,22.910871901298748,46.265995481989606,47.33249885658928,8.496404441041738,,
MEA,2003,"Middle East, North Africa, Afghanistan & Pakistan",2279.518860727473,21.2968502044678,30.69284627767313,39152.21647514195,22.8765417526521,46.430610585057664,47.517258912904154,8.308761342476524,,
MEA,2004,"Middle East, North Africa, Afghanistan & Pakistan",2624.189354963536,22.6546497344971,30.962113613033857,40350.45497023389,22.959607644514993,46.078280066404254,47.73985657679689,7.553921792932354,,
MEA,2005,"Middle East, North Africa, Afghanistan & Pakistan",3050.8608626851233,23.7836303710938,30.414125314723393,41030.5866475869,23.299191904863424,46.28668025348936,47.847420063400584,7.658250659844462,,
MEA,2006,"Middle East, North Africa, Afghanistan & Pakistan",3482.47657916496,24.6438694000244,30.05350498615889,41863.72133901093,23.653690993239135,46.292802768235475,47.77169484257683,7.221312323015384,,
MEA,2007,"Middle East, North Africa, Afghanistan & Pakistan",4010.052280735943,26.2584896087646,29.734356000941546,42428.86241351853,24.082377254441376,46.18326671954647,47.83689072472137,6.819445745225023,,
MEA,2016,"Middle East, North Africa, Afghanistan & Pakistan",5080.740677223574,39.6865081787109,25.449977892489887,46551.38852569767,25.84835010099572,48.70167294601952,48.3726953814489,8.07484104448856,,
MEA,2017,"Middle East, North Africa, Afghanistan & Pakistan",5232.296315549282,40.4833908081055,24.516474184811884,47428.30456784148,26.268563969419027,49.21496234191241,48.0130859975245,8.522849063424486,,
MEA,2018,"Middle East, North Africa, Afghanistan & Pakistan",5509.559137855232,40.9488487243652,23.133447430479613,48362.377771733976,26.51696578836731,50.34958677265729,47.62745174776789,8.540163589798516,,
MEA,2019,"Middle East, North Africa, Afghanistan & Pakistan",5371.4898716516645,41.0044708251953,23.380561602426393,48237.22881460942,26.171694404197492,50.44774257623436,47.58532243482465,8.33464243815053,,
MEA,2020,"Middle East, North Africa, Afghanistan & Pakistan",4707.819860848866,41.3039703369141,23.26276682232921,47483.50573517041,26.239090754904144,50.49814193677047,46.56573973556939,9.214422511702264,,
MEA,2021,"Middle East, North Africa, Afghanistan & Pakistan",5575.272986267284,41.1492118835449,22.76450941621232,48231.67601419685,26.267524135454675,50.96796825030896,47.02034036851623,9.02712223286196,,
MEA,2022,"Middle East, North Africa, Afghanistan & Pakistan",6383.398392567134,41.943489074707,21.94777649938994,49713.517112287,26.247574428805045,51.80465083347523,47.04686628150485,8.418645780483537,,
MEA,2023,"Middle East, North Africa, Afghanistan & Pakistan",6063.0524765786395,42.9855690002441,21.740037188654423,49552.866892605845,26.15081864627566,52.10914499507635,47.052958224684,8.078864426067828,,
MEX,2000,Mexico,7524.027138009098,20.5259704589844,17.4054242107366,53739.99774428957,27.06526479757,55.5293109916934,59.573,2.6044853965098005,114151.1,2956.5
MEX,2001,Mexico,7952.76479510706,21.3776397705078,17.4603019564001,52912.80498676829,26.0779993656148,56.4616986779851,58.937,2.5823508943287816,114312.7,2934.0
MEX,2002,Mexico,7983.033983817592,22.3153591156006,17.2040713313738,52314.171347327734,25.6338507955322,57.162075263962,58.457,3.00262420872499,120900.444,3630.186
MEX,2003,Mexico,7434.074650315621,23.0477905273438,16.3540080191267,51784.10371467047,25.291171277958,58.3548207029153,58.815,3.455338021712726,123698.607,4274.205
MEX,2004,Mexico,7849.667596495654,23.7031497955322,15.5795546237351,52313.98710951555,25.052233145617,59.3682122306479,59.375,3.9364606570528857,127219.257,5007.936
MEX,2005,Mexico,8671.758918851627,24.130989074707,15.6364540310295,51482.227510917975,23.9024633702556,60.4610825987149,60.12,3.5578973091024304,130894.503,4657.092000000001
MEX,2006,Mexico,9512.635753466991,24.5689697265625,14.9555795985385,52198.93066822089,24.0183874964356,61.0260352263747,60.875,3.56595422248261,134947.554,4812.168
MEX,2007,Mexico,10134.332712970609,25.1474304199219,14.4999462941046,52168.99346374987,24.0180855455139,61.4819681603815,60.921,3.6276445544511313,137688.59999999998,4994.853
MEX,2016,Mexico,9097.923976747688,38.589771270752,13.604458398655,51285.05819581953,24.4459570571239,61.9495845442211,60.427,3.852927267820421,158705.721,6114.816
MEX,2017,Mexico,9649.278167724024,40.3390693664551,13.6489931287543,51419.00826484176,24.7887825567837,61.5622243144621,60.209,3.418997552185696,160529.334,5488.494000000001
MEX,2018,Mexico,10084.793755367857,41.6382789611816,13.3559491915634,51377.97194902776,24.9134614384087,61.7305912448918,60.429,3.2744780059013316,164884.479,5399.106
MEX,2019,Mexico,10369.555358527135,43.0441398620605,13.0440885104383,49950.11813522701,24.5354508574337,62.4204588021749,61.12,3.477321242063014,169746.267,5902.623
MEX,2020,Mexico,8841.270751132804,45.1654510498047,13.1669700563214,49432.41711762527,24.1241144059634,62.7089175137874,56.426,4.440540567969236,159627.66,7088.331
MEX,2021,Mexico,10314.05067259792,45.6506195068359,13.3118155317994,48605.809980083475,24.464912914906,62.2232697210776,59.925,4.019344088058915,166625.17200000002,6697.239
MEX,2022,Mexico,11402.14103747819,46.4061317443848,12.6495522168809,48577.37423298099,24.9721396852391,62.3783098634819,60.946,3.2560242434027913,177628.53,5783.628
MEX,2023,Mexico,13826.130657012192,,11.9647552173961,48596.64252211496,25.0311261997001,63.0041185829038,61.743,2.764868085618155,181596.765,5020.911
MHL,2000,Marshall Islands,2264.7911489764524,,,,,,,,,
MHL,2001,Marshall Islands,2394.345011051777,,,,,,,,,
MHL,2002,Marshall Islands,2566.067087992222,15.7564096450806,,,,,,,,
MHL,2003,Marshall Islands,2539.330738395399,,,,,,,,,
MHL,2004,Marshall Islands,2566.0829101581357,,,,,,,,,
MHL,2005,Marshall Islands,2658.652178938851,,,,,,,25.36896689270044,,
MHL,2006,Marshall Islands,2754.269887675027,,,,,,,,,
MHL,2007,Marshall Islands,2892.2840395887383,,,,,,,,,
MHL,2016,Marshall Islands,4229.809889119453,,,,,,,,,
MHL,2017,Marshall Islands,4592.834576285757,,,,,,,,,
MHL,2018,Marshall Islands,4858.120790548747,,,,,,,,,
MHL,2019,Marshall Islands,5292.339855023065,41.4746513366699,,,,,,6.343219612549289,52.497,3.33
MHL,2020,Marshall Islands,5661.96787336674,,,,,,,,,
MHL,2021,Marshall Islands,6258.611937051272,,,,,,,9.823040808956302,41.535,4.08
MHL,2022,Marshall Islands,6322.828555031564,53.5061492919922,,,,,,,,
MHL,2023,Marshall Islands,6678.342390604476,,,,,,,,,
MIC,2000,Middle income,1236.9545215877622,13.7075300216675,47.58015791876421,13793.010588469571,19.608605852650623,32.81123631000994,65.49523627954922,5.883690758932317,,
MIC,2001,Middle income,1222.8563224551383,14.7704401016235,47.09810906653632,14056.30275657676,19.485668490313707,33.4162221871835,65.29186052069714,6.050492173342903,,
MIC,2002,Middle income,1227.92937219673,15.931489944458,46.59468233327141,14479.749218778934,19.312685861653787,34.09263231816869,65.02073173886014,6.255724007564972,,
MIC,2003,Middle income,1356.3760667381569,17.1734104156494,45.85024591726757,15050.901851587583,19.499031097564934,34.650723036316656,64.85124903659893,6.317021759836685,,
MIC,2004,Middle income,1570.3216065764932,18.192590713501,44.42883631347432,15879.523985914097,20.04807286341846,35.52309103289356,64.70875983361366,6.188638580208011,,
MIC,2005,Middle income,1829.6073816169792,19.0569000244141,43.19077517197181,16696.95201742983,20.741782900799933,36.06744217034873,64.52291221274798,6.166993033358476,,
MIC,2006,Middle income,2127.300930556208,20.1964492797852,41.83408828284418,17732.903693796845,21.41391966849432,36.75199172335659,64.15614849497103,5.974435845835875,,
MIC,2007,Middle income,2580.905677089597,21.3664398193359,40.7082834279284,18934.646612450968,22.177781056943623,37.11393569516749,63.901254003418224,5.8837851971405115,,
MIC,2016,Middle income,4600.2293684774395,34.7353210449219,31.83084151845504,27468.244773860628,24.464347559944084,43.70481096310781,61.458309552433114,6.036806874505676,,
MIC,2017,Middle income,4973.537079677238,35.2868194580078,31.17375943737699,28632.110638690167,24.633786663799153,44.192454020826446,61.230750928984385,6.080903059759545,,
MIC,2018,Middle income,5240.738757119684,35.8457984924316,30.34070161564398,29728.14511158302,24.832320482076646,44.82697781652108,61.03550165850306,6.034827151331057,,
MIC,2019,Middle income,5310.453500329758,36.9065208435059,29.68785690053028,30536.93427072709,24.923973859996952,45.38816944221981,60.87522762319844,5.886047407967245,,
MIC,2020,Middle income,5096.735904037605,38.2425804138184,30.42532393674903,30619.12633215246,24.84030180451302,44.73437421500329,59.43937577289917,6.735318730000017,,
MIC,2021,Middle income,5966.000157876601,39.9424285888672,29.97881359732638,31784.54889754064,25.26489738610638,44.75628921946649,60.30817604756742,6.232037254232601,,
MIC,2022,Middle income,6205.545997767499,41.3883018493652,29.44603709871204,32366.17470902207,25.541077971537973,45.01288500587707,60.57288029204798,5.484459016121799,,
MIC,2023,Middle income,6347.753919283718,42.6488990783691,29.353914631740473,33262.858110640256,25.345517984467705,45.300567101146,60.867820296194395,5.071622525074708,,
MKD,2000,North Macedonia,1861.8989978064396,22.4084796905518,24.6618599301355,43774.82101959365,34.4851395870609,40.8528229814547,52.742,32.16040278132035,,
MKD,2001,North Macedonia,1823.0226768263633,24.3628692626953,24.2343300889958,40833.26868971646,33.8001444837439,41.9656962118275,52.908,30.51530136057183,,
MKD,2002,North Macedonia,1989.1353726515904,26.8072891235352,23.9236032732592,42286.585237027066,33.2982963405871,42.7782726992327,53.026,31.944167449169043,2474.472,790.4490000000001
MKD,2003,North Macedonia,2445.3628640001334,27.8220596313477,22.0382803888165,45800.89183929181,33.9117601508623,44.0501416611247,53.483,36.687259575179795,2582.928,947.604
MKD,2004,North Macedonia,2818.5814561241964,28.2504692077637,17.7461019294559,48311.221993433384,34.4936113813984,47.7604692471854,53.365,37.1612472229932,,
MKD,2005,North Macedonia,3120.9840139423313,29.7906494140625,18.4387987568327,50779.705100087194,33.575161400674,47.9860398424933,53.274,37.31975189210721,2635.95,983.73
MKD,2006,North Macedonia,3440.441105796795,29.2525997161865,19.0413410093607,52619.35968557686,33.0274934749604,47.9311655156788,53.25,36.39219282129033,2643.567,962.052
MKD,2007,North Macedonia,4204.113287604519,35.2432899475098,17.8864411782878,54016.55855064304,31.4545304766285,50.6590283450837,54.281,35.23142777750824,2720.6760000000004,958.533
MKD,2016,North Macedonia,5598.486226179673,,16.38855881203,59615.86422620011,30.3841583551184,53.2272828328516,53.44,24.31187507021683,2857.221,694.644
MKD,2017,North Macedonia,5955.297386345096,43.5097694396973,15.7093616476597,59505.32326855243,30.7101540261973,53.580484326143,53.157,22.856845817235545,2856.759,652.965
MKD,2018,North Macedonia,6713.9892539898865,43.8547897338867,14.7730199662431,60513.133717037344,31.638571303033,53.5884087307239,52.796,21.20770929304129,2851.779,604.797
MKD,2019,North Macedonia,6718.858266354576,43.1991004943848,13.4221424707573,60060.39917778972,31.2805732798986,55.2972842493442,53.023,17.413658535568736,2878.947,501.33
MKD,2020,North Macedonia,6659.596510707756,43.782169342041,11.5263586004619,58270.12550116881,30.9763280234167,57.4973133761214,52.107,16.575097091226123,2838.825,470.538
MKD,2021,North Macedonia,7620.802969775082,44.3020210266113,11.0754394842864,61549.02381217154,30.8651837747822,58.0593767409314,51.617,15.800839512486148,2815.92,444.939
MKD,2022,North Macedonia,7606.237525379702,53.1601181030273,9.51757495617679,60889.79987870944,30.4287497662037,60.0536752776195,52.925,14.476524319654644,2410.026,348.88800000000003
MKD,2023,North Macedonia,8624.284002321167,,9.2898538188738,61645.23246312765,30.1706888100799,60.5393132082,52.589,13.173786454591838,2363.694,311.38800000000003
MLI,2000,Mali,256.19955497824145,1.83404004573822,67.2900981288862,5174.83990641938,7.89263669323188,24.8172885881656,70.192,1.414,,
MLI,2001,Mali,291.15949791134693,1.95004999637604,65.7231445699845,5780.499604336449,8.24782130755544,26.0290114572591,70.159,1.338,,
MLI,2002,Mali,318.04243203922226,1.9438099861145,65.3830281643456,5772.251659101085,8.35585863432799,26.2611132013264,70.132,1.364,,
MLI,2003,Mali,371.6270163897588,,64.4192316724584,6092.698235711704,8.60481747305401,26.9759508544876,70.119,1.281,,
MLI,2004,Mali,542.8873476408627,,64.4070092459432,5999.064908951409,8.66391858859896,26.9290721654578,70.12,8.754475189495555,,
MLI,2005,Mali,591.6303934737055,,63.9022093344765,6245.328350655104,8.84995675105212,27.2478139794873,70.142,1.379,,
MLI,2006,Mali,633.2219467374316,,63.7191034690706,6458.2832410616,8.99505578191321,27.2858407490162,70.174,1.425,,
MLI,2007,Mali,711.6754632150783,,65.3638489914685,6500.54240199312,8.35331117790371,26.2828398306278,70.209,11.70643529027238,,
MLI,2016,Mali,872.4685871716532,3.65079045295715,64.9026752410249,7695.029742688052,6.71763983190569,28.3796849270695,69.865,1.3670024384553423,16600.263,226.926
MLI,2017,Mali,924.0575316922836,4.16489362716675,63.1261023567082,7932.730086546316,8.23976363254312,28.6341340107487,69.159,7.414362411559418,19479.18,1444.257
MLI,2018,Mali,996.3792921369012,4.96651792526245,63.0028865247856,8058.940470393774,7.65740292101213,29.3397243271042,69.122,1.6198580162225595,18140.664,293.85299999999995
MLI,2019,Mali,971.9493186380917,4.73440647125244,65.5931224555919,8329.119260123285,8.31420720208989,26.0926703423182,69.065,3.290207389577863,17062.815,561.4019999999999
MLI,2020,Mali,953.2429432909744,,68.061810998184,8347.585559468032,9.30610067760867,22.6320883242074,65.916,3.5283745762114056,19392.924,684.255
MLI,2021,Mali,1027.2734536535686,,68.2478017417709,8033.286205615283,9.85163842161697,21.9005598366121,68.429,3.966,,
MLI,2022,Mali,969.7222056056204,,67.9925225542912,7793.466020657186,10.0183003303585,21.9891891423813,69.329,2.38670748476442,20117.547,480.1470000000001
MLI,2023,Mali,1035.862426284115,,67.7744739190938,7933.698607706628,10.2533952565205,21.9721308243858,69.256,2.956,,
MLT,2000,Malta,10348.486016300049,21.9095897674561,2.04310009783293,83171.23300698718,32.7458890065267,65.2110108956404,49.671,6.323414892712008,458.439,28.989
MLT,2001,Malta,10357.702640726948,24.9949493408203,2.34469917067244,81309.1968029949,30.925466166605,66.7304949553642,50.199,7.107315168235013,476.298,33.852000000000004
MLT,2002,Malta,11251.202487739843,24.2556896209717,2.34195862213135,82601.19070382159,31.5253107913011,66.1333838525709,50.008,6.902087680063968,480.246,33.147
MLT,2003,Malta,13593.97871829017,30.0867691040039,2.45969611293577,85611.45173793902,29.8820103298095,67.6582935572547,49.724,7.487738013091885,482.589,36.135
MLT,2004,Malta,15212.131296488336,26.6235694885254,2.25580347678609,87176.17583431947,29.4486697053212,68.2961893152427,48.293,7.316608809884942,472.7190000000001,34.587
MLT,2005,Malta,15831.343980275578,32.2053604125977,2.09538085792374,87448.48141253044,29.8490007688878,68.0556183731884,48.686,6.9236282055276845,481.395,33.33
MLT,2006,Malta,16653.603831238852,31.2252807617188,2.03279189173713,88255.83394075916,28.3362918567438,69.630916251519,48.819,6.798187478807681,486.615,33.080999999999996
MLT,2007,Malta,19444.174363556453,34.6690711975098,1.82017150664944,90143.67465317658,26.3158220139357,71.864624744193,49.561,6.472503596169703,498.447,32.262
MLT,2016,Malta,26459.077205481095,48.1260795593262,1.1680122294941,102050.78771265068,19.8585964744662,78.9733912960397,56.195,4.693870998812084,654.087,30.702
MLT,2017,Malta,30317.24433579385,52.8446311950684,0.998174456855728,109052.95670845456,19.8075949824676,79.1942305606767,57.309,4.008092047035023,688.083,27.579
MLT,2018,Malta,33382.26775026375,56.8111114501953,0.996183317796274,108103.77153133784,18.5959793155054,80.4078373666983,59.443,3.956436931079324,738.24,29.208
MLT,2019,Malta,32421.91797531879,58.5368690490723,1.01173772314003,105225.628739858,19.0312366683496,79.9570256085103,60.842,4.080237673367141,785.616,32.055
MLT,2020,Malta,31833.59638246397,62.8752517700195,1.08963436880569,98221.99807504057,18.2823119656673,80.628053665527,61.889,4.85610250091308,813.183,39.489
MLT,2021,Malta,38065.35434657504,73.0226974487305,0.868386526236436,107951.73713598512,17.9918380364896,81.1397754372739,62.768,3.7539583046499665,828.0060000000001,31.083
MLT,2022,Malta,36224.281995581674,78.6229400634766,0.800824107980724,107669.52303716163,16.9668875106718,82.2322883813475,63.696,3.4708636943022486,880.242,30.552
MLT,2023,Malta,40182.431385463366,,1.11038285075375,110759.92047133464,17.597535286551,81.2920818626953,63.618,3.478585705072126,939.606,32.685
MMR,2000,Myanmar,196.6195806252842,,61.676860118847,2965.6227876190383,12.5026481918531,25.8204868744056,67.721,0.717,,
MMR,2001,Myanmar,141.52566070572198,11.6127595901489,61.1640383651209,3255.7507461540545,12.788666401731,26.047295233148,67.521,0.694,,
MMR,2002,Myanmar,146.59839036444865,,60.3270337952403,3603.7113209631393,13.2519957991717,26.4209657148601,67.305,0.69,,
MMR,2003,Myanmar,224.29268891240932,,59.3330196287951,4061.965164082482,13.6557471046034,27.0112332666015,67.052,0.691,,
MMR,2004,Myanmar,224.5088114133274,,58.4040099563312,4570.30390377393,14.1882136787512,27.4077763649176,66.798,0.682,,
MMR,2005,Myanmar,252.6851930607284,,57.6176728375105,5145.168469237503,14.6011416803076,27.781180921007,66.54,0.676,,
MMR,2006,Myanmar,303.4950871192538,,56.7113322131779,5769.4891676324305,15.0322090301078,28.2564632799145,66.286,0.68,,
MMR,2007,Myanmar,419.3757807250424,10.9157104492188,56.1135069747665,6407.119360641632,15.3314970776444,28.5549959475891,66.051,0.687,,
MMR,2016,Myanmar,1229.1971351589325,,51.5412327167546,12060.704035146977,16.2186152840595,32.2401561957399,63.377,1.058,,
MMR,2017,Myanmar,1272.822418306033,,51.336771368082,12966.67173900298,15.7039115141064,32.9593171178117,62.023,1.3562363227073106,67717.623,918.411
MMR,2018,Myanmar,1298.2131032078464,20.3939208984375,48.9375252643338,13473.716511917224,17.0167708414517,34.0456997376146,62.361,0.7665891734066722,69180.20999999999,530.328
MMR,2019,Myanmar,1425.9895421190286,,49.7566077330323,14595.257112044294,16.6405618910889,33.6028303758788,60.502,0.406792505326828,67583.841,274.926
MMR,2020,Myanmar,1490.216835483673,,46.4675603768429,13360.499574493426,18.5773033592346,34.9551362639225,60.151,1.4762856637484572,67825.491,1001.298
MMR,2021,Myanmar,1242.7213441959868,,46.0781370347417,13066.78039937763,18.6744404914457,35.2474224738126,55.191,4.34,,
MMR,2022,Myanmar,1158.0500503433166,,45.4390162089951,13294.552282457393,18.7050802642904,35.8559035267145,55.153,3.057,,
MMR,2023,Myanmar,1233.1966620926912,,45.1986253107037,13270.15106884419,18.734659036044,36.0667156532523,55.225,3.032,,
MNA,2000,"Middle East, North Africa, Afghanistan & Pakistan (excluding high income)",1247.4723812327325,19.4417705535889,35.51980932454731,28078.383538702572,22.80851737218788,41.67167324279629,47.24658354812984,8.726887726660449,,
MNA,2001,"Middle East, North Africa, Afghanistan & Pakistan (excluding high income)",1226.5099141202134,19.9847393035889,34.743193007811456,28149.93790069781,22.94723351221874,42.30957186184204,46.934929905626504,8.727733592801162,,
MNA,2002,"Middle East, North Africa, Afghanistan & Pakistan (excluding high income)",1168.2820498142514,20.3580703735352,33.382111935807494,28433.05608470012,22.788891724981635,43.8289971306609,46.55621278696985,8.757691764339187,,
MNA,2003,"Middle East, North Africa, Afghanistan & Pakistan (excluding high income)",1263.8760621186154,20.516149520874,33.28350981920461,28098.121528549316,22.735299981798455,43.98118791013658,46.73160541365588,8.528991800871477,,
MNA,2004,"Middle East, North Africa, Afghanistan & Pakistan (excluding high income)",1463.0414880656845,21.8450508117676,33.60572376810999,28910.767443131692,22.80178554230979,43.592491418833546,46.94556923298968,7.701246408061256,,
MNA,2005,"Middle East, North Africa, Afghanistan & Pakistan (excluding high income)",1657.110244323772,22.9532203674316,33.08286115436275,29381.850935970095,23.15780546298421,43.75933267581131,47.0255329177249,7.849472232606701,,
MNA,2006,"Middle East, North Africa, Afghanistan & Pakistan (excluding high income)",1883.1206783766268,23.936559677124,32.79731997435922,30020.509955479152,23.542032926045092,43.660647099596645,46.881718638456256,7.391030174302454,,
MNA,2007,"Middle East, North Africa, Afghanistan & Pakistan (excluding high income)",2237.2618832055273,25.6582107543945,32.6082989479608,30765.918402771505,23.922376766142197,43.46932362365686,46.86011076602541,7.017194740580214,,
MNA,2016,"Middle East, North Africa, Afghanistan & Pakistan (excluding high income)",2832.8305259799968,37.6211204528809,29.269948745838217,34074.305684557614,25.294853505899116,45.43519828003022,46.27630905357298,8.755096979352823,,
MNA,2017,"Middle East, North Africa, Afghanistan & Pakistan (excluding high income)",2827.772470425225,37.9091300964355,28.236753883568177,35007.566053110226,25.660033768648734,46.10321234779089,45.95106020699053,9.256559340108186,,
MNA,2018,"Middle East, North Africa, Afghanistan & Pakistan (excluding high income)",2789.82637461637,38.3048400878906,26.662353245723395,35676.44976255883,25.974108594278288,47.36353704928348,45.52856450085711,9.28717424735234,,
MNA,2019,"Middle East, North Africa, Afghanistan & Pakistan (excluding high income)",2674.3704608300777,37.9903602600098,26.87762261838471,35595.2560833534,25.956980126674477,47.16539616729588,45.42854163744554,9.068633588618203,,
MNA,2020,"Middle East, North Africa, Afghanistan & Pakistan (excluding high income)",2381.425424699339,38.506031036377,26.817136934563862,35381.10979245299,26.26286414883882,46.919997815867674,44.34852228274458,9.849293763900151,,
MNA,2021,"Middle East, North Africa, Afghanistan & Pakistan (excluding high income)",2719.5312677359266,38.263599395752,26.16163446833964,35573.92979570072,26.537274180849597,47.30109291908509,44.89035198732545,9.717982295065267,,
MNA,2022,"Middle East, North Africa, Afghanistan & Pakistan (excluding high income)",2975.955662927411,39.158130645752,25.334219741537943,36293.02970353875,26.77996517653743,47.88581557487282,44.762389162178344,9.145784821775344,,
MNA,2023,"Middle East, North Africa, Afghanistan & Pakistan (excluding high income)",2797.4073071931625,39.8434906005859,25.23345493852146,36562.11871381296,26.73845262305047,48.02809396778484,44.69020986760173,8.91907614245528,,
MNE,2000,Montenegro,1627.065119119869,18.111270904541,10.2586663020409,54412.64114140565,24.5022561218484,65.2390775761107,48.964,30.609,,
MNE,2001,Montenegro,1909.5987018617889,18.9315395355225,9.91847987546197,54741.224506355866,24.5101068317667,65.5708191227674,48.856,30.741,,
MNE,2002,Montenegro,2106.6350684522995,17.7185001373291,9.62379702537183,55257.75655598813,24.0541722825187,66.3220306921094,48.677,30.423,,
MNE,2003,Montenegro,2789.159064835086,18.6800899505615,9.34956702910346,56457.58356791433,23.3780608349265,67.27237213597,48.456,30.458,,
MNE,2004,Montenegro,3380.1651213585906,22.1096992492676,8.99545349737793,58802.998477444984,21.2574124546976,69.7471340479245,48.272,30.37,,
MNE,2005,Montenegro,3674.617924279698,24.9292507171631,8.63010950627773,61074.39909555126,19.2338100632493,72.136080430473,48.163,30.30529799001438,,
MNE,2006,Montenegro,4425.678873078031,29.1942901611328,8.66613549295467,61236.15543706976,18.2960238373299,73.0378406697155,48.112,24.79,,
MNE,2007,Montenegro,5976.394144545959,36.3274917602539,8.65457313205632,60684.58687745425,17.5445896232399,73.8008372447038,48.165,19.37808115282518,,
MNE,2016,Montenegro,6999.135813410904,59.1839218139648,7.74331570192495,61505.662566534666,17.4646125396027,74.7920717584724,52.747,17.732229609733903,817.596,144.978
MNE,2017,Montenegro,7758.369219560338,60.9102210998535,7.93636575359644,63158.356750136976,17.0842365502786,74.979397696125,52.64,16.082362543049655,819.693,131.826
MNE,2018,Montenegro,8790.881521166786,58.1831512451172,8.01877489843411,64440.43472897554,18.8984867011136,73.0827384004523,53.566,15.190104017831626,839.856,127.575
MNE,2019,Montenegro,8842.485287068688,56.2633209228516,7.14950338649298,65743.57275080992,19.4127193646809,73.4377772488261,54.558,15.128095332588329,861.741,130.365
MNE,2020,Montenegro,7612.628458812907,58.0944709777832,7.50498495980343,62357.64010023547,18.4343569767499,74.0601705368156,50.373,17.87794833395732,801.3000000000001,143.256
MNE,2021,Montenegro,9377.488797149894,57.9613914489746,6.38420623794896,72861.00271148396,16.9273825007465,76.6884112613046,48.102,16.542729082104405,765.708,126.669
MNE,2022,Montenegro,9990.204446169962,57.4317893981934,6.1601543188934,75754.14051343132,16.3348293477313,77.504531663484,48.355,14.851642858353244,885.1949999999999,131.466
MNE,2023,Montenegro,12077.374709468748,55.1743011474609,6.01530554826124,80342.5749972267,16.1369433919796,77.8477510597591,48.275,13.145821239302633,961.218,126.36
MNG,2000,Mongolia,476.0275508271704,29.1881694793701,48.6403393709358,15946.998427723902,14.1409394100081,37.2188328542324,59.874,4.844293265269208,2388.336,115.71
MNG,2001,Mongolia,524.453483552485,33.1405296325684,48.3480222940019,15949.896031116516,13.6608966122734,37.9910810937247,59.931,6.111,,
MNG,2002,Mongolia,570.2492132483989,34.6594314575195,44.9471143584968,16241.600818673958,14.3201638653187,40.7326155907784,59.891,3.4243096373516693,,
MNG,2003,Mongolia,643.1680689216577,36.8122406005859,46.692161930091,17027.552765967197,11.9254947759432,41.3823432939658,59.738,6.76753494234014,2775.501,187.833
MNG,2004,Mongolia,794.1545520018152,39.715259552002,41.5475822291951,18412.511547448354,13.2592848994038,45.1930304625399,59.576,3.610067248341638,2954.571,106.662
MNG,2005,Mongolia,994.9001091324096,43.8617782592773,42.0307839087956,19348.81061772687,12.3360063443756,45.6332097468288,59.438,3.2899344670791737,3002.613,98.784
MNG,2006,Mongolia,1329.8917957905269,47.4592208862305,41.7373087115168,20604.590147558585,13.3937118835214,44.8689794049618,59.32,7.193132781368076,2905.98,209.031
MNG,2007,Mongolia,1627.6878774335903,47.763599395752,41.5781398293223,22258.98692174777,13.6867969102825,44.7350632603952,59.237,7.193236016765428,,
MNG,2016,Mongolia,3619.9002638379216,66.9766464233398,30.3601421258867,36759.38197435142,18.9906800558414,50.6490908379252,58.397,7.235115179962631,3712.104,268.57500000000005
MNG,2017,Mongolia,3645.9670866955144,65.412841796875,28.7824959590517,37637.758794942834,19.219760237069,51.9977438038793,59.139,6.359343996515511,3967.296,252.294
MNG,2018,Mongolia,4107.6428852846775,65.6492462158203,26.6635750862159,39389.02225163619,20.6113164907514,52.7251084230327,59.747,5.376599054537765,3972.66,213.594
MNG,2019,Mongolia,4347.54610314873,67.6281585693359,27.8325294871966,39979.87892523918,20.8426323330234,51.3248381797801,64.305,9.023640796922615,4255.821,384.03
MNG,2020,Mongolia,4001.251930777028,64.5476303100586,25.1567185157421,38034.24642835712,20.363490129935,54.4797913543228,61.967,6.4134272432533805,4159.305,266.754
MNG,2021,Mongolia,4517.61578018785,64.4591369628906,26.9170390340713,39709.55998690969,21.8140984368205,51.2687821475853,60.196,7.870614669372069,4076.289,320.829
MNG,2022,Mongolia,4993.514874634954,64.3169937133789,26.4839074205834,39449.67495180924,23.1657046757704,50.3503879036462,61.655,5.953607555308687,4245.174,252.741
MNG,2023,Mongolia,5838.6310808390235,65.3136138916016,26.1227991504659,41679.65589745053,23.3806037022259,50.4965971473082,61.145,5.178054797498616,4167.453,215.793
MNP,2002,Northern Mariana Islands,19227.889424660814,,,,,,,,,
MNP,2003,Northern Mariana Islands,18938.872838996653,,,,,,,4.570108589942366,117.537,5.372999999999999
MNP,2004,Northern Mariana Islands,18924.58318996528,,,,,,,,,
MNP,2005,Northern Mariana Islands,17015.748789171506,,,,,,,8.221524407650586,,
MNP,2006,Northern Mariana Islands,16314.557859002667,,,,,,,,,
MNP,2007,Northern Mariana Islands,15914.219304049811,,,,,,,,,
MNP,2016,Northern Mariana Islands,24225.474169341975,,,,,,,,,
MNP,2017,Northern Mariana Islands,31225.6049960968,,,,,,,,,
MNP,2018,Northern Mariana Islands,26509.362837989283,,,,,,,,,
MNP,2019,Northern Mariana Islands,24496.6652122421,,,,,,,,,
MNP,2020,Northern Mariana Islands,18220.83824272008,,,,,,,,,
MNP,2021,Northern Mariana Islands,19455.50139423998,,,,,,,,,
MNP,2022,Northern Mariana Islands,23785.754590042972,,,,,,,,,
MOZ,2000,Mozambique,327.1262397915697,0.646009981632233,83.0100102036798,1568.692392921709,2.88233295302467,14.1076568432955,85.015,2.833,,
MOZ,2001,Mozambique,304.7921386219133,0.642130017280579,81.9442413842292,1727.251719941063,3.08103709284648,14.9747096653935,85.36,2.839,,
MOZ,2002,Mozambique,313.88666172119804,0.727970004081726,81.0919504652919,1848.456680252723,3.24474901431022,15.6633005203979,85.698,2.903,,
MOZ,2003,Mozambique,339.4887378006477,0.984969973564148,80.4832423531741,1930.9656627447075,3.38415528132299,16.1326023655029,86.03,2.859,,
MOZ,2004,Mozambique,400.0569731615448,1.21905994415283,79.9131635480543,2057.824263164673,3.59692643728496,16.4899100146608,85.532,2.955,,
MOZ,2005,Mozambique,436.77385616738417,1.50230002403259,79.4629434429865,2153.7736028224285,3.79308750405678,16.7439690529568,85.02,3.037,,
MOZ,2006,Mozambique,457.4876478331826,2.22429990768433,78.6766286635147,2327.82586814083,4.07720533225097,17.2461660042343,84.493,3.039,,
MOZ,2007,Mozambique,507.8749239143042,3.16519999504089,78.0293736353964,2465.7291719492946,4.34154807534775,17.6290782892558,83.951,3.084,,
MOZ,2016,Mozambique,441.4897348190715,7.38789987564087,71.5456208531123,3704.4269125080136,8.0199492932261,20.4344298536616,79.033,3.457,,
MOZ,2017,Mozambique,470.9385630519602,7.24044990539551,71.2118049773938,3686.5807176056214,8.25221886685483,20.5359676123654,79.011,3.539,,
MOZ,2018,Mozambique,517.5072602581007,7.45408010482788,70.7414565016201,3699.4679282553943,8.47746577973685,20.781077718643,78.992,3.604,,
MOZ,2019,Mozambique,519.0925509136196,7.30147504806519,70.4097400154955,3672.143540133458,8.62091996000733,20.9693400244971,78.975,3.646,,
MOZ,2020,Mozambique,462.4338764799215,,70.4800507798331,3558.7501149822456,8.79261484600464,20.7273343741622,78.225,3.921,,
MOZ,2021,Mozambique,509.90782947555147,,70.3541244350283,3535.582249391755,8.90834167126031,20.7375338937114,78.217,4.053,,
MOZ,2022,Mozambique,578.251663751351,,69.9705066857736,3517.063722747918,8.93757989991032,21.0919134143161,79.118,6.789095272168358,39247.527,2664.5519999999997
MOZ,2023,Mozambique,622.9856193205957,,69.48458148753,3590.953391759444,9.06025254325524,21.4551589065297,78.977,3.519,,
MRT,2000,Mauritania,680.9110618797781,,45.604779899231,21694.463537632517,15.0464067886502,39.3488133121188,46.0,10.033,,
MRT,2001,Mauritania,651.8178401997768,3.3758499622345,45.0761345501007,21081.61211524904,15.0010796348399,39.9227858150594,45.795,10.125,,
MRT,2002,Mauritania,648.8796439348624,2.99132990837097,44.3431015400537,21024.313094482244,15.1103494866221,40.54670868023,45.59,10.185,,
MRT,2003,Mauritania,732.0178208126755,3.19520998001099,43.4860658070448,22011.42498530426,15.321670164158,41.1922640287972,45.385,9.921,,
MRT,2004,Mauritania,823.554457141893,3.24557995796204,42.5890678828448,22592.94698002162,15.5619000331016,41.8490320840536,45.181,9.791,,
MRT,2005,Mauritania,998.96583416747,2.99489998817444,41.6344227985027,24013.200009376586,15.9356973002168,42.4297298716497,44.977,9.626,,
MRT,2006,Mauritania,1300.6036798865928,3.39830994606018,40.5699053383538,27770.82900445707,16.5165218003308,42.9135728613154,44.772,9.37,,
MRT,2007,Mauritania,1405.1501620336849,3.85626006126404,39.9310534271222,26703.00645844437,16.4475112933451,43.6215790979993,44.568,9.524,,
MRT,2016,Mauritania,1565.7657572269577,5.5491099357605,32.8111950954999,28198.9189790316,17.5753212932184,49.613601236476,41.589,10.283,,
MRT,2017,Mauritania,1615.0040132732322,5.14321994781494,31.9833002263593,29422.6830556968,17.7679355106943,50.2487642629464,41.102,10.335842773048148,2558.34,264.426
MRT,2018,Mauritania,1722.9352885407272,5.11879014968872,33.1335700897701,29922.86583220811,15.718519913548,51.1480220972674,41.073,10.407,,
MRT,2019,Mauritania,1767.0727106209977,5.8698902130127,34.0102405774729,29929.149770278545,14.1590659549719,51.8305847565417,41.03,10.416107762936653,3175.8599999999997,330.801
MRT,2020,Mauritania,1795.7645956671436,5.95125007629395,34.1036830573368,29361.854061544196,14.4015901508267,51.4948338294527,40.64,11.054,,
MRT,2021,Mauritania,1947.789183833133,,33.9255805672241,28606.92342092295,14.5511874274097,51.5231284897696,40.722,11.144,,
MRT,2022,Mauritania,1960.352400774235,,33.2792623244497,29050.1571333442,14.5386378042971,52.1821983014879,41.114,10.531,,
MRT,2023,Mauritania,2120.8231842174737,,32.6911625859718,29948.358097901604,14.6762104653412,52.6325316758399,40.967,10.446,,
MUS,2000,Mauritius,3981.983432495823,10.5214796066284,11.4293859540395,33483.0769362975,39.2517167009594,49.3188973450011,58.842,3.519418897545546,1536.39,54.072
MUS,2001,Mauritius,3908.556949274354,16.4485702514648,11.7394645295737,34962.800877277215,36.5616634579646,51.6986632032173,57.566,9.139491613155943,1501.101,137.193
MUS,2002,Mauritius,4073.060530559032,15.1241102218628,10.7990850048296,34374.77546075933,36.6192060072828,52.5817089878876,58.257,8.204622460039252,1536.1950000000002,126.039
MUS,2003,Mauritius,4858.265755497474,15.7577295303345,12.7700485716543,34690.16041620106,34.0787666152242,53.1511848131215,60.519,5.9039187615437685,1617.756,95.511
MUS,2004,Mauritius,5460.6080018419825,17.2851009368896,10.0636685471888,36819.24171565508,33.5879029760341,56.3484284767771,58.85,8.337413838562659,1592.94,132.81
MUS,2005,Mauritius,5354.029742606423,21.0529594421387,10.0215630690525,37270.61039103774,32.4364318384758,57.5420050924716,59.266,9.52391490366174,1626.768,154.932
MUS,2006,Mauritius,5695.975255098691,23.6054592132568,9.72331011706925,38601.72177392482,32.1348634641181,58.1418264188127,59.024,9.04015928472144,1597.14,144.384
MUS,2007,Mauritius,6574.663576409905,24.5238494873047,9.35015601162229,40643.50256159717,31.9499919502603,58.6998520381174,58.208,8.475399079907007,1582.014,134.082
MUS,2016,Mauritius,9965.725310852278,38.4107704162598,7.20684747775696,51100.79280299861,26.2368905133902,66.5564326497459,59.658,6.8134712336635515,1734.006,118.146
MUS,2017,Mauritius,10841.68477548439,39.6618804931641,6.95414664487439,52514.43748593473,24.6878628641741,68.3579904909515,59.887,6.752216870107833,1753.8239999999998,118.422
MUS,2018,Mauritius,11643.4605962124,40.4078102111816,6.20332266422801,54618.46056292656,24.1048959338854,69.6917814018866,59.274,6.426454423949895,1744.041,112.08
MUS,2019,Mauritius,11403.252787067411,42.9878692626953,5.58429925533764,55327.79564181857,23.9383213679327,70.4773793767296,59.746,6.331457849173021,1765.944,111.81
MUS,2020,Mauritius,9011.042884450237,42.537841796875,5.31783306715367,51339.662970297126,23.4044681803134,71.2775168529924,56.053,8.626547966565736,1654.59,142.734
MUS,2021,Mauritius,9068.973002267072,43.9577217102051,5.33947244608357,55198.29323710466,22.1311599811805,72.5291778597338,53.066,7.718978206652305,1572.177,121.356
MUS,2022,Mauritius,10223.788231657354,44.2026786804199,5.46743034656829,55835.058553323266,22.7951390421054,71.7376071166965,56.07,6.321708528943022,1664.0280000000002,105.195
MUS,2023,Mauritius,11182.186568616036,,5.3230647361704,58426.97205544555,22.9832328477754,71.69352638296,55.653,5.570860116314662,1764.1799999999998,98.28
MWI,2000,Malawi,224.2241591842804,0.317640006542206,73.3300102152735,2999.1228461520077,7.1464573401669,19.5235324445596,80.85,5.048,,
MWI,2001,Malawi,215.4745248983569,0.35249999165535,73.8156290784087,2784.6985221042264,6.97394039207886,19.2104305295125,80.837,5.209,,
MWI,2002,Malawi,428.2104398383979,0.374810010194778,73.5974696730778,2763.082730598157,6.93652471461961,19.4660056123026,80.828,5.233,,
MWI,2003,Malawi,383.3485968526416,0.383639991283417,72.9751308149434,2844.7364051586305,6.96964227600628,20.055207053255,80.817,5.157,,
MWI,2004,Malawi,404.6742484454283,0.456959992647171,72.3611052932611,2915.5173916534836,6.99493882442282,20.643955882316,80.809,4.971,,
MWI,2005,Malawi,414.36112198447466,0.451790004968643,71.9696396070217,2930.5488070080796,6.98051548485635,21.049844908122,80.81,0.9414959194880208,16515.207000000002,155.49
MWI,2006,Malawi,440.82214902387295,0.48377001285553,71.4322720806279,3028.1478696653317,6.99527079448576,21.5724571248863,79.691,4.96,,
MWI,2007,Malawi,475.1802616593313,0.487129986286163,70.3578580454967,3273.180416057335,7.10694227783376,22.5351996766695,78.524,4.888,,
MWI,2016,Malawi,450.5061055107186,,64.4574673438348,4450.029412170307,7.5381423977548,28.0043902584104,68.625,5.007,,
MWI,2017,Malawi,495.76968336716527,,63.8664721753615,4537.772168185866,7.58149625442058,28.5520315702179,67.62,3.769734893274285,17156.034,646.7370000000001
MWI,2018,Malawi,533.2031736867051,,63.2143217986244,4579.204190392459,7.63768437212066,29.1479938292549,67.498,5.014,,
MWI,2019,Malawi,580.8898160667763,,62.4368485180608,4678.687093306101,7.732522211599,29.8306438448803,67.365,4.966,,
MWI,2020,Malawi,602.5074781761056,,62.5283135170178,4524.65341438347,7.90703293918848,29.5646535437938,68.27,0.9067883016453768,20661.162,187.353
MWI,2021,Malawi,617.4475208024538,,62.38692853907,4642.983500484886,7.99169385450357,29.6213776064264,67.05,5.662,,
MWI,2022,Malawi,604.2697511845147,,61.9059145309355,4472.057036683723,7.99914705663154,30.094938412433,67.314,5.037,,
MWI,2023,Malawi,602.343619809252,,61.7019421854608,4395.188584075379,8.0030346253021,30.2950231892371,67.298,5.033,,
MYS,2000,Malaysia,4083.528744836047,27.0150604248047,15.2142584073579,46216.54776240227,32.0263358217925,52.7594057708496,62.797,3.0022708008497188,,
MYS,2001,Malaysia,3943.7994391023894,26.4246406555176,15.1318265783542,45339.65249680282,33.1074797452355,51.7606936764104,62.688,3.5290842732540155,,
MYS,2002,Malaysia,4184.031637735386,28.7301807403564,14.9274840745092,46406.60905015269,31.9832758548473,53.0892400706434,62.486,3.4755517792478403,,
MYS,2003,Malaysia,4465.3219456720835,31.4712009429932,14.2677696980403,47768.95783388149,32.0229378294139,53.7092924725459,62.284,3.61244579866401,,
MYS,2004,Malaysia,4939.248518544275,30.2977600097656,14.5558374721537,49522.67873091285,30.1257580491899,55.3184044786564,62.086,3.544296456670081,,
MYS,2005,Malaysia,5555.581799512061,27.6870899200439,14.6375493891348,50637.09819878931,29.7290267587043,55.6334238521609,61.932,3.533908233622064,,
MYS,2006,Malaysia,6158.4078553323625,28.2458801269531,14.6324644939589,51775.619519946864,30.258586338628,55.108949167413,61.818,3.32,,
MYS,2007,Malaysia,7168.930319425083,29.8576602935791,14.7300445773235,53356.06904921356,28.4616446473543,56.8083107753222,61.749,3.270410148617488,10889.506,351.4
MYS,2016,Malaysia,9476.534098099228,46.401668548584,11.3671045609663,60720.02038564177,27.4867964460101,61.1460989930236,65.078,3.436427289454814,44003.399999999994,1512.3000000000002
MYS,2017,Malaysia,9862.548066122346,43.6680450439453,11.277830113304,62747.46052941246,27.3737114222368,61.3484519020108,65.189,3.41,,
MYS,2018,Malaysia,10901.80199544212,45.2784156799316,10.6177701874921,63955.94585060416,27.4458239956678,61.9364058168401,65.561,3.2996734357309743,45840.899999999994,1512.9
MYS,2019,Malaysia,10920.191763972032,43.1977157592773,10.2160102552062,65049.07540147323,27.4709341257623,62.3130556190315,65.858,3.2959698285143837,15581.6,508.2
MYS,2020,Malaysia,9957.526266976134,42.4097671508789,10.4650174613017,61430.35490294964,27.6585752941002,61.8764010369078,65.486,4.53767942965464,47003.100000000006,2133.0
MYS,2021,Malaysia,10903.111642593807,40.9142608642578,10.2864266829244,62176.27145507896,27.9037672997952,61.8098060172804,65.658,4.640077482377158,47391.600000000006,2199.0
MYS,2022,Malaysia,11748.091930794437,40.2706604003906,10.0085891504863,65888.09786967564,27.7719279520106,62.2194828975031,65.675,3.9345653815667103,48066.3,1891.2
MYS,2023,Malaysia,11379.085192355718,41.2618560791016,9.83787449991082,66895.25190382716,27.7511354391612,62.410990060928,65.659,3.869,,
NAC,2000,North America,35151.374186527144,66.9041595458984,2.288749800988118,108827.22377263635,22.748321290700304,74.9629289083116,66.0602646493712,4.273168171661469,,
NAC,2001,North America,35831.45447241329,71.4757766723633,2.112877920721514,109870.3794690581,22.4879533504039,75.39916808821478,65.81675437307538,4.979619642011395,,
NAC,2002,North America,36652.00312785095,76.0470733642578,1.9715699507499755,112017.5038334607,22.37528126916328,75.65314942127652,65.66667382650857,5.974864123660266,,
NAC,2003,North America,38395.54529697293,77.6197967529297,1.8406192930777512,114476.6019018068,22.26790499966032,75.8914763401728,65.41100961142497,6.1532615153250365,,
NAC,2004,North America,40788.4830356565,79.1841506958008,1.7803745735402146,117227.6912484774,22.230043005460427,75.98958242099933,65.20896038598417,5.701248195128768,,
NAC,2005,North America,43368.57170445749,78.817008972168,1.7365713305054022,119263.8057564063,22.07963762068545,76.18379166626387,65.21938863659871,5.257508596403536,,
NAC,2006,North America,45741.25142684995,81.1327362060547,1.709753045401019,120296.28718983014,22.11247090816636,76.17777665213625,65.34274380707508,4.81614395081572,,
NAC,2007,North America,47727.77338111933,82.1136474609375,1.6145621172286406,121524.27747015851,21.87242764047114,76.51301023983552,65.20893216459467,4.782431657594546,,
NAC,2016,North America,56416.785023509176,86.9818725585938,1.798921256563007,132460.89747648398,19.47834320500679,78.72273553843016,62.762401322058565,5.103407019104136,,
NAC,2017,North America,58555.88978104266,86.4678726196289,1.7415069156873084,133576.64186879067,19.461708452478025,78.79678463183474,62.884439931808345,4.579717386026293,,
NAC,2018,North America,61228.19582732204,86.455078125,1.6884326307514623,135638.25821742148,19.58382639619639,78.72774097305218,62.89967238286192,4.107214299191477,,
NAC,2019,North America,63306.79998079774,86.3819427490234,1.664462968840421,137047.2567159163,19.58410534744629,78.75143168371326,63.15955211295474,3.890566885066999,,
NAC,2020,North America,62262.642409837994,86.2107009887695,1.7252706767714916,142049.3221451795,19.42632736400904,78.84840080988911,61.824652204936875,8.230599907151527,,
NAC,2021,North America,69412.91375123026,84.1577987670898,1.629872505814573,145559.83937286196,19.200337609968088,79.16978988421742,61.89243963646756,5.592109799820869,,
NAC,2022,North America,75613.45071465858,79.1600570678711,1.585796066148681,144566.8333286641,19.2871554785344,79.12704898790676,62.16363848541447,3.8330314863323856,,
NAC,2023,North America,79326.90765995708,79.1688003540039,1.5361599730599165,145881.59557184522,19.321994113547,79.14184591339308,62.43758585588221,3.840737513217637,,
NAM,2000,Namibia,2156.675905127136,,31.2894493653229,31148.67174592342,12.2983941274934,56.4119385548891,54.13,20.29284441992142,,
NAM,2001,Namibia,1915.589265948749,7.41925001144409,31.2346953576274,30843.88130328619,12.6903748197572,56.0749298226155,54.416,20.98,,
NAM,2002,Namibia,1772.0756553749345,6.06858015060425,30.8524248704447,31624.27023596393,13.3339177149011,55.8136574146542,54.701,21.5,,
NAM,2003,Namibia,2569.2473931788263,6.41174983978271,30.4575206192211,32317.29703956745,14.0290500324301,55.5134293483487,54.986,22.052,,
NAM,2004,Namibia,3403.1549619295456,,29.9685831728603,35349.602121438904,14.8271077780569,55.204109703733,55.27,22.002587688752865,1480.344,324.35699999999997
NAM,2005,Namibia,3685.772999915872,7.14677000045776,30.343795552523,35242.832428909234,14.3779269919052,55.2782774555717,55.554,22.107,,
NAM,2006,Namibia,4017.1834716928024,6.79779005050659,30.3922102248307,36537.82320899023,14.1321056079099,55.475496479924,55.838,21.876,,
NAM,2007,Namibia,4379.043136827322,,30.5574514414324,37536.06636962672,13.8317124271507,55.6108361314169,56.122,22.119,,
NAM,2016,Namibia,4395.687761623764,22.0023994445801,20.0713327625969,40291.01872269233,19.3334653277598,60.5952019096433,60.453,23.35188762722779,2590.236,604.8689999999999
NAM,2017,Namibia,5143.960723230756,23.3570709228516,21.3833229259529,38572.5423752341,17.6177843473898,60.9988927266572,59.668,21.733,,
NAM,2018,Namibia,5308.608134087051,24.9616394042969,22.5905567374317,37629.93603241502,16.2205337450949,61.1889095174734,58.879,19.877073715859353,2706.012,537.876
NAM,2019,Namibia,4731.921031883102,27.7483100891113,22.186452351869,36354.15592274011,15.9886246738536,61.8249229742774,58.936,19.921,,
NAM,2020,Namibia,3878.589829939662,28.3682403564453,22.2515455295343,33579.76074788217,15.9952266755402,61.753100302285,57.885,21.004,,
NAM,2021,Namibia,4412.835569305204,,22.1948491552398,33612.853984760586,16.1918534467892,61.613297397971,58.308,20.922,,
NAM,2022,Namibia,4349.799084933142,28.8917407989502,21.6741453863099,33521.58912961616,16.2540355948205,62.0717024673947,59.132,19.695,,
NAM,2023,Namibia,4187.605003507864,,21.4918187422309,33853.11781773123,16.2805846283188,62.2277093267128,59.224,19.365,,
NCL,2000,New Caledonia,15329.729720005778,,5.3901831363427,,24.0556847835071,70.5529513171411,65.892,17.984,,
NCL,2001,New Caledonia,14482.360626360243,,4.99678589466918,,23.9634510308095,71.0397630745213,65.829,17.441,,
NCL,2002,New Caledonia,16104.552040681863,,4.62818978151185,,23.9889469385929,71.3828632798953,65.701,17.074,,
NCL,2003,New Caledonia,20768.10614888481,,4.27865795815115,,24.0712673506995,71.6500746911494,65.517,16.716,,
NCL,2004,New Caledonia,24475.648854703708,,3.95432168337781,,24.068304819828,71.9773734967942,65.316,16.30707632305043,,
NCL,2005,New Caledonia,25528.291835344433,,3.64259384247962,,24.0600176522507,72.2973885052697,65.099,15.769,,
NCL,2006,New Caledonia,28193.253757338694,,3.33654577732691,,24.5914278468171,72.0720263758559,64.916,15.236,,
NCL,2007,New Caledonia,35177.65352614477,,3.08260916954846,,24.5013426343377,72.4160481961138,64.806,14.757,,
NCL,2016,New Caledonia,30782.854443351425,,1.44205875245953,,24.8938520487418,73.6640891987987,61.452,12.714,,
NCL,2017,New Caledonia,32354.71028329008,,1.32492168163802,,25.0895685134223,73.5855098049397,60.205,11.675973197192087,376.08,43.911
NCL,2018,New Caledonia,34902.896878003085,,1.05911330049261,,22.1384588318086,76.8024278676988,58.938,11.70231206715808,363.441,42.531
NCL,2019,New Caledonia,33411.33588356718,,1.90283652098352,,22.209808563651,75.8873549153654,57.647,10.880931241984808,364.932,39.708
NCL,2020,New Caledonia,33270.33059763696,,1.90580006358723,,22.0129899623019,76.0812099741109,57.678,13.558130217574384,366.909,49.746
NCL,2021,New Caledonia,35311.5543551452,,1.83943098387964,,22.6531169849902,75.5074520311302,57.676,11.54,,
NCL,2022,New Caledonia,33516.36308590602,,1.81182316328916,,22.6040737887274,75.5841030479834,57.592,10.710027277330417,367.338,39.342
NCL,2023,New Caledonia,,,1.8203925356145,,22.2793280673312,75.9011417336415,57.241,10.939,,
NER,2000,Niger,194.77195989893465,,79.6684308947504,2906.608662444838,8.17464330803796,12.1569045857486,78.883,1.431,,
NER,2001,Niger,205.4179361209311,,79.2907862352815,3021.264254552396,8.13173902301561,12.5774952961213,78.946,1.4399605963691404,12219.894,172.71
NER,2002,Niger,225.2943911474382,,79.0600227971345,3081.2851223759585,8.04910674593383,12.8908704569317,79.014,1.813,,
NER,2003,Niger,265.2253634524692,0.809819996356964,79.0347882183559,3059.8483104109514,7.93981631621854,13.0254148847791,79.085,2.156,,
NER,2004,Niger,283.4682817982956,0.778509974479675,79.1391428205494,2991.7500568251253,7.81014141283433,13.0507346849743,79.157,2.747,,
NER,2005,Niger,318.64312191827327,0.930280029773712,78.7089730818572,3119.5908090531307,7.75696846500789,13.5340400739578,79.228,3.1,,
NER,2006,Niger,333.3450784194467,0.939580023288727,78.3693121708089,3178.7829538301917,7.69043231179176,13.9402378379602,79.296,2.536,,
NER,2007,Niger,387.1680658833007,0.888300001621246,78.2447521723815,3154.387086676555,7.59586382174149,14.1593669966068,79.358,2.032,,
NER,2016,Niger,502.7064754064456,3.65476989746094,72.7077726859624,4035.469685953511,7.02351454566169,20.2687127683759,73.305,0.548,,
NER,2017,Niger,521.8041300234345,3.89881992340088,72.2852779101267,4080.911904932768,6.99506058907197,20.7196615008014,73.174,7.768949108771102,6914.217000000001,537.162
NER,2018,Niger,578.5680356808915,4.61981010437012,71.6027626515953,4214.856406508755,6.99824679735849,21.3989905510462,73.043,0.535,,
NER,2019,Niger,561.6913043496979,4.43339014053345,71.039327296098,4302.803752247682,6.98909309500652,21.9715796088955,72.911,0.5315294863464947,22610.787,120.183
NER,2020,Niger,579.5124957582361,4.59342241287231,71.1371527973935,4329.705030019086,7.11784833473362,21.745010166547,72.218,0.594,,
NER,2021,Niger,608.722439593808,,71.0964149578854,4225.124128454314,7.14142781792575,21.7621572241888,72.293,0.78,,
NER,2022,Niger,609.7451476616831,,70.7051483812483,4507.026687912394,7.15475125619076,22.1401003625609,72.651,0.4025641975448744,28021.866,112.80599999999998
NER,2023,Niger,638.3360807232988,,70.6462661745118,4397.052516783276,7.13014093228022,22.2236028416264,72.762,0.425,,
NGA,2000,Nigeria,547.3182989033786,,49.0450347415027,7284.450308089248,11.3665476814237,39.5884175770736,83.605,3.963,,
NGA,2001,Nigeria,566.4282318129331,,48.3137773917303,7516.4799504058,11.4552725450456,40.230951769587,83.479,3.91,,
NGA,2002,Nigeria,712.1648520776855,,47.8738860757263,8468.99551929808,11.5417994070362,40.5843145172375,83.0,3.681,,
NGA,2003,Nigeria,763.3887453672226,9.57164001464844,46.8495397575785,8870.857687967131,11.6757670202769,41.4746932221446,82.815,3.648,,
NGA,2004,Nigeria,962.48104194733,9.82485008239746,45.5551591224735,9463.29469369446,11.7909609328778,42.6538799446488,82.553,3.601,,
NGA,2005,Nigeria,1211.3770350438622,10.43577003479,44.9184977056143,9843.027968168171,11.4574208379415,43.6240814564442,82.4,3.734,,
NGA,2006,Nigeria,1599.5389155636483,,44.2181285562162,10191.98200946785,11.127915466916,44.6539544615209,82.263,3.756,,
NGA,2007,Nigeria,1815.5269754582685,,43.5675646908367,10610.049592828433,10.8559165670638,45.5765187420995,82.103,3.799,,
NGA,2016,Nigeria,2070.412733959496,,38.4249367807804,13266.04071247969,12.6806845559005,48.8943786633192,81.175,7.059893145769691,,
NGA,2017,Nigeria,1876.3402711177296,11.5785512924194,38.5697461046703,13023.284544572,13.0173807610658,48.412873134264,81.253,8.388459077707722,,
NGA,2018,Nigeria,2057.8794455401057,11.8107748031616,38.6054063254807,12928.007351932782,13.3786619279322,48.0159317465871,81.28,5.067,,
NGA,2019,Nigeria,2265.155208630558,,38.5943144069797,12864.57449362151,13.7700716150632,47.6356139779571,81.292,10.695223140534171,220074.09,23537.415
NGA,2020,Nigeria,2019.6570632622404,,38.0045358206282,12321.479440330304,14.9443679854748,47.0510972580441,81.484,5.742,,
NGA,2021,Nigeria,2017.2748648152665,,37.0886767699141,12382.066815057193,15.9181243483658,46.9931988817201,81.431,5.45,,
NGA,2022,Nigeria,2139.3747847697355,,34.8626226946815,12219.627031465812,17.5451731715368,47.5922041337817,81.394,3.8273078822011497,227660.049,8713.251
NGA,2023,Nigeria,1596.6369612900096,,34.3102519065207,11934.470202196371,17.8788433596864,47.8109047337929,82.64,3.073839651549658,220115.841,6766.008
NIC,2000,Nicaragua,1017.312443488204,,33.241102236231,14626.531119199168,18.3814487147343,48.3774490490347,60.183,7.162,,
NIC,2001,Nicaragua,1051.8742358909956,,32.4669417704679,14616.90882508625,18.3683934239299,49.1647227465881,60.533,4.119717041558934,5746.851,236.754
NIC,2002,Nicaragua,1014.3339042590968,17.7272491455078,31.4833774892,14345.848789077025,18.1307901661292,50.3858323446709,60.881,7.513,,
NIC,2003,Nicaragua,1021.3521666879384,,30.5346950377026,14298.438238312518,17.9549522558441,51.5103527064533,61.229,7.595299761440286,,
NIC,2004,Nicaragua,1098.6211866233516,,30.3050703998492,14444.984041873422,18.3749159775996,51.3200136225511,61.575,6.409105246805977,,
NIC,2005,Nicaragua,1183.3021401017506,,28.8929258680221,14465.004561529884,19.6806270998905,51.4264470320874,61.921,5.37170126383341,,
NIC,2006,Nicaragua,1248.1737157778794,,29.152981887771,14621.695054798003,19.2960656025612,51.5509525096678,62.265,5.2532216195298975,6612.75,343.428
NIC,2007,Nicaragua,1350.3814575337665,,29.6059245470281,14872.654018902598,20.3165045362484,50.0775709167234,62.608,4.8908816397492805,,
NIC,2016,Nicaragua,2131.6870482832232,17.7747993469238,30.8778683835552,16748.23326351228,17.6513976495884,51.4707339668564,65.236,3.9,,
NIC,2017,Nicaragua,2182.61380995674,,30.5262295974859,17065.333522144356,17.6654673090048,51.8083030935093,65.367,3.3,,
NIC,2018,Nicaragua,2035.165493905072,19.3088111877441,29.5291220553599,16571.532523697206,17.7988645329642,52.6720501439169,65.164,5.2,,
NIC,2019,Nicaragua,1958.6205152809537,17.767614364624,28.5534035387109,15892.51100663365,17.8865903085235,53.5600424308648,64.981,5.472,,
NIC,2020,Nicaragua,1938.4470475438152,18.6855163574219,28.6915155508287,15529.845656354151,18.0581144935225,53.2503699556488,64.363,6.201,,
NIC,2021,Nicaragua,2138.385884694495,19.8995819091797,28.5138776165868,16591.66804358524,18.1694467261844,53.3166756572288,65.343,6.118,,
NIC,2022,Nicaragua,2322.8905396458313,19.3310508728027,27.8867576826183,16667.27553812648,18.144813900915,53.9684284164667,65.306,4.961,,
NIC,2023,Nicaragua,2609.444920729308,29.5410194396973,27.6724392343389,16981.08555281586,18.1410466442988,54.1865141213624,65.443,4.716,,
NLD,2000,Netherlands,26225.16977341492,51.4455718994141,3.28290577415384,104325.98388141178,21.5745802980192,75.142513927827,67.952,2.725433896952885,24239.223,660.624
NLD,2001,Netherlands,26955.71280322782,52.9789810180664,3.12208482816154,105088.09615774293,21.5711643244838,75.3067394320954,68.099,2.119344760536096,24716.46,523.827
NLD,2002,Netherlands,29446.53308728684,54.2512283325195,2.93637656998956,105197.72788170168,20.9790862584981,76.0845371715124,68.043,2.5540481095839347,25172.157,642.909
NLD,2003,Netherlands,35896.75046307055,54.9959297180176,3.04063729860827,106147.5739293095,19.9130311008421,77.0463316005496,67.871,3.593420984094933,25284.207,908.568
NLD,2004,Netherlands,40611.34143530906,56.7709884643555,3.31299731023222,109400.94519156538,20.0799166365798,76.607074447856,67.62,4.6462309120997345,25488.659999999996,1184.2620000000002
NLD,2005,Netherlands,42165.39616838797,58.7895011901855,3.70134616087269,113017.07987032192,21.0393662266951,75.2592876124322,67.377,5.872545959418524,24960.009,1465.788
NLD,2006,Netherlands,45123.54324064257,59.8265113830566,3.6476249553563,115578.85500945715,20.6260722899507,75.726302754693,67.323,5.00659619571582,25105.379999999997,1256.9250000000002
NLD,2007,Netherlands,52100.79962859473,60.3940391540527,3.33523916028951,118504.98806537015,19.7795523509061,76.8852084888044,67.29,4.153277081855035,25620.659999999996,1064.097
NLD,2016,Netherlands,46808.52914925029,79.8454895019531,2.26232270685754,123491.09586046348,16.483412284164,81.2542650089784,66.243,6.007248425227858,26892.462,1615.497
NLD,2017,Netherlands,49513.6817346384,83.2009887695312,2.26829901964546,124644.95141373372,16.5247675727702,81.2069334075844,66.073,4.836941014335465,27136.407,1312.572
NLD,2018,Netherlands,53955.07700242659,83.652473449707,2.09849117166704,124626.51202903665,16.1724412590175,81.7290675693154,66.311,3.8315949545795385,27437.634,1051.299
NLD,2019,Netherlands,53554.900749147506,,2.07894070746727,125178.3287080055,16.1118904248629,81.8091688676699,66.618,3.379110083797027,27896.693999999996,942.66
NLD,2020,Netherlands,53467.92774137373,85.3370819091797,2.06878574595107,120287.86798120686,15.9601912395238,81.9710230145251,66.442,3.820285095518912,28004.088,1069.836
NLD,2021,Netherlands,60141.98809114923,89.3898620605469,2.25617350146645,127515.88962096194,13.9489905772527,83.7948359212808,66.427,4.208871850622408,29077.293,1223.826
NLD,2022,Netherlands,59123.31855648699,,1.91412064130364,130151.16520833802,14.0270291865968,84.0588603639468,67.105,3.525716045456518,29799.818999999996,1050.657
NLD,2023,Netherlands,64572.00595588537,,1.90740610981294,127813.13920227814,14.0812015512981,84.011392338889,67.574,3.5348542663713496,30432.372,1075.74
NOR,2000,Norway,38178.23687770755,69.8772201538086,4.29043898147081,152067.12311403855,21.7865023584823,73.9230586600468,66.068,3.4578598698175456,7058.093999999999,244.05899999999997
NOR,2001,Norway,38601.897639231,69.9630813598633,4.08664466106719,154339.42186232685,21.750521425081,74.1628339138518,66.321,3.7382734847523578,7092.900000000001,265.152
NOR,2002,Norway,43170.55717449903,72.3173294067383,3.94848418547868,155583.94034016778,21.6766374555565,74.3748783589648,66.517,4.021884206398267,7167.909,288.28499999999997
NOR,2003,Norway,50250.3298214345,77.970588684082,3.82952929962482,156120.6543373108,21.6688358653043,74.5015919372731,66.603,4.220579995136752,7094.025000000001,299.409
NOR,2004,Norway,57768.69809584616,78.612548828125,3.58449385585733,160802.04031055956,20.7895801049398,75.6259685180654,66.781,4.256266381716582,7122.651,303.159
NOR,2005,Norway,67047.17045582643,78.4450302124023,3.29982171989841,163442.99849693044,20.8533057503742,75.8468725297274,66.95,4.380691545712702,7161.609,313.72799999999995
NOR,2006,Norway,74434.49968356708,77.9310684204102,3.25158468473978,163478.53264970763,20.8230632736921,75.9253520415681,67.178,3.397129324109005,7307.199,248.235
NOR,2007,Norway,85502.26770877308,77.0373611450195,2.86405668307914,164079.38451176396,21.1802569953164,75.9557263520275,67.378,2.4933755004676703,7489.245,186.735
NOR,2016,Norway,70867.36099707492,82.0374526977539,2.08969254713168,167166.14598339045,19.4672886135928,78.4429816236864,65.555,4.680365214312297,8303.07,388.614
NOR,2017,Norway,76131.83840327642,83.7353363037109,2.06319864117054,170858.73995587413,19.4047248585729,78.5320765002566,64.767,4.164272771067218,8276.259,344.646
NOR,2018,Norway,82792.84271133045,85.3883514404297,2.10485693364421,170022.68893697232,19.4666190719469,78.4285606433203,64.835,3.8012159851001535,8375.925,318.387
NOR,2019,Norway,76430.58894733385,85.7633819580078,2.03983341667314,169374.75011889366,19.4217962766063,78.5383703067206,65.132,3.6843299992906298,8458.2,311.62800000000004
NOR,2020,Norway,68340.01810337017,87.1685333251953,2.11655299785674,167390.3006788251,19.4612206837477,78.4222624611014,65.003,4.424054416378679,8481.27,375.216
NOR,2021,Norway,93072.89251195708,93.9243011474609,2.3477398541534,171112.17271102426,19.1431752232163,78.5090849226303,65.502,4.358607437087311,8805.06,383.778
NOR,2022,Norway,109269.5205802976,97.6419830322266,2.19418051023332,171968.13148832964,19.3299293780813,78.4758901116854,65.752,3.230775263025891,8875.362000000001,286.743
NOR,2023,Norway,87497.32892973417,,2.50261328761417,171584.29571361883,18.9488458224152,78.5485754002066,65.211,3.5744892562578743,8996.586,321.582
NPL,2000,Nepal,223.8302891830779,4.0991997718811,73.4203452178834,10696.659854465795,11.6685282816549,14.9111451166116,41.431,10.551,,
NPL,2001,Nepal,240.7951145446641,4.38430976867676,73.3115241847294,10986.104248434178,11.5152268140508,15.1732490012198,41.411,10.504,,
NPL,2002,Nepal,238.89140296106,4.95790004730225,73.5100678113033,10798.533227336782,11.0323402243182,15.4575919643785,41.392,10.632,,
NPL,2003,Nepal,246.42970658763295,4.88003015518188,73.3688769508012,11013.557100397522,10.8402175147071,15.7909055344917,41.373,10.702,,
NPL,2004,Nepal,279.58775004442833,5.66092014312744,73.1393599201547,11312.300382524514,10.7216426226037,16.1389974572416,41.357,10.71,,
NPL,2005,Nepal,309.0241683393721,7.11486005783081,72.7727966053798,11487.29513961006,10.7345252273171,16.4926781673031,41.316,10.617,,
NPL,2006,Nepal,340.4317964379677,7.59656000137329,70.6514943103664,11683.455494407292,12.8565855338229,16.4919201558108,41.243,10.639,,
NPL,2007,Nepal,385.44976766064207,9.49139022827148,69.5582558548629,11901.62874879402,13.6876963614847,16.7540313817534,41.159,10.683,,
NPL,2016,Nepal,877.2564546967368,11.9705371856689,64.2421575639742,15495.020405943618,16.1765330761519,19.5813241653733,40.103,10.742,,
NPL,2017,Nepal,1034.2837490684635,12.1109495162964,63.485478706976,16806.10561107929,16.4970688643013,20.0174376934738,39.915,10.659767712838113,24840.288,2647.917
NPL,2018,Nepal,1179.1984319038922,13.006326675415,62.8136737719508,17985.850331773796,16.7587197418313,20.4276211389066,39.742,10.559,,
NPL,2019,Nepal,1203.142947064013,13.9224119186401,62.1508621964587,18707.268520957303,17.0296071343704,20.8195306691709,39.799,10.389,,
NPL,2020,Nepal,1154.215175783182,13.9312324523926,62.0703485969872,18394.688041500052,17.359920708192,20.5697306948208,39.421,12.975,,
NPL,2021,Nepal,1252.750767319858,14.3841028213501,61.9831040995003,18524.713786151075,17.3538612713551,20.6630346291447,39.563,12.186,,
NPL,2022,Nepal,1385.9106627485075,13.9988746643066,61.542671679592,18890.93841727353,17.416241007984,21.0410739664512,39.799,10.844,,
NPL,2023,Nepal,1382.3305576930356,17.8263874053955,61.2052992569294,19171.48878140411,17.5572051706948,21.2375088535883,39.799,10.628,,
NRU,2000,Nauru,2648.601528609383,,,,,,,,,
NRU,2001,Nauru,2232.308740267263,,,,,,,,,
NRU,2002,Nauru,2084.648245209707,,,,,,,22.75369141559063,9.84,2.238
NRU,2003,Nauru,2463.2825907807883,,,,,,,,,
NRU,2004,Nauru,3040.513498890001,,,,,,,,,
NRU,2005,Nauru,3013.5177815185516,,,,,,,,,
NRU,2006,Nauru,2908.4738603332225,,,,,,,8.24027724297266,7.791,0.642
NRU,2007,Nauru,2302.257829911749,,,,,,,,,
NRU,2016,Nauru,8724.307002550191,,,,,,,,,
NRU,2017,Nauru,9613.412090825752,,,,,,,,,
NRU,2018,Nauru,11408.6947593898,,,,,,,,,
NRU,2019,Nauru,10776.828461031571,,,,,,,,,
NRU,2020,Nauru,10695.69933016012,,,,,,,,,
NRU,2021,Nauru,14989.664745075066,,,,,,,5.055460750853243,14.064,0.711
NRU,2022,Nauru,12896.43410464811,,,,,,,,,
NRU,2023,Nauru,12754.186756658484,,,,,,,,,
NZL,2000,New Zealand,13641.102718382228,,8.70533964449479,76409.60075251402,23.3259025921473,67.9687577633579,64.765,6.130008347245409,5750.4,352.5
NZL,2001,New Zealand,13882.856826858602,,9.13044832984321,77117.76930899751,22.8804335563504,67.9891181138064,65.34,5.433111225012814,5853.0,318.0
NZL,2002,New Zealand,16874.187491819564,,8.82355240303363,78160.13942522628,22.7415684196099,68.4348791773565,66.044,5.282005371530887,6031.799999999999,318.6
NZL,2003,New Zealand,21913.70817199608,,8.1841653506158,79796.36192600388,22.4040801224322,69.411754526952,65.83,4.744952696771676,6151.799999999999,291.9
NZL,2004,New Zealand,25420.234882944005,,7.56674203754855,80189.31758149521,22.8486754750552,69.5845824873963,66.43,4.004934990984151,6322.200000000001,253.2
NZL,2005,New Zealand,27751.06547088586,,7.15660025129282,80541.82381145962,22.1902053019448,70.65324213041,67.194,3.806707936801257,6493.799999999999,247.2
NZL,2006,New Zealand,26654.59320189852,,7.19661092355971,80887.1061775632,22.5305589094068,70.2727835317896,67.742,3.85708485586683,6650.099999999999,256.5
NZL,2007,New Zealand,32479.981738146667,,7.16596873773127,81927.68688809259,22.0989451125963,70.7350861496724,68.01,3.6609205615781057,6752.400000000001,247.2
NZL,2016,New Zealand,40113.71953824275,81.8633575439453,6.5955718001209,86062.89877835184,20.2811602470984,73.1232679527807,69.546,5.1471150171952615,7851.0,404.1
NZL,2017,New Zealand,42950.38417111379,81.2698593139648,6.31185722277206,85415.59543016972,20.6474030724214,73.0407012841713,70.48,4.736299351797289,8145.599999999999,385.7999999999999
NZL,2018,New Zealand,43257.07692388786,81.2513122558594,5.88916554158045,86264.12408682889,20.0069885944189,74.1038458640006,70.506,4.335437330928764,8317.5,360.6
NZL,2019,New Zealand,42779.229816410145,77.5843734741211,5.82544591386411,86917.1526937509,19.5130587810036,74.661458458076,70.174,4.1092966165012275,8432.099999999999,346.5
NZL,2020,New Zealand,41850.92032801996,75.7348327636719,6.01271315733217,85416.46944974796,20.3878992960075,73.5993875466603,69.863,4.595331283198211,8584.8,394.5
NZL,2021,New Zealand,49689.49813451896,79.4128875732422,6.07104207824332,87326.79899478909,20.0170341973445,73.9118881029205,70.396,3.775987883794576,8715.599999999999,329.1
NZL,2022,New Zealand,48760.03819359356,77.0104675292969,6.01923787349848,88909.47131727822,20.7716029768842,73.209194066623,70.933,3.2973495852657635,8799.075,290.025
NZL,2023,New Zealand,48654.90422747797,,5.62063145756489,87345.08593255989,20.5229212807488,73.8564816630442,71.511,3.733681569424764,9131.775,340.95000000000005
OED,2000,OECD members,23025.78752420601,49.9053001403809,7.331190108100768,90067.04363910785,26.694756226195004,65.97405385699282,60.28102289828266,6.715397112228017,,
OED,2001,OECD members,22648.44598555095,52.3726005554199,7.28548683975916,90643.3833393426,26.279618717282563,66.43489518374186,60.0690391429453,6.6193505452795405,,
OED,2002,OECD members,23456.164155398485,54.9269104003906,6.996403576495364,91820.2087832408,25.933120690520525,67.07047666041473,59.96247234232498,7.139945697138703,,
OED,2003,OECD members,26045.49670634534,56.7935485839844,6.766598718693389,92977.95429422925,25.61519607537535,67.61820575568363,59.91089742327589,7.273609108153848,,
OED,2004,OECD members,28790.077147912,58.2706604003906,6.309536044123232,95218.351784561,25.450995795547588,68.23946779289449,59.786912486252334,7.172868223146948,,
OED,2005,OECD members,30235.204083447527,59.3782005310059,6.142060445438698,96333.82856110684,25.138847301489175,68.7190927933444,59.96924200630966,6.829808131466136,,
OED,2006,OECD members,31673.812192457583,60.9419708251953,5.89186566367389,97668.1320257833,25.11387802334069,68.99425665742012,60.13324210830923,6.342435320402123,,
OED,2007,OECD members,34431.432840374124,61.9160995483398,5.673068331290439,98928.85513019182,24.99444195847553,69.33249005377355,60.10853880845678,5.886153077216281,,
OED,2016,OECD members,36235.99882506374,73.9456100463867,5.163515998753406,103684.06498261336,22.52613106506903,72.3103530980522,60.1182018508542,6.432326314507699,,
OED,2017,OECD members,37617.86310468858,74.7953720092773,5.137622214268634,104785.97887988391,22.551101071496817,72.31127799657867,60.28507416405917,5.915492826464147,,
OED,2018,OECD members,39539.18611512874,75.4950637817383,5.026023332351701,105619.52924975204,22.582297054382828,72.39168024817738,60.458975356984126,5.476703716154992,,
OED,2019,OECD members,39718.01361475647,76.4179611206055,4.88167345348615,106330.20198157796,22.400089877078074,72.7182363526437,60.63558919665276,5.388357605412105,,
OED,2020,OECD members,38704.977309134294,77.2435913085938,4.84889501902082,105771.93285840115,22.354474333566177,72.79663177579002,59.242884647566314,7.150567538991927,,
OED,2021,OECD members,43149.60724844621,78.8136596679688,4.812815806153059,109424.85581076784,22.274364652670528,72.91281875847798,59.9078094811412,6.193192458482723,,
OED,2022,OECD members,44046.42624559802,78.3934020996094,4.61811367310725,109660.423359647,22.24422616833003,73.13766091611235,60.42301602022032,4.986369265452961,,
OED,2023,OECD members,46672.51399167617,78.3880920410156,4.451961091908595,109778.33969789608,22.14373417963068,73.40430546710341,60.73954243526098,4.825673308101596,,
OMN,2000,Oman,9753.847551854038,,6.39297327775532,123642.81681954188,11.1873492223284,82.4196774999163,56.107,4.331,,
OMN,2001,Oman,9611.963601910536,,6.67708719687737,126758.4662232405,12.3734334511635,80.949353195419,55.845,4.281,,
OMN,2002,Oman,9869.130502194375,,6.99632355657118,122740.33243508404,13.7014619587835,79.3020913619585,55.901,4.328,,
OMN,2003,Oman,10463.54258321412,14.3313598632812,7.33024255442419,117197.2935996213,15.1757885512966,77.4939688942792,56.09,4.62,,
OMN,2004,Oman,11800.850741117129,15.1500101089478,7.65085568092395,115590.69757517724,16.8152373158946,75.5339070031814,56.232,4.734,,
OMN,2005,Oman,14434.857792464712,17.117769241333,7.95209615504511,113789.91473043212,18.950230234153,73.0976736108019,56.349,4.626,,
OMN,2006,Oman,16930.856507185275,19.2329597473145,8.21509358550254,113719.38230489864,21.1386944801136,70.6462119343839,56.638,4.383,,
OMN,2007,Oman,18792.653772481983,20.4086494445801,8.42042306723747,114040.86665571367,23.6461320379201,67.9334448948424,57.122,4.298,,
OMN,2016,Oman,17110.189746054482,46.8235092163086,4.88670498076041,75375.04624749804,41.1391301164711,53.9741649027685,70.206,3.4684384796151866,6804.33,236.004
OMN,2017,Oman,17820.066180933452,43.5767784118652,4.65514328684151,72336.54039324966,43.417046086652,51.9278106265065,70.602,2.522,,
OMN,2018,Oman,19901.76156420162,44.9540214538574,4.36034273443466,72538.50928148406,46.2252951850087,49.4143620805566,70.401,1.8,,
OMN,2019,Oman,19180.186415280143,45.1723213195801,4.76711861602112,73837.67534248649,44.6524786236481,50.5804027603308,69.645,2.04,,
OMN,2020,Oman,16784.86306300576,48.3754386901855,5.2886899529013,79434.11033809544,43.1014342844103,51.6098757626884,65.442,2.942032015358021,6672.735,196.314
OMN,2021,Oman,19403.460016021098,43.8433609008789,6.12299007787784,82355.47901079255,42.0795527908509,51.7974571312713,65.392,1.9,,
OMN,2022,Oman,23223.582940593456,,6.22047867812749,82350.20477137432,40.0155623564278,53.7639589654446,67.709,3.3,,
OMN,2023,Oman,20972.48308866368,45.5870094299316,6.13332548142041,76799.4913508411,40.1570490144908,53.7095851689197,67.821,3.176,,
OSS,2000,Other small states,4841.121925389016,9.29335975646973,19.77803302800811,48520.26653343882,24.24415538015206,55.97772208095597,56.80282709822664,11.026321249153735,,
OSS,2001,Other small states,4776.62850980299,10.118579864502,19.710601056157223,49071.876854219714,23.472459124037417,56.81697028402478,56.5898328117234,10.952087121099678,,
OSS,2002,Other small states,5136.076431306259,10.2598600387573,19.832889683672207,49548.358069664595,22.65378088926255,57.51338564074465,56.43875631146649,10.256019964263457,,
OSS,2003,Other small states,6303.260234296246,11.0751600265503,19.986265803683143,50428.37435409283,22.27963603581579,57.73407045946632,57.12443977356328,10.64350346902506,,
OSS,2004,Other small states,7412.850356078183,11.5976295471191,19.22854225629914,51949.32399237613,22.792289362991585,57.979249966259474,56.80844124124551,10.632481735485836,,
OSS,2005,Other small states,8212.84224459687,11.9454498291016,18.994815957348916,53170.74746468925,22.494075036749255,58.51105513661243,56.78130709657552,10.506803492347698,,
OSS,2006,Other small states,9025.35597950548,12.159520149231,18.48061117222541,54750.45045490099,22.06980118472857,59.44956153948737,57.08332826429581,9.68991787099098,,
OSS,2007,Other small states,10725.399639014347,12.9724197387695,18.02838725045026,56130.679450762014,22.064585732933303,59.907026376923405,57.01007201189661,9.058788028202825,,
OSS,2016,Other small states,10776.870920469994,19.2053203582764,15.677688279783546,55819.428600681866,19.835542750227553,64.48674626733296,57.43498739368022,9.70223948505676,,
OSS,2017,Other small states,11912.476355595594,19.8080196380615,15.08907884108346,57105.90690293623,19.57292336939393,65.33797609561952,57.66347642448014,9.258776327009627,,
OSS,2018,Other small states,12980.342537999304,20.0843105316162,14.471033744094704,58016.84298124936,19.506794931565477,66.0221925000765,57.78925757903952,8.75857755591488,,
OSS,2019,Other small states,12871.16576220006,20.9372501373291,13.989273109581298,58995.17418965404,19.816824395915464,66.19390249327103,58.20755019403496,8.326514859037147,,
OSS,2020,Other small states,11728.952451927446,21.4220504760742,14.027154666053644,56859.15302663857,19.76012080447503,66.21268216937655,57.21187381603993,9.92399055106642,,
OSS,2021,Other small states,13671.456548982997,22.1377105712891,13.738615268987209,59973.240508677256,19.198243537728175,67.06307948053642,57.08775112803118,9.442126396606392,,
OSS,2022,Other small states,14298.102821402776,22.2697505950928,12.81443620693844,60147.347434855095,18.82046020440629,68.36508310777003,57.702189595969024,8.787774038368676,,
OSS,2023,Other small states,15151.466491535804,22.5375900268555,12.717232330480783,60259.65890836167,18.58373949557243,68.69902836743462,57.78880401623585,8.42854222604094,,
PAK,2000,Pakistan,642.3383464998977,,45.2324825248296,12431.00338463921,20.9763178368619,33.7911996383085,50.41,7.492400089001411,119922.0,9381.0
PAK,2001,Pakistan,609.9395069050735,,44.702069640998,12443.57035760671,21.1085432798237,34.1893892739685,50.43,6.881816600829794,,
PAK,2002,Pakistan,599.9373457239274,,42.0914569072217,12385.04772352996,20.7602493890226,37.1482937037556,50.45,8.049102066007244,127164.0,10518.0
PAK,2003,Pakistan,672.44178669894,2.38838005065918,42.0907368570867,12638.79454431356,20.7618185846666,37.1474466197152,50.59,7.48874135289475,,
PAK,2004,Pakistan,771.9022473489538,3.0025999546051,43.0694491866914,13155.0219875285,20.3129464459739,36.6176043673347,50.73,7.543394154760353,136524.0,10497.0
PAK,2005,Pakistan,827.6198611899258,4.37540006637573,43.0681153212719,13756.949743694078,20.3131216685163,36.6187630102118,50.381,7.047023576918067,,
PAK,2006,Pakistan,900.8735649848084,4.45320987701416,43.3885888878519,14235.50329276364,20.7312399806134,35.8801730242393,50.032,0.5821245324582605,133192.119,775.3439999999999
PAK,2007,Pakistan,998.090114197524,5.02788019180298,43.6316284967435,14332.958621606098,20.982237913628,35.3861354141917,50.045,0.3976927679073208,135919.746,540.543
PAK,2016,Pakistan,1424.6916119589737,8.47824573516846,42.268082002833,15772.201408118952,23.5931490788871,34.1387703844552,51.682,2.2854640982534136,146057.337,3338.0879999999997
PAK,2017,Pakistan,1519.2345951424784,8.80055046081543,39.846386631093,16465.478500336594,24.2972691904441,35.8563456441358,51.338,3.215,,
PAK,2018,Pakistan,1569.3381462635489,8.39241695404053,37.4164208063929,17412.56375274607,24.9887915691516,37.5947876244556,50.994,4.083167049539674,187017.624,7636.242
PAK,2019,Pakistan,1390.416909817447,11.3472347259521,38.3089024861212,17420.000665563854,24.3315002656381,37.3595972482407,51.597,4.830185695928614,186091.479,8988.564
PAK,2020,Pakistan,1278.3973520689551,11.944239616394,37.9050840307848,17045.37714040195,24.8515469836158,37.2433689855994,51.644,6.739796037599405,161877.777,10910.232
PAK,2021,Pakistan,1455.3192237018598,12.5983591079712,37.0980360346331,17411.976918774126,25.4280539805863,37.4739113394376,52.73,6.338239828450718,197473.752,12516.36
PAK,2022,Pakistan,1538.3228133170996,10.6203098297119,36.4175883022883,17748.641880359835,25.4943880031396,38.0880236945722,52.549,5.485,,
PAK,2023,Pakistan,1365.1692741097577,11.2206001281738,36.0955654873086,17371.481346132518,25.5922320700995,38.3122024425919,52.573,5.408,,
PAN,2000,Panama,3975.093086595032,42.5754699707031,16.9703619470992,36493.189975053414,17.3629128793141,65.6667251735867,62.998,13.525376926253902,,
PAN,2001,Panama,3991.776707692398,41.6797218322754,18.0592595465992,35789.82416032225,17.3128582096066,64.6278822437943,63.323,14.708349581870964,,
PAN,2002,Panama,4090.586173971286,40.8190803527832,17.3545711586922,35615.84481522122,16.994627519527,65.6508013217808,63.642,14.108112354879312,,
PAN,2003,Panama,4264.664288466355,44.3337516784668,17.4787951926859,36442.15414449662,17.2191819011575,65.3020229061566,63.798,13.618557904313302,,
PAN,2004,Panama,4644.565823530407,43.1405601501465,16.0126420833634,38050.186083799555,17.64310811827,66.3442497983666,64.389,12.44146470140578,,
PAN,2005,Panama,5017.741092282403,41.7703094482422,15.6808248700738,40092.88797600515,17.181397377657,67.1378494950741,64.54,10.32675546164585,,
PAN,2006,Panama,5528.767054693537,42.7828216552734,15.9476724859538,43513.48599305578,18.0689681568209,65.9833593572252,63.712,9.110707558749274,,
PAN,2007,Panama,6317.817302741244,42.9800300598145,14.7389254602453,47788.90303841271,19.2800491460326,65.9810253937221,64.085,6.782808526706432,,
PAN,2016,Panama,14832.361160819104,48.728271484375,15.3616656495143,67423.3391567895,18.391419803249,66.2469145472367,66.186,4.843012120964604,5582.724,270.37199999999996
PAN,2017,Panama,15694.629745429473,,14.4942198633712,70613.04066650779,18.5493389704413,66.9563872947431,65.872,5.46135072608012,5666.7300000000005,309.48
PAN,2018,Panama,16151.327347847577,,14.2071166505965,69933.8473546191,18.7642025471912,67.0286808022122,67.571,5.312630877642017,5916.786,314.337
PAN,2019,Panama,16477.90662856873,,14.4070106228402,70486.50198616264,17.7168798512351,67.8761095259247,68.511,6.409233320642523,6154.059,394.428
PAN,2020,Panama,13290.560834759406,45.2206611633301,14.0615925518893,64448.6116850927,18.4555959114018,67.4828115367089,66.4,18.54813508794174,6009.774,1114.701
PAN,2021,Panama,15509.80691097838,53.0445899963379,15.6650305543696,74146.62916340791,16.8218380723221,67.513186535557,62.8,10.29335106259806,5829.909000000001,600.0930000000001
PAN,2022,Panama,17332.436074298766,58.173511505127,15.2809660491521,74674.9120871633,17.0255781143344,67.6934558365135,66.316,8.280875645781068,6432.326999999999,532.653
PAN,2023,Panama,18686.405096126524,,14.7076774419373,78834.51261163769,17.4620022579262,67.8303695998344,65.144,6.678339699712428,6228.030000000001,415.929
PER,2000,Peru,1945.4133845169831,33.3326187133789,38.2338223993424,18790.60697194449,16.2011275594718,45.5650500411859,65.78,4.06916280967965,37945.422,1544.061
PER,2001,Peru,1929.5727303884632,29.8303699493408,38.3501580354301,17691.720718392422,16.0106682104155,45.6391737541543,68.79,4.847926547647561,39053.562,1893.288
PER,2002,Peru,2007.3701962675275,30.157190322876,37.4185248905388,17930.79843838518,16.0541744392687,46.5273006701925,69.905,4.839967191246192,42603.264,2061.984
PER,2003,Peru,2129.4411419763424,30.2261905670166,36.5990209050475,17899.125241588892,16.0865751635834,47.3143959921605,70.997,4.150851780445283,43075.713,1788.009
PER,2004,Peru,2397.2514727771386,32.0726013183594,35.6850237370317,18274.77277197237,16.1346094201788,48.1803668427894,72.065,4.706693566039249,43351.197,2040.408
PER,2005,Peru,2706.669472976084,32.374210357666,34.3917935962762,18851.049958810705,16.2766841501019,49.3315297489855,73.109,4.865865653373635,43329.618,2108.361
PER,2006,Peru,3129.5599649698206,33.8254699707031,32.9634635584142,19016.142618433325,16.4396408219564,50.5968956196294,76.14,4.172451871172013,44801.787,1869.333
PER,2007,Peru,3581.089308191696,,31.3294033385106,19770.20118948712,16.6481457329817,52.0224509285078,78.228,4.078537175629441,46592.661,1900.299
PER,2016,Peru,6217.03599995447,73.330192565918,27.0292936553105,28238.227606321347,16.9914730355601,55.9792333091294,75.377,3.740711497278102,53930.382000000005,2017.38
PER,2017,Peru,6736.16693725487,71.2465515136719,26.1958357907042,27778.80295546072,16.4155921223057,57.3885720869902,76.996,3.691184202015255,54449.274000000005,2009.823
PER,2018,Peru,6978.491215486268,,26.126784937774,28058.86269722067,16.3162147696222,57.5570002926038,77.179,3.491995147071642,55307.637,1931.34
PER,2019,Peru,7037.008036926039,,25.5684626647487,27921.333011568713,16.3108062757853,58.120731059466,77.362,3.379063881870797,56040.876,1893.657
PER,2020,Peru,6133.3255241018305,,33.6557327033326,28555.74578585848,15.8750093845193,50.4692579121481,68.924,7.178876930041481,50861.925,3651.315
PER,2021,Peru,6826.20255614477,,27.8582293793428,29901.951259623056,17.0251886393175,55.1165819813398,71.93,5.096629373444149,56137.278,2861.109
PER,2022,Peru,7350.630343004173,,25.6687857860982,28882.58258529904,16.6989879097129,57.6322207591268,74.473,4.291411348350279,55533.129,2383.1549999999997
PER,2023,Peru,7887.54185920108,,23.9668308166303,29314.091082650983,16.3581016904024,59.6750674929673,72.686,4.899240918469314,55534.746,2720.781
PHL,2000,Philippines,1050.7927310795235,,37.0946583625549,13220.774674324126,16.228229158038,46.6771124794071,61.269,11.191192648676632,,
PHL,2001,Philippines,969.5306117444528,30.4657897949219,36.698586420928,13234.29498569318,16.1439268755861,47.1574867034859,61.249,3.698223479063794,90825.555,3358.932
PHL,2002,Philippines,1014.9087932010624,30.6726207733154,36.389861785388,13367.965699640434,16.041095607616,47.5690459206448,61.212,3.615,,
PHL,2003,Philippines,1027.2301192842956,29.875,35.9508030110391,13689.308947122392,15.9810070432484,48.0681899457125,61.143,3.527275065478346,95271.192,3360.4770000000003
PHL,2004,Philippines,1099.6301302375837,29.3516693115234,35.6323401325833,14132.666891618615,15.8606954336322,48.5069613056982,61.524,3.5535474916119205,98334.186,3494.3520000000003
PHL,2005,Philippines,1220.4601855986728,28.5942401885986,35.1280432178995,14487.55458648536,15.8763170426925,48.995639739408,61.589,3.795197928380119,100762.887,3824.151
PHL,2006,Philippines,1426.1464917954625,28.8363800048828,34.6688149969084,15004.434345747411,15.8116520843258,49.5195359236476,61.418,4.0523120738787375,102041.376,4135.035
PHL,2007,Philippines,1712.6554328279278,,34.2309630217817,15567.561984841144,15.7414997425107,50.0275372357076,61.259,3.434193267847837,104260.032,3580.491
PHL,2016,Philippines,2985.195640240464,40.4857482910156,26.9859647604018,20231.55173249424,17.4630343323281,55.5510032382058,61.59,2.695321228743659,126400.815,3406.908
PHL,2017,Philippines,3038.1212495928917,35.4054260253906,25.4397556492068,22012.76814844271,18.272531632795,56.2877127179982,59.141,2.551833525810458,124170.6,3168.6270000000004
PHL,2018,Philippines,3168.5103660972686,29.428638458252,24.2932192186732,22946.560668819096,19.0643408504335,56.6424422558415,58.981,2.338351024093278,126425.886,2956.281
PHL,2019,Philippines,3400.789497670743,31.2367649078369,22.8580640698915,23666.36550723623,19.1162817529289,58.0256541771796,59.444,2.2372990003995454,130198.02,2912.919
PHL,2020,Philippines,3227.579102351993,32.8472557067871,24.7694700062278,22857.16773031254,18.3004070581901,56.930122935582,54.746,2.521825304339554,121189.71899999998,3056.193
PHL,2021,Philippines,3484.3859388281885,34.8456192016602,24.3255048400968,23200.713891466938,18.8641789389468,56.8103162209564,56.471,3.398154050352953,127513.554,4333.107
PHL,2022,Philippines,3548.0693057211556,39.5887565612793,22.8363526961592,22362.27186537375,18.4442071027863,58.7194402010546,61.439,2.5979120868402763,141180.29700000002,3667.74
PHL,2023,Philippines,3804.0827413109687,45.2818946838379,22.3650044333363,23099.02252851477,18.4726399963992,59.1623555702645,61.388,2.6106076891060113,148407.63,3874.340999999999
PLW,2000,Palau,7797.257273959745,45.8877792358398,,,,,,3.300050770011847,17.727,0.585
PLW,2001,Palau,8239.63931376602,36.336109161377,,,,,,,,
PLW,2002,Palau,8340.537353227708,36.4183616638184,,,,,,,,
PLW,2003,Palau,7862.042830255862,,,,,,,,,
PLW,2004,Palau,8395.136226034308,,,,,,,,,
PLW,2005,Palau,9639.658913164136,,,,,,,4.175242575713026,,
PLW,2006,Palau,9885.147756851937,,,,,,,,,
PLW,2007,Palau,10408.43435913377,,,,,,,,,
PLW,2016,Palau,16762.572343653424,,,,,,,,,
PLW,2017,Palau,16034.134291488885,,,,,,,,,
PLW,2018,Palau,16197.726507241496,,,,,,,,,
PLW,2019,Palau,15841.195639959546,,,,,,,,,
PLW,2020,Palau,14556.587230215826,,,,,,,0.7652793793898731,28.616999999999997,0.2189999999999999
PLW,2021,Palau,13257.20632064331,,,,,,,,,
PLW,2022,Palau,14392.201137451431,40.5448722839355,,,,,,,,
PLW,2023,Palau,15899.424606532408,34.618537902832,,,,,,,,
PNG,2000,Papua New Guinea,635.9579190477252,,30.8907727055579,7878.270678792351,6.10963060285412,62.9995539229335,72.47,2.8824426838751447,7240.071,205.86900000000003
PNG,2001,Papua New Guinea,537.8474596341313,,30.5201946168877,7796.913991686629,6.17367451041716,63.3061308726951,70.36,2.801,,
PNG,2002,Papua New Guinea,506.3317895344825,,30.4684916979007,7736.747382867708,6.23582990878494,63.2956783933143,68.158,2.755,,
PNG,2003,Papua New Guinea,577.4679223872586,,30.008041814079,7868.453036437763,6.35735171909499,63.634606466826,65.873,2.628,,
PNG,2004,Papua New Guinea,620.5961476805612,,29.3300317103144,8068.771340203106,6.49818678614122,64.17182335982,63.511,2.526,,
PNG,2005,Papua New Guinea,744.4864899774326,,28.6988410242961,8588.879034331676,6.6654823995988,64.6356765761052,61.083,2.387,,
PNG,2006,Papua New Guinea,1238.1828292670598,,27.954306302666,9095.606575899605,6.84441582274751,65.2012778745865,58.598,2.287,,
PNG,2007,Papua New Guinea,1370.7534158289998,,27.2300567042815,9880.484112072842,7.05425689232039,65.7156864033981,56.069,2.172,,
PNG,2016,Papua New Guinea,2316.3947975849233,,31.1529181792396,13688.45573300637,7.51284064595826,61.3342411748021,49.977,2.472,,
PNG,2017,Papua New Guinea,2477.765309863235,,32.2614573690537,13703.454776669416,7.48386918496207,60.254707987344,50.283,2.569,,
PNG,2018,Papua New Guinea,2566.3683373504064,,33.3779241453576,13197.575998554948,7.46123268130669,59.1608431733357,50.662,2.635,,
PNG,2019,Papua New Guinea,2575.772741403927,,34.4708639575647,13341.55334360868,7.4380287995538,58.0911072428815,50.947,2.634,,
PNG,2020,Papua New Guinea,2429.611345852686,,36.0890778284393,12660.159612872256,7.52881934395169,56.3821344581141,50.788,2.883,,
PNG,2021,Papua New Guinea,2607.57861874444,,37.3410450191916,12167.17357609492,7.59714518107225,55.0617792446915,51.374,3.003,,
PNG,2022,Papua New Guinea,3102.2896859406083,,38.6609379920568,12377.0407470354,7.58692617813563,53.7521064258522,51.989,2.6893347400555396,12335.058,331.731
PNG,2023,Papua New Guinea,2966.0683043205463,,38.7324710675805,12557.61506314435,7.87318733229743,53.3943416001221,51.979,2.661,,
POL,2000,Poland,4520.641004491105,50.4036293029785,18.6674994212855,47966.09122716889,31.0604642519214,50.2720430795876,56.481,14.92801386099508,51224.028,7646.73
POL,2001,Poland,5015.237900366129,56.3456916809082,19.1959417809724,50152.43375375271,30.7299181083071,50.0741401107205,56.557,18.435271242746808,52252.494,9632.889
POL,2002,Poland,5223.451789670818,59.5361404418945,19.6323060521634,52953.714211642175,28.5350056282119,51.8326883196246,55.394,20.210883876024617,51819.609,10473.201
POL,2003,Poland,5720.81366178104,60.6214714050293,18.1922608132692,54871.03125057371,28.5499893304978,53.2577570897938,54.77,19.898832824448363,50998.755,10148.157
POL,2004,Poland,6711.72715262967,61.7436981201172,17.5990211093855,57005.76949985791,29.0421765651412,53.3588023254733,54.342,18.821900006155275,50980.698,9595.536
POL,2005,Poland,8043.923322537572,63.7791404724121,17.3782170785701,57068.4029423963,29.2491587524927,53.37261722881,54.914,17.59159742262113,51387.09,9039.81
POL,2006,Poland,9068.855283076273,65.0900726318359,15.7899061575063,58678.39745695424,29.9799127479109,54.2301743703662,53.968,13.793494406891124,51041.649000000005,7040.427000000001
POL,2007,Poland,11272.529368338306,66.9424667358398,14.7442917310674,59740.937934145855,30.72442846717,54.5312798017627,53.733,9.550961601483548,50852.199,4856.874
POL,2016,Poland,12464.012104482732,69.8503799438477,10.5841467360058,71896.33757940304,31.4490653263488,57.9667821871169,57.057,6.141436090335252,52027.131,3195.2129999999997
POL,2017,Poland,13913.34151901244,70.6174621582031,10.2220431163932,74290.6952592059,31.6670763062434,58.1108805773634,57.327,4.866846790211801,52035.39600000001,2532.4829999999997
POL,2018,Poland,15658.21058669296,71.0217437744141,9.61848782242261,78196.82888147056,31.8165021663841,58.5650100111933,57.313,3.8346098987943535,51653.441999999995,1980.708
POL,2019,Poland,15874.522053125382,70.9065017700195,9.15388576899316,81523.89416555842,32.1338466917872,58.7122675392196,57.245,3.2672293455701698,51282.534,1675.518
POL,2020,Poland,16150.92910097257,70.9730377197266,9.59175049793728,80899.98488926953,31.6832007469577,58.7250431560576,57.169,3.1547963392871075,50375.106,1589.232
POL,2021,Poland,18635.50888125089,72.2060623168945,8.39885354219246,86097.70531990194,30.9331713438467,60.6679696016145,58.317,3.2677408244031523,52050.45599999999,1700.8739999999998
POL,2022,Poland,18891.213529395965,75.2911071777344,8.25330770408718,90060.91914717815,30.8336782391603,60.9130140567525,58.564,2.811382580989487,52062.49800000001,1463.676
POL,2023,Poland,22145.264308890855,,7.60169405464749,89820.28926651923,29.6439295437787,62.7543817072999,58.884,2.742710214796569,52746.51299999999,1446.684
PRE,2000,Pre-demographic dividend,502.6648676586188,4.01117992401123,61.036323216405656,8129.340154068646,9.812188078089967,29.151489655523388,72.4151518049283,5.142468693024644,,
PRE,2001,Pre-demographic dividend,464.8996277438473,4.38281011581421,60.53209541560738,8229.414392947987,9.86460729999437,29.603296361075177,72.35680975074804,5.128220778083164,,
PRE,2002,Pre-demographic dividend,519.001665642262,4.75454998016357,60.05087759409608,8425.005581777681,9.901641057221337,30.047483142945868,72.20375736523675,5.081696127142307,,
PRE,2003,Pre-demographic dividend,548.7155607685098,5.14384984970093,59.336470803802975,8088.415999684074,9.978680547101428,30.68484864909694,72.09804576361604,5.05616718801451,,
PRE,2004,Pre-demographic dividend,666.4009573256823,5.42726993560791,58.48128073371477,8809.914853910634,10.092264819397998,31.42645571610327,71.98616334353923,4.973515905334292,,
PRE,2005,Pre-demographic dividend,808.6044759110472,5.77792978286743,57.85054877188213,9079.777591003263,10.108130374904889,32.041318797925115,71.87702944478083,4.941705983963968,,
PRE,2006,Pre-demographic dividend,987.5371356355516,5.99287986755371,57.08592059173661,9396.582139585644,10.141037408117688,32.773040799367905,71.696023958381,4.919682709309224,,
PRE,2007,Pre-demographic dividend,1160.6192511176453,6.13474988937378,56.51918657275565,9720.683258976036,10.1025989178913,33.378214509340395,71.49476935029621,4.8799085431130615,,
PRE,2016,Pre-demographic dividend,1307.18884005457,8.50397968292236,50.46838703306307,11738.818142423268,11.735199531090815,37.79641221033786,69.00335507797018,5.020891065809626,,
PRE,2017,Pre-demographic dividend,1327.7574628508885,8.59080982208252,50.10363139455483,11693.185047627563,11.870091134246003,38.026277471203514,68.41064458012144,5.2846093190909835,,
PRE,2018,Pre-demographic dividend,1439.9337087032686,8.69114971160889,49.674823896978936,11668.427777998144,11.946308858481562,38.37886607784992,68.20881140817308,5.3513860267792275,,
PRE,2019,Pre-demographic dividend,1476.6218732969048,8.70256996154785,49.27665716690496,11733.253169165317,12.084513253827604,38.63882957927095,68.0105512662994,5.423094637193185,,
PRE,2020,Pre-demographic dividend,1320.7091111111897,8.78617000579834,49.460042821587734,11268.69262310137,12.473493421663004,38.066464036614526,67.11440211163931,5.960077686280163,,
PRE,2021,Pre-demographic dividend,1412.7090892090291,8.89290046691895,49.44878179829612,11138.665949389522,12.706218370469202,37.8449998312239,67.60723729781233,5.823475559305223,,
PRE,2022,Pre-demographic dividend,1577.7162712352713,,48.47685919859105,11164.600831414082,13.157120815786826,38.36602179374858,67.61682484523466,5.0020373703919985,,
PRE,2023,Pre-demographic dividend,1416.3335304095142,,48.23802042631902,11002.836754427652,13.285544830493643,38.47643346609023,69.36064910663266,4.700607932822396,,
PRI,2000,Puerto Rico (US),16192.12697196377,,1.89163401544279,118313.1182782292,22.2699941219471,75.8383718626101,45.94,10.115384615384611,,
PRI,2001,Puerto Rico (US),18123.19870199179,,2.02467682317347,126516.41394357262,21.6549437501258,76.3203794267007,46.07,11.543852898331638,,
PRI,2002,Puerto Rico (US),18731.459389737847,,1.96249030825004,127381.30631164552,19.9658850401291,78.0717084721611,46.2,11.979373857394089,,
PRI,2003,Puerto Rico (US),19557.12024923584,,1.99997691224344,125142.61442604147,19.5833649415715,78.4166581461851,46.71,11.781609195402298,,
PRI,2004,Puerto Rico (US),20988.992332653404,,2.11898307580174,133231.387765061,19.396938419734,78.4840785044642,46.67,10.301955118886092,,
PRI,2005,Puerto Rico (US),21959.322696986048,,2.07664530489426,128712.59195238368,19.009555713988,78.9137191439217,47.7,11.347517730496454,,
PRI,2006,Puerto Rico (US),22935.94115863129,,1.4365665962216,127463.45997238044,19.4732802778922,79.0901531258862,47.23,11.040102385637784,,
PRI,2007,Puerto Rico (US),23664.88234850958,78.9458389282227,1.1281333517554,128870.39674435908,19.178103470406,79.6937631778386,46.13,10.915632055631251,,
PRI,2016,Puerto Rico (US),29978.088926891833,99.6779632568359,1.35955542334839,140524.22521378708,13.3920603585819,85.2483842180697,40.1,11.772278221110607,,
PRI,2017,Puerto Rico (US),30328.487113280407,,1.31973558182989,137258.47952520763,13.0635961813243,85.6166682368458,40.0,10.847018032157486,,
PRI,2018,Puerto Rico (US),30679.91819344879,102.152473449707,1.27924926404139,131178.38561019,12.8194487000974,85.9013020358613,40.5,9.20086309226656,,
PRI,2019,Puerto Rico (US),31830.528499335844,,1.23974580731077,129179.02176640811,12.5847639059962,86.175490286693,40.9,8.295259118560537,,
PRI,2020,Puerto Rico (US),31427.11307628314,,1.22919153647037,125369.96892065596,12.4763607851506,86.2943524069842,40.6,15.340300140240917,,
PRI,2021,Puerto Rico (US),32619.070460117367,,1.21780999836073,127987.02141442374,12.3039064008016,86.4782836008377,39.471,7.921590444635389,,
PRI,2022,Puerto Rico (US),35353.68215700139,,1.20126702077709,125755.78119054675,12.1599512853621,86.6387816938608,40.845,6.035845319325669,,
PRI,2023,Puerto Rico (US),36948.40364168461,81.9869689941406,1.17850077481341,126377.27318111992,12.0192303307299,86.8021776862858,40.766,5.725,,
PRK,2000,"Korea, Dem. People's Rep.",,,56.2059743430243,,15.7302777857211,28.0637478712546,82.127,3.05,,
PRK,2001,"Korea, Dem. People's Rep.",,,55.7005205751238,,15.7281306115572,28.5713558804932,82.066,3.07,,
PRK,2002,"Korea, Dem. People's Rep.",,,55.2668327410902,,15.6726532026759,29.0605140562339,82.053,3.043,,
PRK,2003,"Korea, Dem. People's Rep.",,,54.7405802833243,,15.669207067956,29.5902057211713,82.029,3.059,,
PRK,2004,"Korea, Dem. People's Rep.",,,54.250178407166,,15.6404505707044,30.1093641748003,82.001,3.016,,
PRK,2005,"Korea, Dem. People's Rep.",,,53.6597224540903,,15.6750799050289,30.6651976408808,81.94,2.972,,
PRK,2006,"Korea, Dem. People's Rep.",,,53.2752856480233,,15.535444048729,31.1892703032477,81.972,2.944,,
PRK,2007,"Korea, Dem. People's Rep.",,,52.8727741978178,,15.408905690344,31.7183201118381,82.006,2.936,,
PRK,2016,"Korea, Dem. People's Rep.",,,48.7291435800816,,14.6337146204803,36.6371417994381,81.918,2.931,,
PRK,2017,"Korea, Dem. People's Rep.",,,48.487946332918,,14.3827716900245,37.1292819770575,81.999,2.846,,
PRK,2018,"Korea, Dem. People's Rep.",,27.2090396881104,48.2616813755702,,14.1276520011401,37.6106666232897,82.094,2.757,,
PRK,2019,"Korea, Dem. People's Rep.",,,47.7591922424605,,14.0594842502546,38.1813235072848,82.096,2.782,,
PRK,2020,"Korea, Dem. People's Rep.",,,47.7693023941928,,14.3319416681711,37.8987559376361,80.847,2.948,,
PRK,2021,"Korea, Dem. People's Rep.",,,47.6479175988085,,14.3671533159944,37.9849290851971,80.897,3.0,,
PRK,2022,"Korea, Dem. People's Rep.",,,47.1928236393972,,14.3480665129717,38.4591098476311,82.111,2.805,,
PRK,2023,"Korea, Dem. People's Rep.",,,46.820992373408,,14.3364024084986,38.84259936216,82.107,2.831,,
PRT,2000,Portugal,11526.372066796825,,12.6637711767502,71716.9841409813,34.4481963842172,52.8880523256392,60.798,3.80610557342575,15663.885,596.184
PRT,2001,Portugal,11734.764974395395,,13.1709778584182,71698.84888346016,33.4489755076039,53.3800661395735,61.45,3.828613552031813,15969.383999999998,611.406
PRT,2002,Portugal,12936.692820448196,,12.6123189120394,71636.94868007445,33.3358083616511,54.0518727263094,62.016,4.497181118149075,16231.968,729.981
PRT,2003,Portugal,15797.782134027591,,12.9632013398216,71925.28528303902,32.6644413370552,54.3723377305047,61.983,6.132278835437875,16296.666,999.357
PRT,2004,Portugal,18064.15809329872,,12.2758033305305,73685.97230734877,31.0714458224447,56.6527508470249,61.505,6.318523459394044,16231.941,1025.619
PRT,2005,Portugal,18780.127512409996,,12.0462216875223,74646.72439728513,30.3889703883522,57.5647881106417,61.843,7.582090514265792,16383.318,1242.198
PRT,2006,Portugal,19839.45404990321,,11.8919468238242,75420.1834104364,30.3151311354304,57.7929220407453,62.047,7.648760090851077,16496.006999999998,1261.74
PRT,2007,Portugal,22811.05648443652,,11.8200446435236,77121.15244225107,30.2487371822724,57.9312378167258,62.178,7.965496820619911,16595.688,1321.929
PRT,2016,Portugal,19980.280886651573,63.2655715942383,6.89834368844093,82144.83575650235,24.5030956967972,68.5985822857229,58.371,11.057723974637645,15576.786,1722.438
PRT,2017,Portugal,21442.384276887915,64.1698226928711,6.38048263251506,82205.49362089581,24.7459947524352,68.8735226150498,58.827,8.877862949667698,15709.017,1394.625
PRT,2018,Portugal,23541.14010752886,65.0279083251953,6.03289546144829,82700.16866915885,24.8496628032999,69.1174212631068,58.952,6.966318670383114,15751.605,1097.307
PRT,2019,Portugal,23343.362897003433,65.9340515136719,5.48226796923299,84201.590256812,24.6811848200302,69.8365674671178,59.013,6.421929605946702,15817.302,1015.776
PRT,2020,Portugal,22299.404406217305,67.7980194091797,5.36074992691074,79242.58240434328,24.7789179471974,69.86031139135,57.579,6.849774612739139,15524.613,1063.4009999999998
PRT,2021,Portugal,24711.451006211093,71.8742980957031,2.71304893357851,83115.81848030708,24.5541481073939,72.7327822676843,57.32,6.712242332511866,15381.015,1032.411
PRT,2022,Portugal,24620.51955687504,75.557243347168,2.7966356257074,86425.55722134064,24.5609140865245,72.642450287768,58.117,6.137984131429673,15788.946,969.123
PRT,2023,Portugal,27386.292059502382,,2.94656525862376,86864.88454950704,24.9633301988884,72.0901245751572,58.766,6.498436855882167,16206.758999999998,1053.186
PRY,2000,Paraguay,1736.1172921076502,17.2084293365479,31.8564951082677,25643.41832600345,16.9336194595312,51.2098854322011,69.167,7.607115377990101,,
PRY,2001,Paraguay,1637.686151229318,19.3145008087158,31.9262655929198,24507.948443323687,16.745353076087,51.3283813309932,68.902,6.206021404147133,6704.681999999999,416.0940000000001
PRY,2002,Paraguay,1367.7650693599712,28.3510494232178,33.8280868041992,24846.0899699528,15.5901638941506,50.5817493016502,68.749,9.392962578654116,6944.646000000001,652.308
PRY,2003,Paraguay,1443.9988523620518,26.9992599487305,31.3263046866091,25062.71328138135,15.9912482420465,52.6824470713444,67.598,6.813904068644602,7091.133,483.183
PRY,2004,Paraguay,1786.215339385431,27.2375907897949,32.7500606083987,24063.95476203733,16.6439211639268,50.6060182276745,71.373,6.513154340027767,7662.186,499.0499999999999
PRY,2005,Paraguay,1970.8716985237795,27.9218807220459,32.0162716736426,23980.396739692573,15.7817268762792,52.2020442252455,70.279,4.824671373518645,7765.275000000001,374.649
PRY,2006,Paraguay,2439.4312469457595,,30.3091605022882,25912.806568407465,16.8704847664548,52.8203547312569,67.047,5.276499099194678,7634.835000000001,402.852
PRY,2007,Paraguay,3211.9362165954644,31.2753391265869,28.6688034375815,25921.50839901731,18.2498900437607,53.0813065186578,68.816,4.713267820960679,8048.556,379.35
PRY,2016,Paraguay,5775.159633994601,,21.3789081836314,31894.755136058266,19.2786973053989,59.3424289344487,69.966,5.254565170297706,9887.802,519.561
PRY,2017,Paraguay,6152.267115377034,,20.5528998553444,32660.97008336379,19.5067449329341,59.9403552117215,71.039,6.137677818054601,10273.071,630.528
PRY,2018,Paraguay,6258.449916409537,,20.0768865968517,32801.500544924944,18.5851714124034,61.3379092619024,71.868,6.217335308789648,10594.008,658.665
PRY,2019,Paraguay,5821.181995486371,,18.722296245164,32048.21266228448,18.1424558136548,63.1352479411812,72.392,6.594665307893674,10874.517,717.1379999999999
PRY,2020,Paraguay,5365.472207211913,,21.2745232478874,32634.053355728927,19.0863685089786,59.639141206704,70.117,7.548047030511236,10730.736,809.961
PRY,2021,Paraguay,5976.931797899601,,19.7142857142857,32561.06513077178,19.4926642635806,60.7930816416872,71.919,7.311370552154135,11210.511,819.642
PRY,2022,Paraguay,6205.625953793703,,17.4129044866609,32622.480185607114,18.7435844081591,63.84351110518,70.58,6.754555888258294,11203.194,756.726
PRY,2023,Paraguay,6299.990265336433,,17.1714081244758,33339.92649917125,18.0098035443583,64.8187575508068,70.751,5.7938023994670305,10316.541,597.72
PSE,2000,West Bank and Gaza,1476.1718500023785,23.6945209503174,14.0602765471875,23910.740699477785,34.1233722647335,51.8165189958384,40.254,10.625093939962095,,
PSE,2001,West Bank and Gaza,1335.5531952935903,25.8506107330322,12.2427512292407,26262.629309029224,28.2753742445186,59.4818745262407,36.626,21.492717135439342,,
PSE,2002,West Bank and Gaza,1156.217473457691,27.6125202178955,15.391096603991,24532.89984586924,23.7062178219537,60.9026855740553,35.907,27.464869022595263,,
PSE,2003,West Bank and Gaza,1257.6985700968853,31.4115905761719,16.2365542179704,23573.01324707061,25.5798965533025,58.1835492287271,38.759,23.004293810531497,,
PSE,2004,West Bank and Gaza,1422.1908864354425,35.4363594055176,16.3572350070991,28196.367423908203,24.4151309198625,59.2276340730384,38.222,23.214878592493186,,
PSE,2005,West Bank and Gaza,1543.7014139277364,38.7862014770508,15.0326073480184,28728.153756255942,26.0675290325247,58.899863619457,38.642,20.015672775778533,,
PSE,2006,West Bank and Gaza,1570.1043996272826,40.6296005249023,16.7419003638002,27075.147267013777,23.6745870812319,59.5835125549679,38.63,19.014113201012524,,
PSE,2007,West Bank and Gaza,1664.2457166927647,44.1470985412598,16.0558250659208,25963.81257798621,23.7642585551331,60.1799163789462,39.918,18.28190286803262,,
PSE,2016,West Bank and Gaza,3527.6138241317785,45.710521697998,7.36092584185332,32293.58799869272,30.2302634771478,62.4089185175919,43.769,23.93930219870063,,
PSE,2017,West Bank and Gaza,3620.36048715937,45.6631011962891,6.71005695644036,32602.321055677658,30.8631173623553,62.4268256812044,44.004,25.676619986650916,,
PSE,2018,West Bank and Gaza,3562.3309427025574,46.4495697021484,6.32090105168894,32800.38161330744,31.3139981770014,62.3651007713096,43.452,26.256045282133737,,
PSE,2019,West Bank and Gaza,3656.858271370109,45.3549118041992,6.04530827934085,31365.66405046008,30.3665972777899,63.5880944428692,44.271,25.340369828522263,,
PSE,2020,West Bank and Gaza,3233.5686383585844,44.8411407470703,6.35408687454134,29457.487102834035,30.6486396726001,62.9972734528586,40.936,25.894606068163633,,
PSE,2021,West Bank and Gaza,3678.63565662194,43.5106506347656,6.66115781088376,29095.48116168822,31.8620923347641,61.4768489344922,43.367,26.390199131640564,,
PSE,2022,West Bank and Gaza,3799.9552701516295,44.9846382141113,6.22101149865918,27595.539353434066,32.609249919985,61.1698289938357,44.991,24.41977054963363,,
PSE,2023,West Bank and Gaza,3455.0285291171217,42.910831451416,,,,,,,,
PSS,2000,Pacific island small states,1688.3876736159457,8.50160026550293,31.83670014146481,16055.319855301776,17.44935415437869,50.71365355365372,66.21608642250385,4.417581676349567,,
PSS,2001,Pacific island small states,1639.2820747388205,8.57409000396729,32.24323793836033,15930.402561686413,17.43877468884103,50.31770085134108,66.29292996920766,4.527365111670066,,
PSS,2002,Pacific island small states,1697.335606132958,9.1123104095459,33.5558308699842,16031.704150687809,17.248329913734107,49.19597985218101,66.33244142992261,4.620601175042421,,
PSS,2003,Pacific island small states,1999.392433763362,9.11592960357666,34.73274611058293,16037.85916190086,17.15854676073742,48.10856906525171,66.26957981290383,4.517350020763162,,
PSS,2004,Pacific island small states,2272.931629931322,9.19915962219238,35.20087727383501,16508.71270322446,17.138571824804576,47.66068646065682,66.20705299692666,4.347173234615284,,
PSS,2005,Pacific island small states,2494.5341943597505,9.26603031158447,36.38953986452035,16646.28952937759,16.59995570294433,47.01023624477266,65.46162514085262,3.844312427471388,,
PSS,2006,Pacific island small states,2589.157280985382,10.4328098297119,36.49969260736199,16589.42861774821,16.04929351109232,47.45101388154569,66.03255440665737,3.8159642911478513,,
PSS,2007,Pacific island small states,2822.0397081848373,11.5741701126099,36.663996664406305,16216.365306323629,15.501166171901088,47.83522126349592,66.31074345140776,3.760530415121308,,
PSS,2016,Pacific island small states,3853.812730153795,20.2527198791504,36.80272781472823,18343.05402625449,12.137475141095493,51.05968410218776,65.08586748741494,3.370556573061237,,
PSS,2017,Pacific island small states,4096.993537670882,21.0226707458496,36.146085745589126,18882.771437433184,12.275972953679933,51.57794130072194,65.0986923992782,3.367720151642073,,
PSS,2018,Pacific island small states,4245.783626038258,21.8065700531006,35.67696063217622,19188.340178703224,12.283484596040028,52.03944527513983,64.95052477903074,3.2756336073595205,,
PSS,2019,Pacific island small states,4170.321209537026,22.4576892852783,35.12354608393983,19008.076062163625,12.300213302363224,52.57634874777622,64.81767153396083,3.213943249251173,,
PSS,2020,Pacific island small states,3666.0892636372496,22.5576801300049,35.016770501131795,16512.463730385633,12.617225493334312,52.3662196609744,64.08257809690109,3.1793712771021947,,
PSS,2021,Pacific island small states,3649.533887092985,,34.86208695676903,15641.859654101652,12.776866038134024,52.36115308455432,64.15616191610754,3.1837772875444443,,
PSS,2022,Pacific island small states,3888.628680118393,,34.32600685811731,17298.55960396078,12.72993439821377,52.94395511264515,64.6971480578998,3.2637641267419397,,
PSS,2023,Pacific island small states,4153.1970662851745,,33.8900476505931,18047.23729903125,12.946508749173413,53.16344360023349,64.74290230550268,3.1810855077728517,,
PST,2000,Post-demographic dividend,25863.381576858857,57.5514793395996,5.2967829435752,95250.98106441063,26.828914141693303,67.87430334054496,60.50771038904305,6.5349708466427225,,
PST,2001,Post-demographic dividend,25491.574821583898,60.3385887145996,5.0882490899318,96286.86649281088,26.458127628911157,68.4536241125635,60.34119544832958,6.382047134031361,,
PST,2002,Post-demographic dividend,26456.96865746957,63.4107208251953,4.927869257042918,97502.97269533384,26.12772873367153,68.94440284582565,60.351801744445275,6.775251804334187,,
PST,2003,Post-demographic dividend,29517.9859216064,65.4904098510742,4.796190135807066,98971.29261468684,25.82070774252636,69.38310233865325,60.304584698342104,6.861506049845521,,
PST,2004,Post-demographic dividend,32633.35996542531,67.5171813964844,4.589336931102259,101323.2657643682,25.52537865069615,69.88528422208789,60.275878251380725,6.671432806960356,,
PST,2005,Post-demographic dividend,34174.95756428455,68.6799621582031,4.453458908787638,102814.50946347204,25.21391477594939,70.33262773694285,60.41953361303502,6.405877960912923,,
PST,2006,Post-demographic dividend,35768.79387316117,70.782470703125,4.259462230482994,104374.20657430888,25.15415716761943,70.5863810027245,60.608462697610214,5.990189094554994,,
PST,2007,Post-demographic dividend,38809.86916959164,72.1106185913086,4.076195095382711,105840.0371441504,25.023022097965463,70.90078339487938,60.633059397373394,5.568625756884781,,
PST,2016,Post-demographic dividend,41511.10887224666,78.0071411132812,3.394882220945996,112522.24253884229,22.002370995089883,74.60274679223633,60.16960431749583,6.409398933951459,,
PST,2017,Post-demographic dividend,43134.08647406136,78.168212890625,3.3301854259868624,113759.35564081084,21.979609706822057,74.6902058113506,60.34389043964705,5.848584517694716,,
PST,2018,Post-demographic dividend,45528.32681088685,78.4625091552734,3.255296395900984,114712.58149342657,21.985541556592345,74.7591618689985,60.51890504993872,5.296925643264017,,
PST,2019,Post-demographic dividend,45864.97046829697,79.4035491943359,3.1651060534382665,115443.5065172572,21.883138859163772,74.95175490496908,60.72070574027449,4.941201275490788,,
PST,2020,Post-demographic dividend,44887.38351891486,80.0141830444336,3.1764642262493816,113813.95122592043,21.848067914713305,74.97546918608498,59.858957169891134,6.727514681484474,,
PST,2021,Post-demographic dividend,50022.03892287865,80.952278137207,3.114237727407194,118545.20952822544,21.64195841841407,75.24380423162378,60.05077674336266,5.803617308614721,,
PST,2022,Post-demographic dividend,51102.356266107745,79.9029769897461,2.65600275015629,121703.54988999316,21.404825820706847,75.93917143415776,60.68438199393991,4.516093020070057,,
PST,2023,Post-demographic dividend,53961.34181045199,79.9221267700195,2.576434959900103,122174.6498351246,21.34245948348138,76.08110612721744,60.917172410148325,4.466412922510134,,
PYF,2000,French Polynesia,14978.324104667972,,4.40177916577945,,16.8358293704308,78.7612085078193,58.565,11.579,,
PYF,2001,French Polynesia,14640.936006229802,,4.28198736158618,,16.9934488955882,78.7245637428257,58.229,11.664,,
PYF,2002,French Polynesia,16004.058329211186,,3.86915590321994,,17.0388393669274,79.093141713662,57.882,11.713803292528493,298.494,34.964999999999996
PYF,2003,French Polynesia,19582.89363953116,,3.48633477295301,,17.2218688272122,79.2917963998348,57.512,11.753,,
PYF,2004,French Polynesia,21764.2203208782,,3.44461005655166,,17.391828503792,79.1635614396563,57.096,11.701,,
PYF,2005,French Polynesia,21984.193623071948,,3.54164421937291,,17.2330567826743,79.2252989979528,56.726,11.722,,
PYF,2006,French Polynesia,22330.86766590555,,3.65264384868072,,16.9640775670234,79.3832785842959,56.407,11.769,,
PYF,2007,French Polynesia,24888.17813373606,,3.51485406985851,,17.0364955881585,79.4496945648201,56.076,11.737672108667049,323.778,38.004
PYF,2016,French Polynesia,19690.077573458868,,2.39614632517766,,15.052224924882,82.5516287499404,55.761,11.715,,
PYF,2017,French Polynesia,20826.93124921722,,2.3139290382466,,14.96523897024,82.7208319915134,55.542,11.573,,
PYF,2018,French Polynesia,21925.616043938026,,2.24491916968225,,14.7951133325145,82.9609123291036,55.253,11.572,,
PYF,2019,French Polynesia,21582.58920468011,,2.17220968762095,,14.7787669099114,83.0480793739203,54.918,11.565,,
PYF,2020,French Polynesia,19966.48385038589,,2.15492193855809,,14.8258629372797,83.0201836284043,53.984,12.951,,
PYF,2021,French Polynesia,21982.9038942614,,2.12639319554177,,14.7772327128553,83.0963740916029,53.781,12.531,,
PYF,2022,French Polynesia,20738.649997166125,,2.09201835037024,,14.6488873660366,83.2600460662821,53.371,11.888,,
PYF,2023,French Polynesia,22774.141898873375,,2.05096983476185,,14.5508509241731,83.3981792410651,52.789,11.749,,
QAT,2000,Qatar,27535.182940934046,,2.59924714202,149242.62221344712,36.8674453482713,60.5330592056256,82.311,0.87,,
QAT,2001,Qatar,25870.799186431443,18.6874694824219,2.29347813366725,146160.07109506574,38.3922949994734,59.3142268668594,82.515,0.87,,
QAT,2002,Qatar,27226.659351011684,17.2873592376709,2.44333085211967,148280.3323251553,39.1183273075287,58.4385633772863,82.647,0.87,,
QAT,2003,Qatar,31602.470865136,15.7512302398682,2.59922084246409,145718.69689446755,39.9081047496705,57.4926744078655,82.925,0.87,,
QAT,2004,Qatar,41035.50083801774,16.8915996551514,2.74825009381781,168800.69692275993,41.0110297116938,56.2409241462579,82.213,1.4797369256506498,1332.399,19.716
QAT,2005,Qatar,53949.676409114654,14.7242298126221,2.86649660189162,170128.2909706706,41.1044903984794,56.0288217723707,82.493,0.87,,
QAT,2006,Qatar,62582.445313875534,12.8355398178101,2.96809418822461,173913.3339875207,41.5692769637653,55.4626288480101,83.841,0.8723290289227278,,
QAT,2007,Qatar,65954.3419525051,11.8196697235107,2.35270671407743,154349.68003644122,51.8631567783523,45.7842530532042,85.327,0.5172583743445617,2495.658,12.909
QAT,2016,Qatar,61253.63754827974,14.8163604736328,1.21584425434225,159274.28095528772,54.5548224694878,44.22933327617,87.475,0.1443373964692697,6163.130999999999,8.838000000000001
QAT,2017,Qatar,63279.855694933154,16.7774391174316,1.2462067014981,152662.27627810964,54.5024756005923,44.2513176979096,87.498,0.1344223208572041,2056.923,2.736
QAT,2018,Qatar,71039.8490579352,17.4458293914795,1.35416320553511,152786.56664633995,50.7659273448895,47.8799576044491,87.503,0.104712645170858,2091.953,2.181
QAT,2019,Qatar,66841.30134849194,21.0931396484375,1.5557460502938,151626.54287925348,47.054733182321,51.3895207673852,87.433,0.1043177788045628,6323.946,6.5969999999999995
QAT,2020,Qatar,51683.50543766771,23.7649192810059,1.35142799113719,140048.63266585718,44.3090969814392,54.3394750274236,87.105,0.1390419987521872,6395.1900000000005,8.892
QAT,2021,Qatar,71751.88312571691,31.281400680542,1.30790836594122,160399.90137502982,40.9200667390763,57.7720248949825,86.363,0.1358751371721271,6071.751,8.25
QAT,2022,Qatar,88701.46335227301,35.0854911804199,1.74292863689259,154792.9108139693,39.7097995135341,58.5472718495733,87.575,0.1312428259548513,6398.064,8.397
QAT,2023,Qatar,80195.87465085486,,1.71130457447487,156590.5627881446,39.3695531865117,58.9191422390134,87.55,0.13,,
ROU,2000,Romania,1659.929049105278,23.2870101928711,45.184072302591,38431.94544383111,25.802588104111,29.0133395932979,51.047,6.969153043950861,35128.458,2448.156
ROU,2001,Romania,1825.192993731835,28.0544300079346,44.3942497641606,40619.528250848045,25.860952588772,29.7447976470674,50.97,6.561478664523573,34678.86,2275.446
ROU,2002,Romania,2119.8550968455434,33.7016906738281,37.6929492296675,44217.25399747796,29.5922931627,32.7147576076325,50.876,8.111629328480996,31882.374000000003,2586.18
ROU,2003,Romania,2679.4062601615437,38.9063987731934,37.6844042429414,44665.10278382527,29.1350058657904,33.1805898912682,50.908,6.949900372881556,30202.620000000003,2099.0519999999997
ROU,2004,Romania,3494.9905644895534,41.7997398376465,32.5720337004004,49804.52510503422,31.0620282387166,36.3659261462149,50.809,7.719088544415954,30178.278,2329.488
ROU,2005,Romania,4618.003508029132,45.4637298583984,32.2904546244121,51948.902611602774,30.4546172685818,37.2549281070061,50.77,7.174446633954042,29457.129,2113.386
ROU,2006,Romania,5757.531273011785,54.1389312744141,30.6039709688512,56359.00242045885,30.7071245361775,38.6889044949712,50.794,7.269480718441722,30058.722,2185.113
ROU,2007,Romania,8360.337759165957,60.2831192016602,29.5296210523098,60631.35543145314,31.4056815402489,39.0646974074414,50.865,6.413094703264971,29982.81,1922.826
ROU,2016,Romania,9404.540058707147,49.911319732666,23.1030902719214,74585.40932351447,29.8807993353448,47.0161103927338,51.026,5.901436129839191,26935.935,1589.607
ROU,2017,Romania,10727.982200742588,50.5108184814453,22.776797276596,79067.45337536682,30.1243255395409,47.0988771838631,51.914,4.926936586707334,27359.658000000003,1347.993
ROU,2018,Romania,12502.262406193502,51.9943504333496,22.3065503239986,83891.72655204243,30.030767074701,47.6626826013004,51.903,4.18690906933524,27204.651,1139.034
ROU,2019,Romania,12992.032610467377,52.4439697265625,21.2406811224571,87205.33656597484,30.0725369196857,48.6867941645279,52.073,3.9116875405495666,27101.091,1060.11
ROU,2020,Romania,13082.300655955389,53.4911117553711,20.5051058665593,85594.11938429398,29.7285553853296,49.7663387481111,52.028,5.034804550319237,26918.463,1355.292
ROU,2021,Romania,14986.785490427405,55.2656097412109,18.8668863586479,90776.10208709395,32.3044208886376,48.8286927527145,52.472,5.589933724722226,24644.031,1377.585
ROU,2022,Romania,15557.882624758362,58.2390403747559,18.2374401330914,94435.85896929952,32.4083535960435,49.3542187832164,52.603,5.614444729650994,24812.426999999996,1393.08
ROU,2023,Romania,18404.27308717039,,17.8916250654529,98259.74484480856,33.1661548184931,48.9422073634212,51.642,5.58861888667758,24456.096,1366.758
RUS,2000,Russian Federation,1771.59411621094,55.2136611938477,14.4923890352544,44725.68740421587,29.2412746808921,56.2663362838535,61.316,10.58066384323024,218309.85600000003,23098.632
RUS,2001,Russian Federation,2100.3525390625,60.3866996765137,12.0449160662849,46973.50743433806,30.1770249400871,57.7780605086183,59.99,8.978383263114573,214639.935,19271.196
RUS,2002,Russian Federation,2377.52954101563,65.0104217529297,11.3358097402581,48136.385996802106,30.168203441079,58.495986818663,60.331,7.875203285083352,217071.387,17094.813
RUS,2003,Russian Federation,2975.123046875,69.0352096557617,10.8007707974498,52006.055517324254,30.2302707265613,58.9689584759889,60.013,8.20990840971622,216818.85,17800.629
RUS,2004,Russian Federation,4102.36474609375,69.818717956543,9.99899756020431,54877.79145555361,29.6306766255491,60.3703272740395,60.598,7.763326839776216,218953.953,16998.111
RUS,2005,Russian Federation,5323.455078125,72.2228012084961,10.1401186292056,57640.73871583708,29.2612648674769,60.5986179446611,60.933,7.124107247224661,220742.943,15725.964
RUS,2006,Russian Federation,6920.19970703125,73.4398880004883,9.87564580893926,62015.107586984996,28.9105397102564,61.2138144808044,61.238,7.054940979414518,223256.85,15750.639
RUS,2007,Russian Federation,9101.2392578125,76.1305465698242,8.85679709106318,65708.97817236092,28.8236739532493,62.3195303554854,62.027,6.0017075021552975,225866.772,13555.863
RUS,2016,Russian Federation,8663.158203125,83.8600387573242,6.71775626834065,72345.55961648186,26.9454248056486,66.336820320936,62.912,5.590922841453602,224103.522,12529.454999999998
RUS,2017,Russian Federation,10658.9130859375,81.7051010131836,5.90194336332789,73933.64062274962,26.9689153458951,67.1291398920077,62.523,5.238437167988664,223111.734,11687.568
RUS,2018,Russian Federation,11211.8876953125,81.5681076049805,5.8826283142682,75826.89495274429,26.8079089149589,67.3094613766864,62.484,4.871226695967362,222869.796,10856.493
RUS,2019,Russian Federation,11447.701171875,80.9520721435547,5.83327578042274,78166.24587072803,26.7845894761547,67.3821347434225,61.73,4.512794790538894,220246.044,9939.252
RUS,2020,Russian Federation,10108.3271484375,57.2232894897461,6.00081254394707,77508.76871295787,26.4988611587646,67.5003262972883,61.422,5.620226092521589,218668.35600000003,12289.656
RUS,2021,Russian Federation,12425.029296875,54.9542503356934,5.85299475638629,80869.73852170612,26.6248625513844,67.5221412811612,62.005,4.748603576619854,220067.391,10450.128
RUS,2022,Russian Federation,15619.6142578125,53.9151916503906,5.80426801108105,79314.0480990281,26.2921073821553,67.9036246067637,61.936,3.866797560936419,224605.707,8685.048
RUS,2023,Russian Federation,14159.3876953125,,5.6968201415488,82266.07577425367,26.3776231743143,67.9255566841369,61.689,3.0764180015008145,227920.263,7011.780000000001
RWA,2000,Rwanda,251.8692638609096,1.16361999511719,89.1615391263906,3436.9894675861988,2.46817495236018,8.37032707876313,62.555,11.731,,
RWA,2001,Rwanda,237.30884620090103,1.54308998584747,88.585819502754,3639.9122589143954,2.58233759992993,8.83180271842351,62.13,11.76,,
RWA,2002,Rwanda,234.0430167557329,1.87186002731323,87.7143116160061,4006.9912159902055,2.76352376828946,9.52220369157571,61.808,0.8946044334674157,,
RWA,2003,Rwanda,249.0122749822519,2.34143996238708,87.2758928150282,3986.583588445699,2.97469336705117,9.74941381792066,61.6,11.696,,
RWA,2004,Rwanda,269.54044633340214,2.73148989677429,86.4341508511004,4154.1597873010505,3.25757749031071,10.3082716585889,61.463,11.731,,
RWA,2005,Rwanda,324.0168638471888,2.85111999511719,85.3946998453536,4417.36178296187,3.59050832479765,11.0147918298488,61.373,11.854,,
RWA,2006,Rwanda,356.99502290115373,3.64229989051819,84.2830665016066,4678.268802187752,3.95462701514751,11.7623064832459,61.322,11.632,,
RWA,2007,Rwanda,426.2341834876285,3.88545989990234,83.2123494240805,4898.095050902249,4.33877839852032,12.4488721773992,61.293,11.626,,
RWA,2016,Rwanda,729.5191340446113,7.57807016372681,58.5853121142539,7330.052251148316,11.2893112647828,30.1254031669343,60.581,11.801,,
RWA,2017,Rwanda,758.3009667376243,7.34488010406494,53.0782445550883,7419.450998728651,13.3457221579826,33.5760591436662,60.461,11.875128621649738,12726.279,1511.2620000000002
RWA,2018,Rwanda,771.7735110579006,6.76095008850098,50.0974313419911,7728.493392435182,15.5029882171492,34.3995804408598,60.378,10.759341161351212,13147.133999999998,1414.545
RWA,2019,Rwanda,810.0514121373539,6.31429004669189,47.2697101203958,8520.968825453121,15.7102149063009,37.0200749733033,58.451,11.236305691399624,13208.772,1484.178
RWA,2020,Rwanda,778.7014987874107,7.56710004806519,50.1424164763227,7497.647173026172,17.209921203047,32.6476623206304,62.66,11.829372097758174,14675.724000000002,1736.046
RWA,2021,Rwanda,829.5448456397766,7.35958433151245,56.2465550713085,9088.403312836208,14.3611017199374,29.3923432087541,58.197,15.77471376311957,14034.093,2213.838
RWA,2022,Rwanda,975.4693239795414,7.41325998306274,55.2733289991941,9154.776242856611,14.4876333281089,30.239014487216,60.164,15.083936442755345,14973.650999999998,2258.616
RWA,2023,Rwanda,1027.0344680443206,8.88624000549316,54.7897074346423,8815.425144800893,14.4715843210015,30.7387082443562,63.664,12.352336856379386,15999.507,1976.313
SAS,2000,South Asia,440.2536675779128,8.18647003173828,59.58487748012341,8735.472074595946,15.682736573408704,24.732386402321097,59.45498231512752,7.207418197188248,,
SAS,2001,South Asia,446.4189193488711,8.76834964752197,58.567287790081934,8945.902013975487,16.19303822357883,25.23967443249836,59.32421945373597,7.269261476000977,,
SAS,2002,South Asia,462.8988364966721,9.04603958129883,57.427762841753875,9102.63926089137,16.74703004918895,25.825207109053796,59.18758854398813,7.40892084951567,,
SAS,2003,South Asia,532.66154684429,9.40468978881836,56.303495339246815,9581.837361466803,17.364146463332652,26.33235841171986,59.0476221198369,7.374957451474813,,
SAS,2004,South Asia,606.4780416962581,9.68348026275635,55.21685039333826,10095.863126590595,17.961303632759726,26.82184618384926,58.90510302727677,7.330400995887892,,
SAS,2005,South Asia,686.3381934754727,9.74098014831543,54.15286741656766,10651.649036029214,18.547440958903863,27.299691624528467,58.76586817995528,7.249344587258306,,
SAS,2006,South Asia,769.3877680774556,10.4603700637817,53.50188551865585,11396.52922564501,19.01664459804,27.48146988330803,57.94625165666261,7.160496521592063,,
SAS,2007,South Asia,967.697911561283,11.8647699356079,52.787150476743854,12174.324546339398,19.67372458818536,27.53912412424875,57.15709837827387,7.2019568008849895,,
SAS,2016,South Asia,1722.9070341514437,23.0947704315186,43.18790894218368,19537.14079114945,24.554411590614368,32.25767983380586,52.9907711033535,7.2425756837613795,,
SAS,2017,South Asia,1956.0670755418591,23.5852108001709,42.09904387415614,20454.1925838533,24.64323579935521,33.25772014161753,53.058753964418166,7.242855312067695,,
SAS,2018,South Asia,1988.366333179902,24.193229675293,41.12204162089856,21458.3489310936,24.722749630390425,34.15520909837159,52.915351112870574,7.27732361933033,,
SAS,2019,South Asia,2067.059756876371,25.2488307952881,40.43602822192435,21793.741139337148,24.62872452505748,34.935247598547406,52.804122026516545,6.298187322905559,,
SAS,2020,South Asia,1957.20343722686,25.7562503814697,43.84980270458348,20938.449289400967,23.29847821824895,32.85171907716757,52.15920320467816,7.612795419685334,,
SAS,2021,South Asia,2273.720557986886,27.1050205230713,43.28028274442506,21836.28850201335,23.956259962207177,32.76345712672306,53.126736843707015,6.3149174406514295,,
SAS,2022,South Asia,2385.083415784143,27.7098007202148,42.0430352499565,22329.940482436177,25.383385553117336,32.57357919237348,54.09994590501923,4.8693930342272065,,
SAS,2023,South Asia,2532.375600516906,29.0444602966309,42.5777819368934,23343.754550360263,24.493240789901904,32.92897727943822,55.03926055879872,4.305251765962449,,
SAU,2000,Saudi Arabia,11714.562367515857,17.9748592376709,7.20890750271799,193948.80871732568,24.4109062280753,68.3801648466412,48.995,4.57,,
SAU,2001,Saudi Arabia,10805.311325121997,19.7702102661133,7.14485873252461,185410.7211075474,24.2383324451796,68.6168088222958,48.37,4.618,,
SAU,2002,Saudi Arabia,10586.05434713628,21.1851902008057,7.10189759435398,175351.55908281612,23.9812436809373,68.9168587247087,47.976,5.265,,
SAU,2003,Saudi Arabia,11487.22041069298,26.1267395019531,6.99234628134994,179612.65110451152,24.0684705448241,68.939183173826,47.891,5.563,,
SAU,2004,Saudi Arabia,13154.497898944626,29.4974994659424,6.89058161625646,183263.85426129805,24.1172849300943,68.9921334536492,47.913,5.822,,
SAU,2005,Saudi Arabia,15975.747378225802,31.1733798980713,6.82500018131022,182019.90519899537,23.9533202736253,69.2216795450645,48.06,6.051,,
SAU,2006,Saudi Arabia,17563.614537063942,29.8706092834473,6.74957085223555,176068.92425301237,23.8386603588182,69.4117687889462,48.347,6.254,,
SAU,2007,Saudi Arabia,18596.15026278984,29.2581195831299,6.66535039705905,167599.90298502526,23.8737955079138,69.4608400423267,48.649,5.734,,
SAU,2016,Saudi Arabia,22267.721705038737,64.6551132202148,4.55611443023367,133235.52881362656,25.6815848312778,69.7623083069861,60.685,5.6,,
SAU,2017,Saudi Arabia,23929.290713598155,72.4816665649414,3.90583244339303,139472.1211023246,26.3491558814921,69.7450194947558,58.99,5.89,,
SAU,2018,Saudi Arabia,29360.065896856635,74.5258178710938,3.05227592298231,147831.45538359965,25.6554940966614,71.2922299803563,59.418,6.029,,
SAU,2019,Saudi Arabia,29566.79338274359,79.6130676269531,3.46928053856965,146094.08471463047,24.2500060265374,72.2807134348929,61.203,5.636,,
SAU,2020,Saudi Arabia,24338.830730106733,74.7805709838867,3.17080684901553,133717.5525768119,22.8973887508369,73.9318119143174,62.414,7.66,,
SAU,2021,Saudi Arabia,31920.765365564308,74.3924865722656,2.66552191411722,141331.55063038613,19.5388564261686,77.7956216597142,63.512,6.621,,
SAU,2022,Saudi Arabia,38510.22762110374,73.7492065429688,2.88413298908556,148001.84851646775,16.8831635682929,80.2327034426215,63.801,5.589,,
SAU,2023,Saudi Arabia,36156.848337700976,,2.83195875908925,138608.9945888793,16.345221122099,80.8228201188118,63.849,4.008,,
SDN,2000,Sudan,362.116882324219,6.41495990753174,51.6351025553825,18727.588065312153,14.9571369467049,33.4077759702634,50.838,15.608,,
SDN,2001,Sudan,451.293304443359,7.83400011062622,51.039850058028,19512.787646079945,15.1403609499978,33.8197889919742,50.558,15.568,,
SDN,2002,Sudan,506.262634277344,8.77309989929199,50.5380009412961,20243.536210979124,15.316283044804,34.1457308281287,50.272,15.514,,
SDN,2003,Sudan,580.320251464844,8.12551021575928,49.7708338424622,21127.742072565936,15.4488450630796,34.7803210944582,49.992,15.515,,
SDN,2004,Sudan,705.113342285156,9.83870983123779,48.9953021859015,21839.52674341305,15.5421006318145,35.4625828810447,49.704,15.539,,
SDN,2005,Sudan,905.543640136719,11.0538301467896,48.3783988321568,22651.268776025736,15.6529544498187,35.9686607586516,49.404,15.546,,
SDN,2006,Sudan,1132.474609375,12.4847202301025,47.5181631573309,23667.34979270586,15.7609164162884,36.7209204263808,49.112,15.542,,
SDN,2007,Sudan,1444.37219238281,12.2144804000854,47.3542029091845,24510.390204383068,15.8790716268596,36.7667254639559,48.81,15.531,,
SDN,2016,Sudan,1033.21594238281,,42.0399819583205,19529.494608532223,14.2595031190835,43.7005149225961,43.498,13.606,,
SDN,2017,Sudan,966.505676269531,,41.4510451013518,19156.13761703648,14.1751002231402,44.373854675508,42.392,12.953,,
SDN,2018,Sudan,731.027465820313,,41.0393905202671,18145.533135646692,13.9696874618078,44.9909220179251,41.359,12.303,,
SDN,2019,Sudan,709.975280761719,,40.7294174284763,17418.801062605053,13.7203676938588,45.550214877665,40.398,11.658,,
SDN,2020,Sudan,577.795227050781,,40.7998002623199,16857.41018223713,13.8430944849477,45.3571052527324,39.13,11.958,,
SDN,2021,Sudan,712.122009277344,,40.6717773976675,16262.312982128316,13.9363569661427,45.3918552228445,38.182,11.044,,
SDN,2022,Sudan,1046.24084472656,,39.7749696558281,15276.647882674848,13.9807790449455,46.2442512992264,37.523,7.530335722405885,29387.136,2212.95
SDN,2023,Sudan,797.283447265625,,,,,,,,,
SEN,2000,Senegal,603.2331624551578,,49.3587335991359,11243.703301092752,12.9689255998244,37.6723408010397,50.425,2.668,,
SEN,2001,Senegal,637.2135305637236,,48.4936998996972,11428.102101764733,13.1541930140534,38.3521070862494,50.35,2.7,,
SEN,2002,Senegal,669.4304473192087,,47.2327682011903,11143.081008600078,13.7595424472288,39.007689351581,50.246,5.639665924564168,11099.493,624.417
SEN,2003,Senegal,817.8880342214424,,45.3228570417563,11453.57508346822,14.6385224452244,40.0386542132924,50.15,2.794,,
SEN,2004,Senegal,918.1020795221552,4.90862989425659,43.4677516633705,11689.351839482371,15.5607932641504,40.971455072479,50.093,2.788,,
SEN,2005,Senegal,979.846101520171,5.40511989593506,41.6182863616398,11885.39872771804,16.5474900177075,41.8342236206527,50.043,2.703,,
SEN,2006,Senegal,1017.2019674798736,5.5802001953125,39.8434366347011,11877.48023623302,17.5317178480359,42.624845517263,50.0,10.026805589066116,10512.920999999998,1054.11
SEN,2007,Senegal,1188.9387780817513,6.20996999740601,40.9409228777984,12040.97890784455,15.4166978985348,43.6424100699563,49.497,2.808,,
SEN,2016,Senegal,1266.439571515872,11.130820274353,34.3318363145366,13381.12005341485,17.5127449708013,48.1553947252578,50.116,4.454978857740506,11688.675,520.728
SEN,2017,Senegal,1356.8051844903102,11.7735300064087,28.096983167743,15063.610166199094,18.7186917380006,53.1843250942564,46.002,4.077633319421022,11464.665,467.487
SEN,2018,Senegal,1452.556125624453,13.0590801239014,22.2450455610136,14600.403696429725,19.8152778083721,57.9396766306144,48.353,3.455,,
SEN,2019,Senegal,1431.1812893215913,13.3833703994751,22.9897379179827,13972.700221248417,21.1445194764195,55.8657635961724,50.712,2.862757184170229,14270.124,408.519
SEN,2020,Senegal,1461.087203505526,14.2285404205322,23.0874442332016,13883.168858342982,21.7400887494202,55.1724670173782,50.23,3.437,,
SEN,2021,Senegal,1598.1067695227428,15.7343301773071,22.6623294841823,14143.90999438615,22.168571563511,55.1690989523067,50.732,3.44,,
SEN,2022,Senegal,1574.0281059305996,16.8081398010254,21.9636274432434,14194.19952289624,22.258532870222,55.7778396865346,50.398,2.837081826555228,16536.111,469.143
SEN,2023,Senegal,1698.0338730084263,17.2958393096924,21.6384845456255,14349.646564558232,22.281848255413,56.0796487591876,50.29,2.8,,
SGP,2000,Singapore,23852.83895147527,,0.893415514568359,133638.8197371962,27.8294400021719,71.2770960044756,65.365,5.962735091097404,4729.799999999999,282.01800000000003
SGP,2001,Singapore,21699.741486890685,,0.884331771921484,128225.1671478974,26.3235380468651,72.7920828274371,65.461,3.764405391627842,4932.9,185.7
SGP,2002,Singapore,22159.837371063877,,0.838120770477509,136241.6631914319,25.7536636867033,73.4082155428192,64.622,5.6504794569038275,5003.700000000001,282.6
SGP,2003,Singapore,23730.384005456584,,0.851734893204091,144462.56247586026,25.6850256486969,73.463288025978,64.698,5.921997336530003,5119.200000000001,303.0
SGP,2004,Singapore,27608.08001342299,,0.831307498888569,156169.42733456785,24.7270578745212,74.4415866683868,64.569,5.844174580107316,5200.200000000001,303.9
SGP,2005,Singapore,29961.317281273157,,1.0685959892239,160650.42706070593,22.5333671810975,76.3980368296786,65.197,5.59,,
SGP,2006,Singapore,33768.452823465144,,0.920142951395577,164209.45830214728,23.1182899958587,75.9616101467394,66.08,4.476937395162037,5642.4,252.6
SGP,2007,Singapore,39432.88601988765,,0.791768953246462,170640.01483476817,23.4376174011798,75.7706136455738,65.497,3.9021973645189223,5754.299999999999,224.4
SGP,2016,Singapore,57005.58871765469,83.9409790039062,0.212687768000318,192039.28645806696,16.0990724492973,83.6882706383194,69.244,4.086107286452439,6772.799999999999,276.9
SGP,2017,Singapore,61236.251270626955,84.7929077148438,0.184732654396609,201366.325701543,15.8219446227773,83.9933227228261,68.943,4.2,,
SGP,2018,Singapore,66881.60670352653,88.8864517211914,0.160444774106376,206940.01870849292,15.9768266173562,83.8627286085374,68.581,3.613,,
SGP,2019,Singapore,65952.03789592929,91.0889892578125,0.139521533113822,204683.22303857256,14.908275562542,84.9522329606848,68.986,3.130636439682336,6985.5,218.7
SGP,2020,Singapore,61410.079263078835,93.1347732543945,0.124334821005821,200255.48262408047,14.8375653495702,85.038099829424,68.712,4.109997868258367,7036.5,289.20000000000005
SGP,2021,Singapore,80056.12882478436,97.0989074707031,0.107777523315759,224002.69238337872,14.4449594593278,85.4472630173565,70.686,4.639507610385625,7193.3279999999995,333.735
SGP,2022,Singapore,90299.0694637269,98.0222320556641,0.0909523095753335,225785.21718261723,14.5645762893911,85.3444714010336,69.734,3.591178576965956,7313.922,262.656
SGP,2023,Singapore,85412.23034523505,,0.0912979836973316,219257.12012267605,14.387398714929,85.5213033013737,69.373,3.4438158755647064,7308.666000000001,251.697
SLB,2000,Solomon Islands,953.1719013770598,,33.8860179052333,4866.356582020823,18.0153820025718,48.0981148555208,83.976,2.45,,
SLB,2001,Solomon Islands,911.7919353854104,,33.5893545438268,4349.611064997031,17.0095466068551,49.4006276446363,84.47,2.642,,
SLB,2002,Solomon Islands,756.8902964907919,,35.8892287374296,4114.407117651564,15.6847999046182,48.4259713579522,84.752,2.696,,
SLB,2003,Solomon Islands,895.9892726617156,,37.7941471907855,4266.916433430372,14.4717516015982,47.7345476461528,84.696,2.29,,
SLB,2004,Solomon Islands,986.081904026618,,38.2453600966129,4487.123159356225,13.9386752351015,47.8159646682856,84.603,2.031,,
SLB,2005,Solomon Islands,1144.457585132523,,37.800684352894,4714.265531839865,13.6298862540639,48.5690027391182,84.527,1.885,,
SLB,2006,Solomon Islands,1255.625890999753,,38.2211257004265,4811.636019370892,13.0040980178975,48.774776281676,84.565,1.92,,
SLB,2007,Solomon Islands,1390.1569662695977,,38.6997653391096,4892.329613540854,12.4386681763731,48.8619767308292,84.62,1.981,,
SLB,2016,Solomon Islands,2082.629890478709,,40.389600282562,5383.418204182207,9.41134917356609,50.1987512197458,84.23,0.734,,
SLB,2017,Solomon Islands,2143.5746524395863,,39.6501650734987,5335.944323633899,9.80999997121648,50.5395471200647,84.175,0.725,,
SLB,2018,Solomon Islands,2278.206339133834,,39.2554260700551,5273.719546054013,9.9600468473557,50.7845270825892,84.125,0.72,,
SLB,2019,Solomon Islands,2223.6650255956515,,38.5698796603437,5201.216981103959,10.159898231941,51.2702221077153,84.124,0.743,,
SLB,2020,Solomon Islands,2063.331015221083,,38.7577269090515,4944.4768907881935,10.2939196058187,50.9483534851297,83.331,0.864,,
SLB,2021,Solomon Islands,1996.8697677934845,,38.7270442955218,4914.243476151663,10.3685450874728,50.9046664977853,83.516,0.884,,
SLB,2022,Solomon Islands,2005.413993319798,,38.0874404798714,4864.685676035807,10.3496382412961,51.5629212788325,84.39,1.483,,
SLB,2023,Solomon Islands,2076.107687725632,,37.5652370138132,4846.6424867656015,10.6484571176163,51.7863058685705,84.356,1.455,,
SLE,2000,Sierra Leone,143.74374323964406,1.61407005786896,69.612879299113,5698.215781165371,3.49202967689389,26.8950910239931,64.613,4.08,,
SLE,2001,Sierra Leone,358.3157160515458,2.03906989097595,70.2844233828574,5037.145719204779,4.2454764758352,25.4701001413074,64.629,4.154,,
SLE,2002,Sierra Leone,388.99511121683577,1.92174005508423,67.4823808168419,6002.040375702932,5.64362340587312,26.873995777285,64.639,3.903,,
SLE,2003,Sierra Leone,413.8176073469269,,66.5639686973486,6308.093002550073,6.17429280837102,27.2617384942804,64.64,3.8492263495129095,5514.798000000001,212.277
SLE,2004,Sierra Leone,417.7499833292271,,68.4618074246073,6315.258286068949,6.50806049448399,25.0301320809087,66.11,3.420983398504812,6017.751,204.75599999999997
SLE,2005,Sierra Leone,462.6333244279451,,68.1789502689868,6513.861715163991,6.18826759101643,25.6327821399968,65.234,3.716,,
SLE,2006,Sierra Leone,580.26796974773,,67.7670538815753,6738.169001294993,5.89998216941508,26.3329639490096,64.348,3.889,,
SLE,2007,Sierra Leone,631.8899262649983,,66.790400622452,6931.273788129538,5.75758005559923,27.4520193219487,63.452,4.007,,
SLE,2016,Sierra Leone,844.4164111754764,,52.7785160313691,8801.474421160556,7.85959414266871,39.3618898259622,55.435,4.294,,
SLE,2017,Sierra Leone,779.1860078417283,,49.1416174904368,8887.646563561233,9.21279136998137,41.6455911395818,54.675,3.834,,
SLE,2018,Sierra Leone,845.9145404609322,,46.1946951024752,8935.385991878768,10.5784094189345,43.2268527770519,53.912,3.1924767677072072,7964.13,254.253
SLE,2019,Sierra Leone,844.0495551791156,,44.7159865627158,9171.792501895105,11.0307540317254,44.2532594055589,53.782,3.203,,
SLE,2020,Sierra Leone,845.9829142845655,,44.5264789287024,8905.158649790492,11.5380499031463,43.9354711681513,53.271,3.508,,
SLE,2021,Sierra Leone,886.1929391044689,,44.190707122422,9119.728801651958,11.6241953923546,44.1850974852233,53.512,3.556,,
SLE,2022,Sierra Leone,860.774590932595,,43.5110084851181,9228.84881824818,11.5931394785181,44.8958520363638,53.868,3.175,,
SLE,2023,Sierra Leone,757.8486805604443,,43.0317292447624,9486.97050374374,11.6233391103408,45.3448947311108,53.787,3.153,,
SLV,2000,El Salvador,1982.870935426154,19.6949100494385,21.6153012111793,20949.617553181237,24.2343298105567,54.150368978264,61.538,6.96,,
SLV,2001,El Salvador,2058.044590704517,18.8956108093262,21.8081532779274,21121.58910026599,23.613243835926,54.5786495739504,60.947,6.96,,
SLV,2002,El Salvador,2115.4118735562624,19.6349601745605,19.7472233109382,21288.604541342913,24.3293277850513,55.9234952323505,60.35,5.716370092065604,7718.931,442.09800000000007
SLV,2003,El Salvador,2207.830895180691,20.4657306671143,18.241886502804,21097.13821161113,24.5699487111797,57.1881647860163,61.766,6.271812045995842,8121.816,508.2809999999999
SLV,2004,El Salvador,2285.6890743889217,21.5153293609619,19.1294061569674,21622.061175773342,23.6903506189893,57.1802432240434,60.242,6.048422794235243,8130.711,492.0750000000001
SLV,2005,El Salvador,2447.3914084539406,22.3210601806641,19.9923080949336,22005.46219139459,22.2114454637104,57.796246441356,60.6,6.117956107356788,,
SLV,2006,El Salvador,2665.618071948525,23.1474609375,18.8601929773877,22524.560668061407,22.9831880428857,58.1566189797266,60.921,6.535327638874048,7503.984,492.711
SLV,2007,El Salvador,2830.6569377073274,24.6517906188965,18.0201700491648,22522.92199625363,23.3971693543261,58.5826167581063,61.389,6.424046155650046,7757.187,499.713
SLV,2016,El Salvador,3901.3401496581087,27.0054702758789,18.6788431425272,24185.477582459334,21.0988089777454,60.2223478797273,59.261,4.418320583931372,8559.224999999999,378.174
SLV,2017,El Salvador,4020.126713739188,27.4678001403809,18.5748029792565,24599.31427817272,21.8856561818393,59.5395408389042,59.006,4.385006747019429,8634.923999999999,378.642
SLV,2018,El Salvador,4183.546209713581,28.0338802337646,16.7082714408569,25035.774750820132,22.2038151825502,61.0879524665781,58.729,4.00566224374936,8795.099999999999,352.302
SLV,2019,El Salvador,4320.116715346275,28.3688907623291,16.2939615585558,25056.097368215476,22.5086158696987,61.1973843808337,59.887,4.169952314309694,9103.989,379.632
SLV,2020,El Salvador,3997.192795837087,30.8192100524902,15.7957401505572,24405.81112450882,23.3538893127351,60.8503705367077,56.752,5.0080931935929405,8640.594,432.729
SLV,2021,El Salvador,4642.607431013421,30.1295890808105,14.8723323643304,25801.315838921993,23.8994744948981,61.2281931407715,59.173,4.326457488470773,8670.789,375.138
SLV,2022,El Salvador,5074.602102218056,31.2823791503906,14.9736912184685,25572.568754181797,23.4297835609142,61.5965252206173,60.08,2.9986228702557947,8846.661,265.278
SLV,2023,El Salvador,5365.444913991706,32.2285118103027,14.7538088181169,26036.224888499597,23.3870335662876,61.8591937343989,60.48,2.9923663317965916,9112.788,272.688
SMR,2000,San Marino,37600.70773796005,62.8418884277344,,,,,,2.2441275167785233,,
SMR,2001,San Marino,39035.10342904454,,,,,,,2.613879547538979,,
SMR,2002,San Marino,41790.8432718184,,,,,,,3.5572924495215186,,
SMR,2003,San Marino,52529.909370105925,,,,,,,3.143772527032439,,
SMR,2004,San Marino,58232.0176184948,,,,,,,2.819172326183613,,
SMR,2005,San Marino,59877.80058397368,,,,,,,3.2267371964414524,,
SMR,2006,San Marino,63270.778075515744,,,,,,,2.7948049523389016,63.87,1.785
SMR,2007,San Marino,70124.46343856241,,,,,,,2.597932535364526,66.168,1.719
SMR,2016,San Marino,44359.47976626884,,,,,,,6.445222519119138,65.118,4.197
SMR,2017,San Marino,45192.027976694255,,,,,,,8.463661453541858,48.915,4.14
SMR,2018,San Marino,47950.688055713574,45.4210205078125,,,,,,8.402279830851258,48.951,4.1129999999999995
SMR,2019,San Marino,46627.01223569437,50.2355690002441,,,,,,8.110245801898271,49.308,3.999
SMR,2020,San Marino,44426.64634006585,55.0960998535156,,,,,,7.91172312042786,48.801,3.861
SMR,2021,San Marino,54168.98282626837,57.6704483032227,,,,,,6.307023452329926,48.992999999999995,3.09
SMR,2022,San Marino,54264.57049589801,53.7988815307617,,,,,,4.914595794536598,48.651,2.391
SMR,2023,San Marino,,51.1357307434082,,,,,,,,
SOM,2000,Somalia,386.1192744012752,,37.7856788387255,4830.356631414493,13.3209450367215,48.8933761245529,34.102,18.98,,
SOM,2001,Somalia,244.91484253845545,,37.6768259342207,4982.192738419889,13.2989281460897,49.0242459196896,34.137,19.076,,
SOM,2002,Somalia,229.5989183100392,,37.2479108876498,5170.1864380610605,13.4576316965882,49.2944574157621,34.173,19.077,,
SOM,2003,Somalia,286.27302519897466,,36.7796875925532,5369.652969331727,13.6496200308714,49.5706923765754,34.214,19.081,,
SOM,2004,Somalia,375.4103262253873,,36.3164923378433,5547.026809283417,13.8369120980821,49.8465283551214,34.275,18.992,,
SOM,2005,Somalia,439.9799078054776,,35.8369245413356,5755.486985541735,14.0220205778009,50.1410548808635,34.375,18.997,,
SOM,2006,Somalia,457.99666220665927,,35.3268531525272,5967.180932208103,14.2253576481685,50.4477891993042,34.508,19.002,,
SOM,2007,Somalia,479.6356280652894,,35.1254188792796,6188.0009562084915,14.1290545573511,50.745588174589,34.606,18.981,,
SOM,2016,Somalia,460.928490585175,,28.7962923605874,9482.10133218718,16.6145534589813,54.5891541804313,34.163,18.578,,
SOM,2017,Somalia,510.93995231772567,,27.8159145394149,10445.752339435052,16.9478545893427,55.2362308712424,34.121,18.523,,
SOM,2018,Somalia,509.52580189850846,,27.3790355284729,10303.181251844102,17.0199215264971,55.6009986247415,34.071,18.738,,
SOM,2019,Somalia,539.8939315654069,,26.8861095411599,10211.629342288245,17.1080258898847,56.0058645689555,34.03,18.82830143894867,3829.671,721.062
SOM,2020,Somalia,518.1847784943341,,26.921042844376,9703.214584185727,17.4882926489231,55.5906645067009,33.707,19.413,,
SOM,2021,Somalia,549.1147427217014,,26.8580344922864,9686.817944555478,17.7771252776147,55.364840230099,33.729,19.662,,
SOM,2022,Somalia,573.1280924723494,,26.2819153460372,9508.233029269457,17.810823074457,55.9072615795058,33.906,19.05,,
SOM,2023,Somalia,597.4588546030427,,25.9853408933757,9571.764532104738,17.865321502551,56.1493376040733,33.9,18.941,,
SRB,2000,Serbia,974.7254692786152,,26.6549293618574,27539.031747491896,26.3866020695943,46.9585007961837,55.191,12.6,,
SRB,2001,Serbia,1812.42088281393,37.8156318664551,26.0534042925741,29582.374909912396,26.3023496352555,47.6442135260411,54.88,12.8,,
SRB,2002,Serbia,2390.7345944710696,35.6683082580566,25.1621560356644,31959.512149584534,26.6359432954295,48.2019006689061,54.594,13.8,,
SRB,2003,Serbia,3153.901131275404,39.5812683105469,24.4950101152033,34113.64416711098,26.6207772200543,48.8842126647424,54.349,15.2,,
SRB,2004,Serbia,3597.087980570085,41.0537910461426,24.0504265377256,38143.10560853568,26.949327311095,49.0002461511795,53.952,18.5034432783636,,
SRB,2005,Serbia,3807.974173217865,44.4134788513184,23.3208257232074,41855.53123782757,27.5821893595711,49.0969849172215,53.663,20.846203898713487,10359.879,2159.643
SRB,2006,Serbia,4492.7136699046005,47.0758094787598,20.5381228747627,43784.23233161527,29.3013468824664,50.160530242771,53.403,20.850878955963747,9971.148,2079.072
SRB,2007,Serbia,6081.087657002025,48.4248886108398,20.8074804368959,45621.28696749311,29.4538801275384,49.7386394355657,53.503,18.063401351689997,9723.627,1756.416
SRB,2016,Serbia,5982.370301264708,62.9142799377441,18.612142901193,49117.01708450628,24.4254908894122,56.9623297181452,52.972,15.25741847345105,9627.048,1468.839
SRB,2017,Serbia,6548.036538241869,67.5830535888672,17.2176323250274,48946.56803623014,25.2983195850011,57.4840480899715,53.555,13.47697804307174,9689.88,1305.903
SRB,2018,Serbia,7559.861657473944,68.3218307495117,15.9255227748659,50661.35180314708,26.9044565311354,57.1700206939987,53.962,12.732649370788147,9735.036,1239.528
SRB,2019,Serbia,7755.632986436999,69.0413818359375,15.6121107901402,51854.55308842053,27.4283249776839,56.9595642321759,54.063,10.394792947676107,9709.14,1009.245
SRB,2020,Serbia,8098.709556688485,68.5755081176758,14.5635631567291,51582.03638670032,27.9473737093142,57.4890631339567,53.373,9.01075826018928,9540.762,859.6949999999999
SRB,2021,Serbia,9680.527980744677,69.2907028198242,19.749912387564,53396.49828089534,28.0653839093503,52.1847370792517,56.736,9.842877748606249,9727.521,957.468
SRB,2022,Serbia,10022.968854340246,72.0334320068359,19.4821073811247,54500.781580261,28.285623809651,52.2322688092242,57.637,8.438571791587238,9787.059,825.8879999999999
SRB,2023,Serbia,12281.505848830267,73.2060012817383,19.1598606586633,57246.84259557552,28.2245012347844,52.6156381065523,57.229,8.267525172757784,9899.988,818.4839999999999
SSA,2000,Sub-Saharan Africa (excluding high income),683.5155126612058,4.35862016677856,59.19675287647806,9089.254065329853,10.779771245684389,30.023477599475143,72.98696293194641,6.776075592069866,,
SSA,2001,Sub-Saharan Africa (excluding high income),637.230082799048,4.74699020385742,58.77896897840151,9208.466904614308,10.850934666515023,30.37009552806078,72.88584937409512,6.709381975207918,,
SSA,2002,Sub-Saharan Africa (excluding high income),677.3518225377555,5.10666990280151,58.37680015283474,9513.964699969594,10.911804118736912,30.711397764310988,72.74099062046974,6.608248205486213,,
SSA,2003,Sub-Saharan Africa (excluding high income),832.6701112687118,5.49019002914429,57.79610050914648,9650.329945747744,10.927142080962096,31.276758597927643,72.65389637598327,6.540755298489125,,
SSA,2004,Sub-Saharan Africa (excluding high income),1009.772733034607,5.73463010787964,57.06013596686832,9995.892036267189,11.063702377626903,31.87616165554222,72.53844403904559,6.406732836914141,,
SSA,2005,Sub-Saharan Africa (excluding high income),1168.396548578207,6.04545021057129,56.502732251987446,10311.577968845131,11.012464781716403,32.48480184243219,72.44098580173728,6.329741732684492,,
SSA,2006,Sub-Saharan Africa (excluding high income),1340.656595390102,6.23184013366699,55.80673541474568,10653.967035171469,10.984577220608832,33.208686269548224,72.25914331562947,6.252256794592575,,
SSA,2007,Sub-Saharan Africa (excluding high income),1506.8744243889496,6.41691017150879,55.15177801141915,11021.887819409136,10.913976433282254,33.934246267421365,72.02841837778062,6.20867009522794,,
SSA,2016,Sub-Saharan Africa (excluding high income),1536.053591205586,9.03209972381592,49.534191001521535,12493.770955551525,11.864604211104089,38.601204496231965,69.69429275736995,6.366513641498368,,
SSA,2017,Sub-Saharan Africa (excluding high income),1630.6259589711922,9.17982959747314,49.24143712123092,12510.87444887457,12.043235550706886,38.71532704921367,69.24417741317149,6.502363384182623,,
SSA,2018,Sub-Saharan Africa (excluding high income),1708.8010863702932,9.29148960113525,48.70908599162231,12495.30239603755,12.149006502757103,39.14190642086843,69.04865154049911,6.5114416268507025,,
SSA,2019,Sub-Saharan Africa (excluding high income),1705.2146304761486,9.31357002258301,48.30210225554103,12477.299703472238,12.232533258717392,39.465364749737375,68.90963234154181,6.672058259882688,,
SSA,2020,Sub-Saharan Africa (excluding high income),1544.441120773495,9.42253971099854,48.7113039995175,12053.91657802358,12.533412859701748,38.75528262236439,67.94834069681625,7.1376611971795905,,
SSA,2021,Sub-Saharan Africa (excluding high income),1700.4219994391412,9.49602031707764,48.73865742156472,12130.09360000482,12.731738096549694,38.529604736308855,68.45997564860053,7.343540219846893,,
SSA,2022,Sub-Saharan Africa (excluding high income),1772.655354272208,,47.70043880878488,12076.705173590251,13.142159635909398,39.157402760907104,68.62914406191383,6.522162974789299,,
SSA,2023,Sub-Saharan Africa (excluding high income),1614.1390250169632,,47.39047287919147,11919.01870861071,13.268822767108816,39.340702689184475,70.48101352380156,6.1814480975101045,,
SSD,2000,South Sudan,,,65.3423645641405,,15.2325403759918,19.4250950598677,74.464,12.325,,
SSD,2001,South Sudan,,,64.7929498779831,,15.4277539316429,19.779296190374,74.474,12.286,,
SSD,2002,South Sudan,,,64.2572463845461,,15.6016662703219,20.141087345132,74.531,12.234,,
SSD,2003,South Sudan,,,63.7040937869155,,15.8014798338573,20.4944263792272,74.586,12.232,,
SSD,2004,South Sudan,,,63.2048597413897,,15.938542233504,20.8565980251064,74.546,12.256,,
SSD,2005,South Sudan,,,62.6664569687277,,16.1127023049791,21.2208407262932,74.426,12.266,,
SSD,2006,South Sudan,,,62.0625970514497,,16.3475798699423,21.589823078608,74.286,12.267,,
SSD,2007,South Sudan,,,61.4748837888966,,16.5343946688362,21.9907215422671,74.136,12.262,,
SSD,2016,South Sudan,,0.657831847667694,59.7176753205008,,14.0500346545922,26.232290024907,73.974,12.955,,
SSD,2017,South Sudan,,,59.9939314056622,,13.7343548342807,26.2717137600571,74.342,13.111,,
SSD,2018,South Sudan,,1.0021733045578,60.1045452655217,,13.5766623695263,26.3188200884379,74.303,12.952,,
SSD,2019,South Sudan,,,59.8959280047081,,13.5704286535445,26.5336433417474,73.922,12.709,,
SSD,2020,South Sudan,,,60.0004192337184,,13.6513885305418,26.3481922357398,73.219,14.319,,
SSD,2021,South Sudan,,,59.9145346287745,,13.7615370389458,26.3239033745145,73.489,14.029,,
SSD,2022,South Sudan,,,59.4520561631609,,13.7795474138341,26.768396423005,73.74,12.545,,
SSD,2023,South Sudan,,,59.2479056751547,,13.7293681231753,27.0227262016701,73.712,12.477,,
SSF,2000,Sub-Saharan Africa,628.8402666155812,4.35811996459961,61.06710462892728,8315.46276658017,10.335497340573047,28.597399567549253,73.83797686024127,6.435510932341375,,
SSF,2001,Sub-Saharan Africa,586.5738871837732,4.74646997451782,60.70422626737349,8428.729925523738,10.41646156915778,28.87931179896229,73.74800358946503,6.3414329744493125,,
SSF,2002,Sub-Saharan Africa,621.6935933250908,5.10611009597778,60.42921718519267,8693.807374267268,10.477175190088904,29.093609803729,73.6182039073474,6.237321273979362,,
SSF,2003,Sub-Saharan Africa,761.9602328385316,5.48963022232056,60.03462675672039,8800.055057865693,10.491894466142549,29.473479836255997,73.5403447599433,6.168585018488661,,
SSF,2004,Sub-Saharan Africa,922.869892282636,5.73406982421875,59.33994075837789,9123.020658650075,10.640710607593872,30.0193486340616,73.43653057319,6.022865216369306,,
SSF,2005,Sub-Saharan Africa,1067.920605851608,6.04485988616943,58.87760979865247,9416.104263796546,10.611434530550968,30.51095500386527,73.34889592965995,5.923487565737012,,
SSF,2006,Sub-Saharan Africa,1225.8318998305194,6.23119020462036,58.18962355320197,9731.957211968873,10.593552678185672,31.21682311930333,73.179917527891,5.836134352795272,,
SSF,2007,Sub-Saharan Africa,1379.846717702471,6.41622018814087,57.527465136414406,10072.398006998032,10.540454635169263,31.932080861168327,72.9678455395985,5.793449212861776,,
SSF,2016,Sub-Saharan Africa,1452.274200767763,9.03295040130615,51.66484281780441,11600.363300136234,11.363591399467882,36.97156552519645,70.37614622861149,5.941673768900487,,
SSF,2017,Sub-Saharan Africa,1542.2446487427642,9.18089008331299,51.26752825512487,11667.88359539979,11.493684463594157,37.238787034403025,69.80938541758054,6.077506409151429,,
SSF,2018,Sub-Saharan Africa,1612.7355316348985,9.29232978820801,50.67502815999352,11699.401132317016,11.560013586039345,37.7649572918507,69.46991767812966,6.1063279750562645,,
SSF,2019,Sub-Saharan Africa,1617.6688806924146,9.31449031829834,50.169353618977574,11739.263476344888,11.613307394478282,38.21733922111168,69.18118460392165,6.267921210760103,,
SSF,2020,Sub-Saharan Africa,1480.478642261376,9.42311000823975,50.42927379102441,11420.869726812163,11.879721555645618,37.69100419171314,68.09502677658323,6.803309525676999,,
SSF,2021,Sub-Saharan Africa,1621.1009701351288,9.49664974212646,50.32676225938724,11524.881017884736,12.038966802246016,37.6342711653546,68.43830718835761,6.987663395916696,,
SSF,2022,Sub-Saharan Africa,1696.439992869391,,49.34869574802616,11492.97315875662,12.421301041737552,38.23000428657696,68.56954654747685,6.198018531836617,,
SSF,2023,Sub-Saharan Africa,1580.7879275730909,,49.01506851099577,11372.83226688842,12.531231483883134,38.453698521133695,70.18502479283059,5.8877536169440114,,
SST,2000,Small states,4843.337118593246,9.91555023193359,19.205026885501763,43547.82814788332,23.232758491429475,57.562103840123505,58.91872454176597,10.431298561126688,,
SST,2001,Small states,4837.130241160182,10.717399597168,19.151407364540283,43944.16417925371,22.85190964630788,57.99666565588531,58.77794524068202,10.250272937757108,,
SST,2002,Small states,5129.728243079463,11.0761499404907,19.18470630924967,44656.07310091174,22.29591907966134,58.5194449044048,58.675012159648595,9.857189637054349,,
SST,2003,Small states,6055.638542909622,11.8346500396729,19.28624721674661,45873.69940605851,22.012920172848137,58.700815355590045,59.24240725338223,10.151405233192335,,
SST,2004,Small states,6950.246146131589,12.4561195373535,18.684357983800517,47086.8190554456,22.550841266625017,58.76486811325027,59.17342477560791,9.801964495340853,,
SST,2005,Small states,7767.22043234912,12.5821104049683,18.60849386457349,48323.99345863367,22.408847227398024,58.98260879760739,59.175027981615706,9.589443936131014,,
SST,2006,Small states,8636.715917805006,12.8209295272827,18.363015050613924,50096.64628331866,21.99471854271517,59.64223470295957,59.456336467927606,8.741905351470615,,
SST,2007,Small states,10035.959547175318,13.7362403869629,17.984123866117358,51257.41613313399,22.00095932634792,60.014979192572305,59.40285780243191,8.21151774869796,,
SST,2016,Small states,10444.272448405864,19.8674697875977,16.414648314633784,51453.63499466843,19.495270076878427,64.09003994620734,59.29695317386313,8.665295588909594,,
SST,2017,Small states,11271.793020106288,20.3756694793701,15.935002727067404,52044.82859723165,19.27592322437208,64.78906026466564,59.40293723386263,8.316062071891299,,
SST,2018,Small states,12009.786205081344,20.5870609283447,15.415486195525885,52651.46905949579,19.300465424028268,65.28404838081973,59.49734634173262,8.03500355150924,,
SST,2019,Small states,11958.510704168237,21.2356204986572,14.98396455519118,53396.30937493968,19.373563118978193,65.6425120119022,59.59594870687565,7.691148422571483,,
SST,2020,Small states,10699.291171364695,21.6175498962402,15.013633829451344,51468.60533378861,19.411774961224495,65.5745909751118,58.19082059428317,9.112836548731083,,
SST,2021,Small states,12369.063977611184,22.1159992218018,14.823248804153664,53905.87027783268,19.17332647545923,66.00339813583192,58.16902066093679,8.720825383331544,,
SST,2022,Small states,13598.11079914742,22.1540794372559,14.100695974333192,55952.589412624395,18.900291455901684,66.99899815525059,58.75253606905131,8.040391116834607,,
SST,2023,Small states,14222.96604801196,22.3221206665039,13.957616941256209,57448.64871585861,18.764381654343698,67.27800267591851,58.79813809533935,7.666090512707839,,
STP,2000,Sao Tome and Principe,529.0893834122617,,23.2908729694987,32422.903678075418,18.4410424214094,58.2622414397569,24.267,14.420949382969503,,
STP,2001,Sao Tome and Principe,518.88050130005,,23.2517482517483,33326.920010704685,18.7878787878788,57.960372960373,24.176,15.73421213979154,,
STP,2002,Sao Tome and Principe,568.1025725227101,,22.5266096667248,34380.65059797186,18.9321235386494,58.5354504740301,24.142,17.62548620114836,,
STP,2003,Sao Tome and Principe,663.6962118104944,,21.6959553695955,35710.919852068204,19.3584379358438,58.9511854951186,24.107,16.36078374137994,,
STP,2004,Sao Tome and Principe,726.5608821304438,,20.7840798178072,35935.85748244392,19.5586162021473,59.6627263854246,24.081,16.118260462028157,,
STP,2005,Sao Tome and Principe,844.1691818842738,,19.9182242990654,37521.476134683064,19.928844519966,60.1529311809686,24.062,16.470632586895874,,
STP,2006,Sao Tome and Principe,861.9707076976637,,19.0758047767394,39940.43410334789,20.3686396677051,60.5555555555556,24.052,16.65039612510795,,
STP,2007,Sao Tome and Principe,878.8857919187451,,18.3761758639771,40103.86738351315,20.5895668796217,61.0342572564012,24.055,16.024,,
STP,2016,Sao Tome and Principe,1434.8701805052076,17.6945915222168,13.220022558438,42689.12282257636,22.3639687293376,64.4160087122244,23.969,9.686,,
STP,2017,Sao Tome and Principe,1555.794778128885,17.4019470214844,12.5496575990314,43234.20531163276,22.3714577579358,65.0788846430328,23.88,8.809771309771309,69.26400000000001,6.101999999999999
STP,2018,Sao Tome and Principe,1825.5997175396567,10.1252269744873,12.0112872684068,44287.582409265175,22.3814651171425,65.6072476144507,23.771,8.714,,
STP,2019,Sao Tome and Principe,1935.2931816595997,10.2885818481445,11.697892699317,44437.18486532219,22.424308827289,65.877798473394,23.644,8.831,,
STP,2020,Sao Tome and Principe,2167.220017969252,,11.7197826406227,45848.05900267251,22.7566456160963,65.5272433543839,23.091,9.686,,
STP,2021,Sao Tome and Principe,2362.5882724810217,16.6602973937988,11.6551602053461,45051.50181874894,22.9031687024252,65.4416710922287,23.21,9.6,,
STP,2022,Sao Tome and Principe,2389.7372978473672,,11.3080848777867,42792.72101335195,22.7974751544453,65.8944399677679,23.625,8.992,,
STP,2023,Sao Tome and Principe,2940.933529267149,,11.1005692599621,41854.53966015007,22.7344107832232,66.1617483478375,23.59,9.071,,
SUR,2000,Suriname,1988.2217292543255,,6.80795913699779,58941.02118527303,21.1847221163376,72.0073187466646,47.169,12.983,,
SUR,2001,Suriname,1714.648466372421,,7.25125620863924,58327.81886338629,21.7334955181951,71.0152482731656,47.729,12.148,,
SUR,2002,Suriname,2202.3406821960007,11.2761201858521,7.77191013556778,57019.114887994496,22.4791897604671,69.7489001039651,48.289,11.243,,
SUR,2003,Suriname,2516.1040402095623,,8.14811898340453,57767.13052014483,23.0899462566687,68.7619347599268,48.85,10.359,,
SUR,2004,Suriname,2887.7721728843953,,8.43745072687711,60241.08162847591,24.1001545205134,67.4623947526095,49.411,9.487583854293003,519.336,49.275000000000006
SUR,2005,Suriname,3453.428659377645,,8.32359992623102,61359.8370257168,24.0990963299932,67.5773037437757,49.972,9.263,,
SUR,2006,Suriname,5002.657986957588,,8.67649703290775,63295.29167385979,23.6642090751064,67.6592938919859,50.533,9.096,,
SUR,2007,Suriname,5530.176156383091,,8.53239925850989,64905.94143875537,23.6797324086148,67.7878683328753,51.094,9.004,,
SUR,2016,Suriname,5644.2061057531955,,7.6822426473964,59232.312416997,25.5612586886059,66.7564986639977,56.115,7.916966036856516,617.9639999999999,48.924
SUR,2017,Suriname,6049.521285536751,,7.72711875889168,59181.48859488529,25.7674502630806,66.5054309780277,56.139,7.888,,
SUR,2018,Suriname,6665.741804722391,,7.57508022573863,60868.998199448346,25.8745158791634,66.5508465198628,56.32,7.693,,
SUR,2019,Suriname,6629.667752486033,,7.65684785116376,60561.085635244286,25.8704821768257,66.4731052675108,56.323,7.556,,
SUR,2020,Suriname,4755.392217106932,,7.74491530069623,53405.41791731676,26.2485609341593,66.0060669188458,53.549,8.76,,
SUR,2021,Suriname,5029.848385439529,8.80173969268799,7.68274811472453,50802.30363675727,26.4807151797526,65.8365367055229,54.052,8.491,,
SUR,2022,Suriname,6084.438767364452,5.9513897895813,7.43493772845667,51129.45410753491,26.3519163000416,66.2131459715017,54.125,8.16,,
SUR,2023,Suriname,5494.074094255166,,7.35899162980664,51380.66688006922,26.3225634843343,66.318444885859,54.185,7.631,,
SVK,2000,Slovak Republic,5421.6448441887,28.710729598999,6.65093090553019,46981.4355842732,37.2577007119194,56.0913207561548,59.662,18.546,,
SVK,2001,Slovak Republic,5712.47802761654,30.8164901733398,6.15075264981992,47984.40622376652,37.5990409411685,56.2502064090116,60.199,19.148,,
SVK,2002,Slovak Republic,6554.628083694613,32.7422409057617,6.17551118572673,49596.578833681255,38.4088505121781,55.4156383020952,59.926,18.541,,
SVK,2003,Slovak Republic,8675.396336964648,34.5505905151367,5.79394460492561,50734.62130631808,38.3328012634875,55.8732541315869,60.304,17.549,,
SVK,2004,Slovak Republic,10650.129009712562,36.6599617004395,5.06769351111372,53779.53571583387,39.0786794521501,55.853581239083,60.072,18.206,,
SVK,2005,Slovak Republic,11641.54103217625,40.7710609436035,4.74776474522095,56199.763893133255,38.823096898643,56.4291383561361,59.463,16.276,,
SVK,2006,Slovak Republic,13167.89547303789,45.0326881408691,4.38813094339376,59264.594450991746,38.8140080800785,56.7978609765277,59.062,13.395,,
SVK,2007,Slovak Republic,16110.48172652373,50.5563583374023,4.21025276718218,64076.01088485778,39.3757062062927,56.4140410265251,58.722,11.16,,
SVK,2016,Slovak Republic,16636.076913307334,50.3014488220215,2.88632408906964,74409.01304747068,36.468117939712,60.6455579712183,60.008,9.679,,
SVK,2017,Slovak Republic,17645.529871676117,49.1256103515625,2.70730621883023,75417.92996213434,37.1569444158493,60.1357493653204,59.894,8.142,,
SVK,2018,Slovak Republic,19573.37170313141,47.8138313293457,2.2992409381996,77377.01735672817,36.5037484653835,61.1969715600682,59.727,6.544,,
SVK,2019,Slovak Republic,19406.058968358197,48.1902389526367,2.78639044870215,78700.2669357374,36.0961341001597,61.1174754511381,59.556,5.761,,
SVK,2020,Slovak Republic,19735.485828080054,48.3790016174316,2.58256950936849,78296.76006838672,36.5549536947828,60.8624767958487,58.906,6.719,,
SVK,2021,Slovak Republic,22132.44830289481,50.7342491149902,3.21456016524872,81372.35693481752,36.4815871113483,60.303852723403,60.201,6.894,,
SVK,2022,Slovak Republic,21334.6011006572,52.4959106445312,2.54042786432617,80075.34563605033,35.8416393650029,61.6179706501906,61.157,6.143,,
SVK,2023,Slovak Republic,24673.54829791439,,2.37499752214825,81516.47904766566,34.9115659387206,62.7134365391312,61.193,5.84,,
SVN,2000,Slovenia,10135.721910921158,55.3705101013184,9.57661705899328,66551.01088890614,37.6631320688706,52.7601394526406,57.741,6.91766181384845,2879.9759999999997,199.22700000000003
SVN,2001,Slovenia,10375.625586986062,60.8455085754395,9.90221651308804,67079.556347136,38.645012736321,51.4527707505909,57.789,5.682141810542304,2907.3720000000003,165.201
SVN,2002,Slovenia,11639.129778047698,66.6545715332031,9.57714312825235,68371.68461885938,38.7886211648404,51.6342357069072,58.377,5.922010844066565,2941.332,174.18599999999998
SVN,2003,Slovenia,14711.674874253047,69.6047668457031,8.39635972591296,72682.68929155618,37.1429491908033,54.4606910832837,56.712,6.478532343628558,2875.605,186.297
SVN,2004,Slovenia,17103.82977839046,73.348876953125,9.69428393353264,72247.23491735692,36.3832754085546,53.9225462958072,59.091,6.011561612742619,3018.783,181.476
SVN,2005,Slovenia,17969.70959071607,81.2728118896484,8.98265880130846,74777.34825086416,37.1152819642479,53.9020592344436,59.342,6.505669030281122,3045.759,198.147
SVN,2006,Slovenia,19563.005059144023,85.2738876342773,9.49301200613398,78144.79827075076,35.525626799985,54.981361193881,59.467,5.950264431191628,3066.015,182.436
SVN,2007,Slovenia,23725.159600151535,87.2651672363281,9.71396637204987,81428.67084538212,35.3138952274505,54.9721384004996,59.987,4.818260869565218,3105.0,149.607
SVN,2016,Slovenia,21447.83777960361,79.4747467041016,4.94199199521152,89172.99117010208,33.203191012657,61.8548169921315,56.843,8.000108589205027,2983.722,238.70099999999996
SVN,2017,Slovenia,23303.07770595903,79.2703475952148,5.46182644878039,89695.3922018196,33.2926969162904,61.2454766349292,58.552,6.564426501648366,3079.416,202.146
SVN,2018,Slovenia,25888.04810656553,77.3015975952148,5.32602049588526,91315.61184271643,33.4064820551637,61.267395712203,58.945,5.107973261183429,3100.212,158.358
SVN,2019,Slovenia,25814.168716757213,76.4720077514648,4.24234869169165,94133.72142889956,34.1215209578654,61.636130350443,58.383,4.446175571271853,3084.696,137.151
SVN,2020,Slovenia,25392.06510936123,75.8166809082031,4.01115320144424,91106.34921536937,34.0736833621209,61.9151634364348,57.811,4.970632102100205,3087.555,153.471
SVN,2021,Slovenia,29187.369382785007,82.2400436401367,3.99663428655099,97320.3692815792,30.0373879014837,65.9660781014006,58.38,4.744252169223982,3059.8500000000004,145.167
SVN,2022,Slovenia,28373.83822659993,82.3922576904297,4.27115340788533,97791.84699429107,30.1810819731393,65.5477646189754,59.053,4.010567136749807,3082.008,123.606
SVN,2023,Slovenia,32610.11092272899,,4.03410635710381,99531.720410365,32.1613485497339,63.804446939723,58.677,3.652196099091528,3080.6669999999995,112.512
SWE,2000,Sweden,29632.773610159937,67.6448364257812,2.90568215791663,100146.90493845232,24.3735375863302,72.7207802557532,61.995,5.465872697241181,13091.687999999998,715.575
SWE,2001,Sweden,27259.480673543498,70.0115203857422,2.6417721498581,99152.82410077038,23.7475533495879,73.6106975305614,62.688,4.730254271969312,13664.424,646.3620000000001
SWE,2002,Sweden,29957.93876526156,74.7414321899414,2.52406945017007,101186.18135992336,22.9686597352533,74.5072937936689,62.651,4.965100645615652,13725.039,681.462
SWE,2003,Sweden,37292.42143430041,80.4902877807617,2.54662845693336,103133.4225826264,22.5941867933663,74.8591847497003,62.64,5.554646465479486,13823.346,767.838
SWE,2004,Sweden,42758.20155034174,83.0349807739258,2.48513701229589,108424.64184576322,22.365305188846,75.1495577988581,62.41,6.693079559459961,13859.898,927.654
SWE,2005,Sweden,43378.61521171487,81.7390899658203,2.31994284615477,110507.68699067096,22.0420446944542,75.6380354607776,63.236,7.8102418901579025,14144.85,1104.747
SWE,2006,Sweden,46531.60011205721,79.3352279663086,2.22674144148395,113534.5687012599,21.9131965241043,75.8600846104405,63.335,7.065835874832362,14298.648,1010.319
SWE,2007,Sweden,53568.56455232127,75.3943710327148,2.25116681897126,114227.47814568426,21.645743396424,76.1030677805696,63.702,6.160894341505231,14516.334,894.336
SWE,2016,Sweden,51820.39724826757,68.306037902832,1.88551945651131,121229.08830800124,18.1994641845579,79.9150368537074,64.099,6.989980297027847,15836.697,1106.982
SWE,2017,Sweden,53300.85872817852,70.4342498779297,1.83096270302102,121054.44117072044,18.1651582664552,80.0038991291275,64.418,6.718341213246576,16149.924,1085.007
SWE,2018,Sweden,54181.90697809045,73.4083786010742,1.73134830182895,121389.868762259,18.1788209466642,80.0898505293033,64.529,6.364906876796095,16331.268,1039.47
SWE,2019,Sweden,51773.04645589933,75.1148529052734,1.68891488560038,123710.0147493294,18.4205700552083,79.8905150591913,64.613,6.8325607750770665,16523.673,1128.99
SWE,2020,Sweden,52653.75659342474,79.1196365356445,1.72751125387053,123001.88541570977,18.3128038564985,79.9597048318107,64.196,8.290891996062392,16566.396,1373.502
SWE,2021,Sweden,61174.96802156223,85.9426193237305,1.97265666066433,129612.3020963048,18.1450136411224,79.8823296982132,64.389,8.802725443799245,16793.742,1478.307
SWE,2022,Sweden,55296.93714725353,83.8976135253906,1.86057053256374,127769.38229629856,17.2388778682109,80.9005515992253,64.749,7.416752915965974,17034.921,1263.438
SWE,2023,Sweden,55567.0890080496,,1.77000108662705,126414.44659012492,17.2936504759236,80.9363484374494,65.027,7.611122221673909,17325.855,1318.692
SWZ,2000,Eswatini,1668.974913306401,4.29602003097534,18.9532509673876,27024.122480257287,26.2450268101573,54.8017222224551,53.79,24.502,,
SWZ,2001,Eswatini,1467.538902382802,,18.6098747972214,27095.153048639862,26.1594775591698,55.2306476436088,53.531,25.178,,
SWZ,2002,Eswatini,1351.8655018291936,4.42417001724243,18.264163100765,28083.71177849762,26.1742693343467,55.5615675648884,53.312,25.716,,
SWZ,2003,Eswatini,2060.1841813578935,,17.836656202232,29022.61749184459,26.0712348580727,56.0921089396953,53.131,26.216,,
SWZ,2004,Eswatini,2581.241727930454,5.32836008071899,17.3033625072662,29961.35510102116,26.0584079056173,56.6382295871165,52.981,26.69,,
SWZ,2005,Eswatini,2945.3639487231085,4.68316984176636,16.9731911920338,31700.27417032547,26.1542170446977,56.8725917632685,52.856,27.204,,
SWZ,2006,Eswatini,3035.0615611920534,4.45237016677856,16.5883082749727,33559.6293189319,26.2137388380103,57.197952887017,52.749,27.69,,
SWZ,2007,Eswatini,3180.861214985253,,16.1885479639557,34983.733367300716,26.2351512978866,57.5763007381577,52.611,28.242460162795417,,
SWZ,2016,Eswatini,3239.8070750141424,,13.2046225174728,38299.35623612884,24.5259843609439,62.2693931215833,51.135,22.717707503394756,1133.367,257.475
SWZ,2017,Eswatini,3853.9914791810215,,13.2704088674658,39744.96954560226,23.2176415004194,63.5119496321148,50.489,24.523,,
SWZ,2018,Eswatini,3973.4634493366702,,13.3880799493534,40731.45071918601,22.0718097133038,64.5401103373429,49.837,26.369,,
SWZ,2019,Eswatini,3913.1264396930096,,13.4848944049793,44146.0270264914,21.0192118627154,65.4955241312527,49.181,28.138,,
SWZ,2020,Eswatini,3454.7842174460034,,13.8620818330865,46058.553992859306,19.9533153634534,66.1846028034601,48.222,32.944,,
SWZ,2021,Eswatini,3966.298632538323,,14.026346432617,47531.96467751601,18.8338178563224,67.1398357110606,48.358,34.152449203957815,1178.832,402.6
SWZ,2022,Eswatini,3889.65276959161,,14.0024887943845,48870.51021560164,18.5930660094316,67.4040424786459,47.714,35.359,,
SWZ,2023,Eswatini,3741.6901074541574,,13.773962074815,49988.16018378686,18.4716038960522,67.7544340291328,47.397,34.60943170192114,1029.231,356.211
SXM,2016,Sint Maarten (Dutch part),37308.6147795736,,,,,,,,,
SXM,2017,Sint Maarten (Dutch part),34701.30584944681,4.19528007507324,,,,,,,,
SXM,2018,Sint Maarten (Dutch part),31708.311012474172,,,,,,,,,
SXM,2019,Sint Maarten (Dutch part),34861.46952896804,,,,,,,,,
SXM,2020,Sint Maarten (Dutch part),30150.899838047677,,,,,,,,,
SXM,2021,Sint Maarten (Dutch part),32548.43668549022,,,,,,,,,
SXM,2022,Sint Maarten (Dutch part),36476.63008338591,3.38302993774414,,,,,,,,
SXM,2023,Sint Maarten (Dutch part),38077.54448697614,3.66427993774414,,,,,,,,
SYC,2000,Seychelles,8063.655005751688,,,,,,,,,
SYC,2001,Seychelles,8153.298636987904,,,,,,,,,
SYC,2002,Seychelles,8864.169194954675,,,,,,,9.806425135092,131.577,12.903
SYC,2003,Seychelles,9070.284607570127,,,,,,,,,
SYC,2004,Seychelles,10827.671636032956,,,,,,,,,
SYC,2005,Seychelles,11802.111827683288,,,,,,,5.451039211484894,,
SYC,2006,Seychelles,12782.993892647544,,,,,,,,,
SYC,2007,Seychelles,12669.30266872219,,,,,,,,,
SYC,2016,Seychelles,16566.994604229385,25.6358890533447,,,,,,3.965238656709899,137.394,5.448
SYC,2017,Seychelles,17480.365191137193,42.2081985473633,,,,,,3.71404520910752,146.121,5.427
SYC,2018,Seychelles,18440.234046093155,38.8581314086914,,,,,,3.52712088970972,149.442,5.271
SYC,2019,Seychelles,19141.5118743615,41.2970390319824,,,,,,2.965423403233552,149.928,4.446
SYC,2020,Seychelles,14041.47540745751,26.9342594146729,,,,,,4.311568488289566,152.172,6.561
SYC,2021,Seychelles,14982.911148776711,26.8701496124268,,,,,,,,
SYC,2022,Seychelles,16836.672189538738,13.9304103851318,,,,,,,,
SYC,2023,Seychelles,18262.711584928707,14.0341396331787,,,,,,2.9338589910434045,156.756,4.599
SYR,2000,Syrian Arab Republic,1138.188485427796,,32.8933153767788,29183.10076807232,26.094415683755,41.0122689394663,50.89,9.587,,
SYR,2001,Syrian Arab Republic,1186.8291347402724,,30.5788837580551,29715.64452668901,26.3439953512367,43.0770982535672,49.956,11.626002683616274,,
SYR,2002,Syrian Arab Republic,1183.2473451033038,12.5522699356079,30.2801187718644,30204.11122686139,26.9635151690883,42.7563660590473,49.023,11.682507656140649,16380.0,1913.415
SYR,2003,Syrian Arab Republic,1220.1790772559982,13.1426696777344,26.9768622917234,31695.769431495948,25.6025787910985,47.4205589171781,48.09,10.288305395363588,14945.61,1539.0
SYR,2004,Syrian Arab Republic,1368.1148230028018,15.1740503311157,24.4017167751322,32986.695300681014,26.3391002117283,49.2591830131395,47.329,9.513,,
SYR,2005,Syrian Arab Republic,1533.901665365676,18.3284893035889,22.0042523330226,34113.35268106778,27.0310250266618,50.9647226403156,46.569,8.809,,
SYR,2006,Syrian Arab Republic,1718.7834721733766,21.0369606018066,19.7387309089012,34102.35902225901,27.722307096523,52.5389619945758,45.81,8.167832865549919,,
SYR,2007,Syrian Arab Republic,1937.6113857802743,21.6712493896484,19.1378394968471,34434.625883246474,29.0595874075818,51.8025730955711,44.25,8.421540701243252,16201.311,1364.4
SYR,2016,Syrian Arab Republic,656.3490586313004,46.5840187072754,16.5766045322789,25965.067078790027,21.596460761489,61.8269347062321,37.514,13.795,,
SYR,2017,Syrian Arab Republic,851.5020052541528,,16.5810805680006,25231.834573076267,21.4826380978898,61.9362813341096,37.621,13.597,,
SYR,2018,Syrian Arab Republic,1098.0668642356993,,16.1604048818658,24429.012673645306,21.4651388093025,62.3744563088317,37.788,13.497,,
SYR,2019,Syrian Arab Republic,1109.539260360489,,15.7844328713838,22931.652332813675,21.2443803139669,62.9711868146493,38.011,13.36,,
SYR,2020,Syrian Arab Republic,572.3552898319015,,15.8781234909813,22183.39983044968,21.71092211661,62.4109543924087,37.65,15.191,,
SYR,2021,Syrian Arab Republic,663.6142457068148,,15.7955886859637,21468.94791884479,21.8828977619253,62.321513552111,37.712,14.877,,
SYR,2022,Syrian Arab Republic,1051.6714958746263,,15.3960581764478,19852.520246480217,21.808847170466,62.7950946530862,38.011,13.268,,
SYR,2023,Syrian Arab Republic,847.3727234185315,,15.0433414619892,18225.73719873964,21.8288424768267,63.1278160611841,38.011,13.187,,
TCA,2001,Turks and Caicos Islands,18325.745811197383,,,,,,,9.711751662971174,,
TCA,2002,Turks and Caicos Islands,17803.947176773316,,,,,,,6.182026330852891,,
TCA,2003,Turks and Caicos Islands,18859.189027477332,,,,,,,7.765524484705264,,
TCA,2004,Turks and Caicos Islands,21246.009800490025,,,,,,,9.857898804923003,,
TCA,2005,Turks and Caicos Islands,24122.302818075703,,,,,,,8.035431825371719,,
TCA,2006,Turks and Caicos Islands,28734.287306452257,,,,,,,7.446970853044407,,
TCA,2007,Turks and Caicos Islands,29443.852303007232,,,,,,,5.427067741779731,,
TCA,2016,Turks and Caicos Islands,26946.41785201618,11.1381130218506,,,,,,,,
TCA,2017,Turks and Caicos Islands,25614.837271064567,11.8446598052979,,,,,,,,
TCA,2018,Turks and Caicos Islands,31625.616593277027,11.3645000457764,,,,,,,,
TCA,2019,Turks and Caicos Islands,31780.521706898948,11.7602996826172,,,,,,,,
TCA,2020,Turks and Caicos Islands,20690.916054611815,,,,,,,,,
TCA,2021,Turks and Caicos Islands,27329.28850871958,,,,,,,,,
TCA,2022,Turks and Caicos Islands,31280.541802080836,17.0910491943359,,,,,,,,
TCA,2023,Turks and Caicos Islands,35470.21516082947,25.2931976318359,,,,,,,,
TCD,2000,Chad,163.12166368336872,0.817380011081696,81.8276438322708,4274.979730503228,3.00821181772408,15.1641443500051,69.083,0.79,,
TCD,2001,Chad,194.32295331156047,0.842410027980804,80.8833274159057,4668.81466966159,3.23615117418671,15.8805541330096,68.607,0.787,,
TCD,2002,Chad,219.06139195134935,,80.1549667454431,4938.088164736276,3.4540204070174,16.3910128475395,68.126,0.769,,
TCD,2003,Chad,289.08762112216766,0.973710000514984,79.0093640686754,5464.719075352142,3.73756481284018,17.2530711184844,67.642,0.732,,
TCD,2004,Chad,445.8507671570869,1.24917995929718,77.2971656537796,6988.09612372893,4.10829572001853,18.5945386262018,67.155,0.685,,
TCD,2005,Chad,838.0921077125565,1.45950996875763,75.9399391750974,7914.450762028814,4.44918897761122,19.6108718472913,66.663,0.678,,
TCD,2006,Chad,906.8972605727467,,75.8924225136412,7664.977696624865,4.662976991604,19.4446004947548,66.168,0.724,,
TCD,2007,Chad,980.4835314851032,,75.5439041698892,7808.131576644746,4.91028556100125,19.5458372829874,65.669,0.834,,
TCD,2016,Chad,861.8317676307461,,71.0231394978237,8435.479710391839,8.08390966834337,20.892950833833,61.035,1.047,,
TCD,2017,Chad,854.4612004009803,,71.1369612600914,8086.196820075866,8.43191619625611,20.4311432764791,60.506,1.116,,
TCD,2018,Chad,948.6566298712312,,70.385283964682,8318.679725867816,8.92529873767925,20.6894172976388,59.974,1.1349290183313805,13038.789,147.981
TCD,2019,Chad,893.3364416433249,,69.9603612423288,8469.384423755355,9.08982849446379,20.949790777042,59.936,1.084,,
TCD,2020,Chad,866.9478148904094,4.53319978713989,69.9363656022821,8276.448181691301,9.36791412214798,20.69572027557,59.367,1.707,,
TCD,2021,Chad,946.3585002083736,,69.8369234948846,7958.389434542053,9.45768203280375,20.7054128039593,59.404,1.548,,
TCD,2022,Chad,966.0364682785676,,69.4572241782191,8425.359583015372,9.51080365257713,21.0319721692037,60.592,1.096,,
TCD,2023,Chad,989.0585289685883,,69.0830060577464,8291.384196502899,9.56140278188717,21.3555911603664,60.462,1.074,,
TEA,2000,East Asia & Pacific (IDA & IBRD countries),972.8352009537882,11.1576900482178,49.81923888279011,9182.770691840442,21.358223951701195,28.822536836963017,72.6222604454569,3.4289628703812185,,
TEA,2001,East Asia & Pacific (IDA & IBRD countries),1026.6517888809117,12.3057098388672,49.45966171506755,9673.226164082498,21.00474436789604,29.535593702794195,72.3683041719661,3.8571716613686458,,
TEA,2002,East Asia & Pacific (IDA & IBRD countries),1127.2535965864158,14.105770111084,49.338094415873655,10315.798232906924,20.38725067346791,30.274654912831164,71.95869621939887,4.175665456630429,,
TEA,2003,East Asia & Pacific (IDA & IBRD countries),1266.1102168890927,16.0750408172607,48.66984468462392,11071.277948199591,20.503804233015018,30.82635087204524,71.64900598124306,4.426260489116755,,
TEA,2004,East Asia & Pacific (IDA & IBRD countries),1456.9694912347168,17.863489151001,46.5811768763125,11864.361325366444,21.24086429519711,32.17795893356768,71.40869814804024,4.421480079679521,,
TEA,2005,East Asia & Pacific (IDA & IBRD countries),1673.193450773611,19.2852993011475,44.905267403409894,12832.27338523258,22.355651635297715,32.739080551316036,71.02556419144688,4.5023125978312635,,
TEA,2006,East Asia & Pacific (IDA & IBRD countries),1999.8633596280729,20.7092208862305,42.87873326527763,13975.233193868611,23.460499906554467,33.66076672697327,70.73818899018366,4.394751805787432,,
TEA,2007,East Asia & Pacific (IDA & IBRD countries),2510.4253478566693,21.7099609375,41.304027053859215,15393.480278838457,24.637097835291044,34.05887551032934,70.7382697185958,4.374896600233471,,
TEA,2016,East Asia & Pacific (IDA & IBRD countries),6758.740154806218,43.9839706420898,29.311356521202818,27796.307364376436,27.25840275166731,43.430240632405486,68.37543444804909,4.050945293898033,,
TEA,2017,East Asia & Pacific (IDA & IBRD countries),7323.510231761327,44.7328414916992,28.53741033423273,29552.721648866205,27.57142427845948,43.89116548144329,67.8833090869005,3.928165117128902,,
TEA,2018,East Asia & Pacific (IDA & IBRD countries),8136.368818244209,45.6725311279297,27.586931054437574,31287.03236751632,27.955890700038612,44.457178058235186,67.65200820053839,3.8185338900756016,,
TEA,2019,East Asia & Pacific (IDA & IBRD countries),8379.406868982845,47.8068008422852,26.534543530623896,33028.8250549052,28.302533920752136,45.16292245621082,67.34443160787063,3.910558146073339,,
TEA,2020,East Asia & Pacific (IDA & IBRD countries),8485.420257804639,51.1893692016602,25.76621849752087,33922.82835205391,28.730111954931186,45.50366973792501,65.92900626141386,4.382726439650651,,
TEA,2021,East Asia & Pacific (IDA & IBRD countries),10086.478516426474,54.7842903137207,25.278895257607477,35715.90453728972,29.11243907675447,45.60866566440371,66.44122003059346,4.139769791077852,,
TEA,2022,East Asia & Pacific (IDA & IBRD countries),10220.360503609016,58.2680015563965,25.036119795690833,37091.03897181326,28.870941146329717,46.09293887080357,65.96445648985642,4.245548756867165,,
TEA,2023,East Asia & Pacific (IDA & IBRD countries),10239.674334039048,60.9145393371582,24.607852578595065,38610.60412722517,29.027446420312355,46.36470109374049,65.94800584936553,3.990239377692262,,
TEC,2000,Europe & Central Asia (IDA & IBRD countries),2043.3174390475515,39.478328704834,24.49245106938855,36501.1723038897,25.975614354358925,49.53193665008848,58.12307688797407,11.02520367611324,,
TEC,2001,Europe & Central Asia (IDA & IBRD countries),2079.977516398704,42.6817512512207,23.579115556707045,37752.472551137726,26.12066021403797,50.30022199040815,57.586466049908594,10.747283874045186,,
TEC,2002,Europe & Central Asia (IDA & IBRD countries),2339.619184073157,45.7313194274902,22.451145612617093,39355.9609137255,26.198856739084412,51.34999873196592,57.45013308211764,10.533386665562656,,
TEC,2003,Europe & Central Asia (IDA & IBRD countries),2877.835242700796,48.7419891357422,21.829895128319947,41847.12849853504,26.25428966924379,51.91581520653373,57.00151298954401,10.29463808181445,,
TEC,2004,Europe & Central Asia (IDA & IBRD countries),3720.492948467489,49.8128318786621,20.266987174128992,44947.90534249787,26.579421154909532,53.15359290547908,56.73672838671053,9.949233523362912,,
TEC,2005,Europe & Central Asia (IDA & IBRD countries),4656.248512841266,51.9426383972168,19.6629282917692,47182.10153536849,26.68340395674423,53.65366939789416,56.79154127367206,9.29208362545358,,
TEC,2006,Europe & Central Asia (IDA & IBRD countries),5627.108284458277,54.1455917358398,18.751413731316276,50423.56060098334,26.842151225588275,54.40643243478778,56.71460398198499,8.668148073402149,,
TEC,2007,Europe & Central Asia (IDA & IBRD countries),7238.144357165718,55.9872703552246,17.790543346320458,53358.692066570446,27.0949819953743,55.1144766965011,56.97613522652368,7.567634495049193,,
TEC,2016,Europe & Central Asia (IDA & IBRD countries),7653.978071241317,68.7818832397461,14.618591030684616,60367.658304739714,26.24320736404872,59.13820012026625,58.35180916368736,7.475281243569172,,
TEC,2017,Europe & Central Asia (IDA & IBRD countries),8560.707098598865,70.679801940918,14.160312686182117,62198.256659122315,26.26759004002759,59.572099242079425,58.41359674093385,7.1261812069217445,,
TEC,2018,Europe & Central Asia (IDA & IBRD countries),8890.61596620106,72.4954681396484,13.731699937767615,63939.29469397938,26.334593097256057,59.933704982504736,58.43084497383741,6.6871219097506405,,
TEC,2019,Europe & Central Asia (IDA & IBRD countries),9034.432091003177,74.0736770629883,13.365209205240962,65818.01222670206,26.26448750987999,60.370303712274776,58.144072517350075,6.74270634130925,,
TEC,2020,Europe & Central Asia (IDA & IBRD countries),8456.581746602056,75.6527404785156,13.352806779771011,66046.1661201306,26.247647309535683,60.39954432865409,57.11748795550464,7.242965624589623,,
TEC,2021,Europe & Central Asia (IDA & IBRD countries),9987.98864443054,78.0411605834961,13.15747783876885,69571.95688676892,26.661667566996183,60.18085511178408,57.745335107247634,6.833363078537487,,
TEC,2022,Europe & Central Asia (IDA & IBRD countries),11410.44153230056,80.285758972168,12.651026433523764,72649.64936739863,26.688683003327807,60.660291119635616,58.55719540862552,5.685061061603216,,
TEC,2023,Europe & Central Asia (IDA & IBRD countries),12106.924091229615,81.4689178466797,12.215912478116673,74876.34187573704,26.64921394765522,61.13487073317594,58.42309151464426,5.160330972285725,,
TGO,2000,Togo,409.88980279276814,,57.1973170840749,6511.55560415434,7.46398955059587,35.3386933653292,58.574,4.174,,
TGO,2001,Togo,396.6926545201353,,56.784059988684,6377.954902495145,7.69755392102773,35.5183860902882,58.51,4.124,,
TGO,2002,Togo,445.23869148892504,,56.0399094566198,6444.335143676346,7.91843327737678,36.0416572660035,58.46,4.104,,
TGO,2003,Togo,538.1653777692896,,54.8371313162953,6687.18651343283,8.10858393578446,37.0542847479202,58.413,3.984,,
TGO,2004,Togo,560.2663085333824,,54.4074969508767,6445.780216756326,8.52732749746988,37.0651755516535,58.362,4.015,,
TGO,2005,Togo,551.2598500170766,,54.4723082095695,5990.061260700688,8.96748782387543,36.5602039665551,58.318,4.157,,
TGO,2006,Togo,552.5022712525598,5.08456993103027,53.747031711915,5973.840264635844,9.05293306286371,37.2000352252213,58.266,4.228826603537254,7534.998,318.642
TGO,2007,Togo,607.5882244718094,5.70411014556885,50.9019820760669,5701.723975394788,11.2519062227418,37.8461117011913,58.221,3.817,,
TGO,2016,Togo,772.5817870939759,12.3244800567627,35.2372483394502,7121.806528066096,19.0216165840272,45.7411350765227,58.118,2.968,,
TGO,2017,Togo,792.7654872190692,12.5233001708984,33.7922808709059,7272.832063691543,19.3320898440525,46.8755915043261,58.074,3.7439510723631777,6590.630999999999,246.75
TGO,2018,Togo,851.1308068918074,13.0981397628784,32.7026188973563,7359.217663214073,19.6782101465401,47.6191344761293,58.022,2.898,,
TGO,2019,Togo,826.2606540998936,13.3234195709229,31.6801773097986,7455.93288598046,19.915966652964,48.4038912624834,57.964,2.035744126006618,9902.718,201.594
TGO,2020,Togo,853.5782202637218,15.0659399032593,31.6766228097092,7485.063809389482,20.090466893354,48.2328756246643,57.414,2.225,,
TGO,2021,Togo,939.6133737864068,,31.4906633027569,7686.779798764064,20.0984649082288,48.4108381947092,57.7,2.333,,
TGO,2022,Togo,898.7581544107125,,30.8601389360514,7818.53145770525,20.041013307193,49.0988477567556,58.098,1.9646406070602225,10294.86,202.257
TGO,2023,Togo,985.6975126299736,,30.3085203868739,8072.663233577408,20.0727449884365,49.6187032744963,58.159,1.948,,
THA,2000,Thailand,2005.976945142342,35.3038711547852,51.6509528836758,21408.631686470937,20.140519528935,28.2085305108474,73.55,2.3888422074156477,101396.4,2422.2
THA,2001,Thailand,1889.934324671445,39.0153999328613,47.574531249964,21801.087564298858,19.4515580259119,32.9739136020452,73.616,2.598882506618263,103463.7,2688.8999999999996
THA,2002,Thailand,2089.7518311155445,40.2175598144531,46.1314975226747,22688.307309190393,19.8304157564669,34.0380867208583,73.323,1.82,,
THA,2003,Thailand,2347.54001286066,41.2859306335449,44.9026278089641,23978.20169932877,19.7517904082324,35.3455817828035,73.054,1.5397642634223152,105931.8,1631.1
THA,2004,Thailand,2641.5626871785717,42.3131217956543,44.3377506951283,25121.303626527613,20.0082213532031,35.6540306937649,73.045,1.5127634247420862,108873.6,1646.6999999999998
THA,2005,Thailand,2867.703834360616,44.5644683837891,43.860418538236,25768.650999736343,20.234589094905,35.904992366859,73.058,1.345860498444735,110527.8,1487.4
THA,2006,Thailand,3331.3204351177264,44.4201011657715,43.3911485081394,26859.32479968938,20.4868391295951,36.1220096814834,72.493,1.2203259265688744,110601.6,1349.6999999999998
THA,2007,Thailand,3918.5281743458054,47.7545890808105,42.8557822722615,27792.76325200947,20.7486258994744,36.3955918282641,72.871,1.1759638623088031,112835.1,1326.9
THA,2016,Thailand,5833.577156170984,49.508472442627,31.2290619754906,34706.25736195825,23.7258924783167,45.0450455461927,68.315,0.6880131933110849,113861.334,783.3810000000001
THA,2017,Thailand,6413.091825303433,47.7228775024414,31.5296824275222,36301.27634405802,22.9001980712186,45.5701220399178,67.525,0.8299511751378148,113315.22,940.461
THA,2018,Thailand,7099.776500814575,46.5399513244629,32.1983118299592,37364.439725063115,22.8486645321953,44.9530236378455,67.798,0.7655154167773399,114469.935,876.2850000000001
THA,2019,Thailand,7605.696577977591,45.4407386779785,31.4905868795142,38366.15695522911,22.8893487918824,45.6200643286035,66.94,0.7163527498752997,113654.481,814.167
THA,2020,Thailand,6985.643938925742,43.1145401000977,31.3894703007859,35914.62078656483,22.6027550040093,46.0077721832844,67.022,1.0990246357807936,114296.073,1256.142
THA,2021,Thailand,7057.2075480227895,44.0830879211426,31.8973203892828,36345.6913344344,22.272544991857,45.8301346188603,66.952,1.2147034245739252,114647.98500000002,1392.633
THA,2022,Thailand,6909.352818158268,43.9606094360352,30.4232457848166,36892.93274670215,22.2352718014751,47.3414824137083,67.181,0.9401442456683186,118779.858,1116.702
THA,2023,Thailand,7195.101309194487,46.1752090454102,30.1095681583813,37582.56419814731,22.1306577119384,47.7597741296803,66.898,0.7329248360628319,120620.145,884.0550000000001
TJK,2000,Tajikistan,136.9257164007228,17.3820896148682,61.2169187662103,5516.52285769215,15.2134777135259,23.5696678149701,44.727,4.15,,
TJK,2001,Tajikistan,168.67628536518615,16.8270893096924,59.8930073691438,5826.204585962461,15.9030237532812,24.2039688775751,44.727,3.75,,
TJK,2002,Tajikistan,186.9516382852216,16.9800605773926,58.4462058486955,6261.258272817358,16.7229226168152,24.8309316370001,44.727,3.95,,
TJK,2003,Tajikistan,233.5812484528902,18.3003902435303,57.0351684277921,6724.374441250974,17.5011150596143,25.4637165125936,44.727,3.849967571775472,6489.717000000001,249.85200000000003
TJK,2004,Tajikistan,305.7451585875024,19.535680770874,55.7078710479562,7130.352278402245,17.9894653161579,26.3026636358859,44.993,1.464955839887878,,
TJK,2005,Tajikistan,333.92715094168375,20.0739994049072,55.2353411051295,7450.819960174219,17.3530086465019,27.4116502483686,44.47,2.02414113277623,,
TJK,2006,Tajikistan,401.0184033164272,21.2028503417969,54.8606879356021,7825.076722495791,16.8778513968822,28.2614069309431,43.923,2.128146453089245,,
TJK,2007,Tajikistan,516.9972106189136,22.1728801727295,54.3515626199313,8309.582053193599,16.4733738710912,29.1750635089775,43.309,2.4963198546115404,,
TJK,2016,Tajikistan,788.710481734485,29.1225490570068,47.4731043504483,13262.744583262844,17.8465736332263,34.6803220163254,42.38,0.0806234053845326,6805.716,5.487
TJK,2017,Tajikistan,829.4571476495696,31.114070892334,46.5389793847828,13988.830243801149,18.1501471187635,35.3108734964537,41.953,11.487,,
TJK,2018,Tajikistan,834.2884045788009,,45.7484471935752,14852.203493409674,18.4973823334104,35.7541704730144,41.494,11.437,,
TJK,2019,Tajikistan,871.0223729348457,,44.7662314365854,15756.58146509725,18.8679125626028,36.3658560008118,41.066,11.419,,
TJK,2020,Tajikistan,834.3117154606249,37.2250022888184,44.6950670413561,16432.8766185229,19.2951946529824,36.0097383056615,40.676,12.321,,
TJK,2021,Tajikistan,896.7480533721822,39.504955291748,44.3516940509169,17427.392681326797,19.6352860924857,36.012975989156,41.122,12.333,,
TJK,2022,Tajikistan,1052.1794948489417,38.3422508239746,43.4701177331736,18259.249088455366,19.7680233040614,36.761858962765,41.186,11.634,,
TJK,2023,Tajikistan,1178.4799006024875,34.6658744812012,42.7393678145394,19311.62426496404,20.1144894294272,37.1461011960546,41.235,11.546,,
TKM,2000,Turkmenistan,633.8354876380108,,37.1465317381077,17238.33645046201,26.763855646847,36.0896126150453,53.547,11.666,,
TKM,2001,Turkmenistan,756.0349762763984,,36.8317453981021,17303.42219141032,26.7410133199702,36.4272412819277,53.336,10.851,,
TKM,2002,Turkmenistan,935.5408014784664,,36.4938031400499,16627.33053500626,26.6394763281917,36.8667205317584,53.419,10.153,,
TKM,2003,Turkmenistan,1228.948702894039,,35.9642704454445,16520.857091451966,26.586600437971,37.4491291165845,53.274,9.311,,
TKM,2004,Turkmenistan,1379.230096826922,,35.4303401048608,16739.672894477622,26.5981073652014,37.9715525299377,53.009,8.44,,
TKM,2005,Turkmenistan,1604.016184523122,,34.6225124110973,18434.435530951123,26.7758761406243,38.6016728134071,52.246,7.485,,
TKM,2006,Turkmenistan,1996.593107173076,,33.9778156252929,19901.114467881467,26.9923821428977,39.0297425354134,51.654,6.58,,
TKM,2007,Turkmenistan,2414.9607198696376,,33.3187115815894,21510.549816268896,27.3083582193611,39.3729882987253,51.097,5.694,,
TKM,2016,Turkmenistan,5686.980409627638,,25.8719547248811,41887.59360770514,31.4447966512118,42.6832486239072,48.097,4.031,,
TKM,2017,Turkmenistan,5828.481662348902,,25.0211185694733,43886.68682075474,31.9219069482603,43.0569744822664,47.975,4.044,,
TKM,2018,Turkmenistan,6125.0516971208535,,24.1999976465328,45888.4691633123,32.4296960497052,43.370306303762,47.867,4.044,,
TKM,2019,Turkmenistan,6648.034896062804,12.9755001068115,23.4079573027756,48070.48643805218,32.9586131751515,43.6334759078982,47.764,4.043,,
TKM,2020,Turkmenistan,6592.601460277483,14.3487100601196,23.4588318417334,51693.927943908835,33.1603391427226,43.380829015544,46.511,4.501,,
TKM,2021,Turkmenistan,7051.202110792134,16.4158401489258,23.2913300337659,53756.40496277835,33.2876725596738,43.4209974065603,46.732,4.459,,
TKM,2022,Turkmenistan,8156.352119507736,18.2516593933105,22.7574616600955,54656.22787425503,33.2696450752138,43.9728932646907,47.818,4.109,,
TKM,2023,Turkmenistan,8232.65225980002,,22.2477916328642,57172.78838663992,33.6925410659171,44.0596238486704,47.688,4.099,,
TLA,2000,Latin America & the Caribbean (IDA & IBRD countries),4388.9277067447665,22.973180770874,18.551933856874975,37247.22449343679,22.484293549730538,58.96377259339425,63.636707178395746,9.547243867819995,,
TLA,2001,Latin America & the Caribbean (IDA & IBRD countries),4222.975958667407,24.5052509307861,18.737472732559784,36410.88396303741,21.98782611136553,59.27470065859631,63.67972768666297,9.16163876964607,,
TLA,2002,Latin America & the Caribbean (IDA & IBRD countries),3714.376209512643,26.4350605010986,18.67646700503668,35894.13982717563,21.957898498946168,59.365635473820994,63.72956124750462,9.520402624011586,,
TLA,2003,Latin America & the Caribbean (IDA & IBRD countries),3728.7286107090313,28.0503997802734,18.243801015201203,35876.677110321165,21.742642492889654,60.01355792261795,63.94770451414498,9.394910609528615,,
TLA,2004,Latin America & the Caribbean (IDA & IBRD countries),4252.839664584519,29.2859897613525,18.12362254784575,36615.14030395249,21.827543871098793,60.04883450413776,64.42612438802472,8.881379292713284,,
TLA,2005,Latin America & the Caribbean (IDA & IBRD countries),5103.971922450188,30.9469203948975,17.82457301980665,37060.580888419405,21.786985265469305,60.38844395398704,64.75419293555672,8.344276921128717,,
TLA,2006,Latin America & the Caribbean (IDA & IBRD countries),5926.883616166066,33.1225814819336,17.076852900118002,37958.797765318675,21.931976779839175,60.99116990437032,64.94684889051327,7.708406482995374,,
TLA,2007,Latin America & the Caribbean (IDA & IBRD countries),6927.884578715945,34.9429092407227,16.275290562839455,39200.291682745046,22.294670623313944,61.43003836812625,64.79061115893307,7.311822676517023,,
TLA,2016,Latin America & the Caribbean (IDA & IBRD countries),8301.805325353915,50.410888671875,13.883843438257394,42087.46735971678,21.23559748085399,64.88055872680088,63.65898587570895,7.811365754741094,,
TLA,2017,Latin America & the Caribbean (IDA & IBRD countries),9163.648293754824,51.7112503051758,14.02642947531415,42325.7950656839,21.00701418096263,64.96655485929436,63.76830472195227,8.127556965135247,,
TLA,2018,Latin America & the Caribbean (IDA & IBRD countries),8875.74361403055,52.4126586914062,14.03351189313916,42233.99973654745,20.84929860691024,65.11718986524185,63.84679999520537,8.033247204847326,,
TLA,2019,Latin America & the Caribbean (IDA & IBRD countries),8654.947212428599,53.3168983459473,13.721038712012064,41743.15716094489,20.69358168086209,65.58538068704662,64.007486399156,8.104243491095335,,
TLA,2020,Latin America & the Caribbean (IDA & IBRD countries),7240.296723763923,54.8476600646973,14.517482018682834,42224.20138633708,20.542763093719287,64.93975605740684,59.85670820671803,10.352249454269945,,
TLA,2021,Latin America & the Caribbean (IDA & IBRD countries),8382.425540350905,56.7277793884277,14.083376988665622,42592.08867587913,21.02892557362996,64.8876970707971,62.20614167130872,9.273504640009431,,
TLA,2022,Latin America & the Caribbean (IDA & IBRD countries),9482.776399423352,58.251880645752,13.18519009817726,42127.18236902945,21.049136301667165,65.76567426776916,63.11942260511703,6.997690118434025,,
TLA,2023,Latin America & the Caribbean (IDA & IBRD countries),10593.11643023235,58.3366012573242,12.567436893373756,42336.572989565786,20.919021466899466,66.51354167061739,63.01085914299199,6.277058030556152,,
TLS,2000,Timor-Leste,492.4576694296513,,57.3873966587767,9675.857018219518,7.53010188329731,35.082501457926,70.621,3.477,,
TLS,2001,Timor-Leste,587.8043555609179,,55.5060610486345,10419.75602054659,8.02350759774195,36.4704313536236,69.785,5.235271571257863,798.354,41.796
TLS,2002,Timor-Leste,533.9824764348656,8.02513027191162,55.739739307155,8940.256733555116,7.72296713307949,36.5372935597655,70.009,3.453,,
TLS,2003,Timor-Leste,534.9011536976566,,55.4318949406234,8366.614990893175,7.60903877151373,36.9587869340641,70.012,3.503,,
TLS,2004,Timor-Leste,474.42076734468947,,55.5907830239136,8289.941074138243,7.46329144634183,36.9462012229752,69.919,3.656,,
TLS,2005,Timor-Leste,487.46455540429247,,54.7631798167321,8375.609923232154,7.63066220938409,37.6058875077083,69.766,3.563,,
TLS,2006,Timor-Leste,464.6670018441589,,54.766511173705,7794.556681713917,7.59964193742305,37.633846888872,70.002,3.581,,
TLS,2007,Timor-Leste,540.1545842376621,,53.6928686508946,8412.983986041814,8.11601129586375,38.1911200532416,69.501,5.646162291672864,1109.373,62.637
TLS,2016,Timor-Leste,1335.5439008981432,,48.5492158063545,11519.520876452409,12.8937835397183,38.5570006539272,66.823,4.657341966501879,1457.634,67.887
TLS,2017,Timor-Leste,1266.177679529409,,46.8364604827487,10741.935333768264,12.3532399187421,40.8102995985092,67.073,4.248,,
TLS,2018,Timor-Leste,1219.4659972898346,,44.9832140674021,10359.714476683825,11.9211938548639,43.095592077734,67.224,3.778,,
TLS,2019,Timor-Leste,1562.3645806803208,,42.1548239318558,12489.222247705777,12.0693422544709,45.7758338136733,66.397,3.097,,
TLS,2020,Timor-Leste,1630.869385212559,,40.596144500243,16106.416309119224,11.7227883893201,47.6810671104369,65.846,2.782,,
TLS,2021,Timor-Leste,2684.827023789869,,37.8433976092305,16511.31190919835,11.521817429215,50.6346057703163,65.558,2.3433736444509465,840.711,19.701
TLS,2022,Timor-Leste,2343.245233503891,,37.8380965076891,12513.16967037779,10.8968508700869,51.265052622224,66.597,1.5371128138445451,1225.089,18.831
TLS,2023,Timor-Leste,1502.519645141864,30.8398704528809,36.7979525335544,10100.21783710414,11.1217258565089,52.0803216099367,66.196,1.521,,
TMN,2000,"Middle East, North Africa, Afghanistan & Pakistan (IDA & IBRD)",1246.0197506888817,19.3982791900635,35.61867278975745,28098.265322032537,22.756390153266917,41.62493622314289,47.28523255012146,8.717956603063323,,
TMN,2001,"Middle East, North Africa, Afghanistan & Pakistan (IDA & IBRD)",1225.8147413981176,19.9248600006104,34.82654839349609,28157.176462133175,22.927494823081272,42.24595515930033,46.99193077768367,8.672720769036081,,
TMN,2002,"Middle East, North Africa, Afghanistan & Pakistan (IDA & IBRD)",1168.3592730487023,20.2840900421143,33.44317118576495,28446.75974669378,22.78577843524148,43.7710511731297,46.6152861825448,8.67775686726868,,
TMN,2003,"Middle East, North Africa, Afghanistan & Pakistan (IDA & IBRD)",1263.9157454030783,20.4042491912842,33.34971926595238,28116.307457773684,22.724251723703254,43.9260267125942,46.776033320666,8.462153808072943,,
TMN,2004,"Middle East, North Africa, Afghanistan & Pakistan (IDA & IBRD)",1463.3046705257825,21.7046394348145,33.670989471833394,28913.562384332137,22.79568088451201,43.53333037566731,46.99439046039502,7.630631071055769,,
TMN,2005,"Middle East, North Africa, Afghanistan & Pakistan (IDA & IBRD)",1657.842969159629,22.786979675293,33.155187092902,29384.558818038746,23.14614643091106,43.69866576651296,47.0727082226071,7.793271111842142,,
TMN,2006,"Middle East, North Africa, Afghanistan & Pakistan (IDA & IBRD)",1885.1487024815551,23.7578907012939,32.86274856533817,30032.917831675157,23.54149274510852,43.59575868955426,46.928459784681706,7.336834991710528,,
TMN,2007,"Middle East, North Africa, Afghanistan & Pakistan (IDA & IBRD)",2240.9883678389647,25.4550800323486,32.67896564823606,30787.11028365007,23.9230518128032,43.39798187389333,46.89975584023555,6.962440236771815,,
TMN,2016,"Middle East, North Africa, Afghanistan & Pakistan (IDA & IBRD)",2828.100490448764,37.5035285949707,29.378522090728488,34083.38417684206,25.270395365007506,45.35108254426691,46.29208976512693,8.664739932075827,,
TMN,2017,"Middle East, North Africa, Afghanistan & Pakistan (IDA & IBRD)",2822.3596914468385,37.7953491210938,28.343332345657707,35019.827886676496,25.634273353596782,46.02239430075334,45.963367467171395,9.15719119395182,,
TMN,2018,"Middle East, North Africa, Afghanistan & Pakistan (IDA & IBRD)",2784.509676751367,38.1848182678223,26.76265966511425,35691.06976262876,25.947776885073058,47.289562333620786,45.54178148328861,9.184126519660351,,
TMN,2019,"Middle East, North Africa, Afghanistan & Pakistan (IDA & IBRD)",2667.558952588946,37.8820686340332,26.98427179597984,35617.590280463424,25.934405484461323,47.081321626345805,45.43595722570718,8.967066562743444,,
TMN,2020,"Middle East, North Africa, Afghanistan & Pakistan (IDA & IBRD)",2375.4738441755976,38.413028717041,26.917223055512626,35411.01749341884,26.241413032888957,46.84136280548503,44.37055387464668,9.75371979626131,,
TMN,2021,"Middle East, North Africa, Afghanistan & Pakistan (IDA & IBRD)",2712.7818941317555,38.1860084533691,26.261495223506767,35608.16068067788,26.51000611087787,47.22849973453735,44.90026971263553,9.613146268323106,,
TMN,2022,"Middle East, North Africa, Afghanistan & Pakistan (IDA & IBRD)",2970.114287674757,39.0716094970703,25.439000905049333,36342.276373349625,26.748008258049644,47.8129908368983,44.7608886397383,9.045014769318202,,
TMN,2023,"Middle East, North Africa, Afghanistan & Pakistan (IDA & IBRD)",2792.7145754574185,39.7977294921875,25.233454938521454,36562.11871381296,26.738452623050467,48.02809396778484,44.69020986760173,8.91907614245528,,
TON,2000,Tonga,1995.0766754627143,5.37392997741699,33.6596067842376,16774.259128431433,29.851208055579,36.4863724580204,58.554,4.12,,
TON,2001,Tonga,1753.516675766262,4.62669992446899,32.825049143499,16997.360948738344,30.1797247964055,36.9952260600955,58.366,4.48,,
TON,2002,Tonga,1759.4805324575996,11.8086996078491,32.2324262083298,17751.707581491002,30.3732412166147,37.3943325750555,58.19,4.838,,
TON,2003,Tonga,1936.0410401238912,6.82398986816406,31.858954531395,17782.878450313594,30.5767229986222,37.5615105587268,58.025,5.1824417009602195,,
TON,2004,Tonga,2195.448900476729,,32.2117516629712,17182.643519644233,29.9750554323725,37.8131929046563,57.845,3.942,,
TON,2005,Tonga,2477.7262014482462,,31.9688694702348,16818.398245574343,29.6422719825232,38.3888585472419,57.624,2.571,,
TON,2006,Tonga,2750.3477860085673,,31.7498318762609,16208.517681857144,29.3476798924008,38.9024882313383,57.365,1.0875049049834633,,
TON,2007,Tonga,2797.06560109144,,32.0225776105362,15795.917800753996,28.9423464588093,39.0377637414326,57.142,1.181,,
TON,2016,Tonga,3987.986188370427,,31.3382930703001,19520.974210894597,26.487224497757,42.1744824319429,54.687,1.053181543199692,109.098,1.149
TON,2017,Tonga,4365.929297886479,,31.2054748415325,20278.88369402862,26.3476748751893,42.4468502832782,54.349,2.131,,
TON,2018,Tonga,4638.8978542585,,31.0929807286538,20480.92392180976,26.1021240680827,42.8048952032635,53.995,2.2486461031316223,101.928,2.292
TON,2019,Tonga,4676.848025171454,,29.8144144650027,20396.918811197003,26.4311985849454,43.7543869500519,53.82,2.157,,
TON,2020,Tonga,4700.449405410286,21.278299331665,28.5559515324305,21081.48308896718,26.9052031361368,44.5388453314326,53.096,2.699,,
TON,2021,Tonga,4912.5796634911885,,26.7232568703157,21067.827823129053,27.4443561208267,45.8323870088576,53.01,2.1112548512289777,115.95,2.448
TON,2022,Tonga,4933.074669307846,,26.7908926469322,20815.194298172304,27.1698871629964,46.0363490194952,52.733,2.302,,
TON,2023,Tonga,4863.763846321917,51.2195091247559,26.2915854119976,21540.30958856055,27.3947085019065,46.313706086096,52.205,1.6517140989840178,100.986,1.668
TSA,2000,South Asia (IDA & IBRD),440.2536675779128,8.18647003173828,59.58487748012341,8735.472074595946,15.682736573408706,24.732386402321097,59.45498231512752,7.207418197188247,,
TSA,2001,South Asia (IDA & IBRD),446.4189193488711,8.76834964752197,58.567287790081934,8945.902013975487,16.19303822357883,25.23967443249836,59.32421945373597,7.269261476000977,,
TSA,2002,South Asia (IDA & IBRD),462.8988364966721,9.04603958129883,57.427762841753875,9102.639260891372,16.74703004918895,25.825207109053796,59.187588543988134,7.40892084951567,,
TSA,2003,South Asia (IDA & IBRD),532.66154684429,9.40468978881836,56.303495339246815,9581.837361466803,17.364146463332652,26.33235841171986,59.0476221198369,7.374957451474814,,
TSA,2004,South Asia (IDA & IBRD),606.4780416962581,9.68348026275635,55.21685039333827,10095.8631265906,17.961303632759726,26.821846183849253,58.90510302727677,7.330400995887893,,
TSA,2005,South Asia (IDA & IBRD),686.3381934754727,9.74098014831543,54.15286741656767,10651.649036029212,18.547440958903863,27.299691624528467,58.76586817995528,7.249344587258306,,
TSA,2006,South Asia (IDA & IBRD),769.3877680774556,10.4603700637817,53.50188551865584,11396.52922564501,19.016644598039996,27.481469883308023,57.94625165666261,7.160496521592063,,
TSA,2007,South Asia (IDA & IBRD),967.697911561283,11.8647699356079,52.787150476743854,12174.324546339394,19.67372458818536,27.53912412424875,57.15709837827388,7.2019568008849895,,
TSA,2016,South Asia (IDA & IBRD),1722.9070341514437,23.0947704315186,43.18790894218368,19537.14079114945,24.55441159061437,32.25767983380586,52.9907711033535,7.2425756837613795,,
TSA,2017,South Asia (IDA & IBRD),1956.0670755418591,23.5852108001709,42.09904387415614,20454.1925838533,24.64323579935521,33.25772014161753,53.058753964418166,7.242855312067695,,
TSA,2018,South Asia (IDA & IBRD),1988.366333179902,24.193229675293,41.12204162089858,21458.3489310936,24.722749630390425,34.15520909837159,52.915351112870574,7.27732361933033,,
TSA,2019,South Asia (IDA & IBRD),2067.059756876371,25.2488307952881,40.43602822192435,21793.741139337148,24.62872452505748,34.935247598547406,52.804122026516545,6.29818732290556,,
TSA,2020,South Asia (IDA & IBRD),1957.20343722686,25.7562503814697,43.849802704583475,20938.449289400967,23.298478218248952,32.85171907716757,52.15920320467816,7.612795419685332,,
TSA,2021,South Asia (IDA & IBRD),2273.720557986886,27.1050205230713,43.28028274442506,21836.28850201335,23.956259962207177,32.76345712672306,53.12673684370702,6.3149174406514295,,
TSA,2022,South Asia (IDA & IBRD),2385.083415784143,27.7098007202148,42.0430352499565,22329.940482436177,25.383385553117336,32.57357919237347,54.09994590501923,4.869393034227207,,
TSA,2023,South Asia (IDA & IBRD),2532.375600516906,29.0444602966309,42.577781936893395,23343.754550360263,24.493240789901908,32.92897727943822,55.03926055879872,4.305251765962449,,
TSS,2000,Sub-Saharan Africa (IDA & IBRD countries),628.8402666155815,4.35811996459961,61.06710462892728,8315.46276658017,10.33549734057305,28.59739956754925,73.83797686024128,6.435510932341373,,
TSS,2001,Sub-Saharan Africa (IDA & IBRD countries),586.5738871837734,4.74646997451782,60.70422626737349,8428.729925523736,10.41646156915778,28.87931179896228,73.748003589465,6.341432974449313,,
TSS,2002,Sub-Saharan Africa (IDA & IBRD countries),621.6935933250913,5.10611009597778,60.42921718519269,8693.807374267268,10.4771751900889,29.093609803729,73.61820390734742,6.237321273979363,,
TSS,2003,Sub-Saharan Africa (IDA & IBRD countries),761.9602328385319,5.48963022232056,60.03462675672039,8800.055057865693,10.491894466142549,29.473479836256,73.5403447599433,6.168585018488661,,
TSS,2004,Sub-Saharan Africa (IDA & IBRD countries),922.869892282636,5.73406982421875,59.339940758377885,9123.02065865008,10.640710607593872,30.0193486340616,73.43653057319,6.022865216369306,,
TSS,2005,Sub-Saharan Africa (IDA & IBRD countries),1067.920605851608,6.04485988616943,58.87760979865247,9416.104263796542,10.611434530550968,30.510955003865277,73.34889592965993,5.9234875657370125,,
TSS,2006,Sub-Saharan Africa (IDA & IBRD countries),1225.83189983052,6.23119020462036,58.18962355320196,9731.957211968873,10.59355267818567,31.21682311930333,73.179917527891,5.836134352795272,,
TSS,2007,Sub-Saharan Africa (IDA & IBRD countries),1379.846717702471,6.41622018814087,57.52746513641442,10072.398006998032,10.540454635169262,31.93208086116832,72.9678455395985,5.793449212861775,,
TSS,2016,Sub-Saharan Africa (IDA & IBRD countries),1452.2742007677632,9.03295040130615,51.66484281780443,11600.363300136232,11.363591399467882,36.97156552519645,70.37614622861147,5.94167376890049,,
TSS,2017,Sub-Saharan Africa (IDA & IBRD countries),1542.2446487427642,9.18089008331299,51.267528255124894,11667.88359539979,11.493684463594157,37.238787034403025,69.80938541758054,6.077506409151429,,
TSS,2018,Sub-Saharan Africa (IDA & IBRD countries),1612.7355316348985,9.29232978820801,50.67502815999352,11699.401132317013,11.560013586039345,37.76495729185069,69.46991767812966,6.106327975056263,,
TSS,2019,Sub-Saharan Africa (IDA & IBRD countries),1617.6688806924149,9.31449031829834,50.16935361897757,11739.263476344888,11.613307394478284,38.21733922111167,69.18118460392164,6.267921210760103,,
TSS,2020,Sub-Saharan Africa (IDA & IBRD countries),1480.478642261376,9.42311000823975,50.42927379102441,11420.869726812163,11.879721555645617,37.69100419171314,68.09502677658323,6.803309525677002,,
TSS,2021,Sub-Saharan Africa (IDA & IBRD countries),1621.1009701351293,9.49664974212646,50.32676225938723,11524.881017884736,12.038966802246016,37.634271165354605,68.43830718835761,6.987663395916698,,
TSS,2022,Sub-Saharan Africa (IDA & IBRD countries),1696.4399928693913,,49.34869574802615,11492.97315875662,12.42130104173755,38.23000428657696,68.56954654747683,6.198018531836619,,
TSS,2023,Sub-Saharan Africa (IDA & IBRD countries),1580.787927573091,,49.015068510995775,11372.83226688842,12.531231483883134,38.453698521133695,70.18502479283059,5.887753616944011,,
TTO,2000,Trinidad and Tobago,6178.589755596872,5.55650997161865,7.22531667069755,47909.79000698191,28.0852430808768,64.6894402484257,63.075,12.122534473730145,1718.6999999999998,208.8
TTO,2001,Trinidad and Tobago,6657.414669372205,6.03922986984253,7.86042072883599,48400.88041644624,28.8667823321821,63.272796938982,63.065,10.876447374127238,,
TTO,2002,Trinidad and Tobago,6762.930808080963,8.33351039886475,6.89186916084357,51124.45518943307,28.503318638342,64.6048122008144,63.048,10.406004776526782,1758.6,183.3
TTO,2003,Trinidad and Tobago,8445.046535182983,8.45785999298096,5.90111642743222,56655.05421666911,28.5661203298381,65.5327632427297,64.187,10.4782262458611,,
TTO,2004,Trinidad and Tobago,9871.03419820086,11.5449304580688,4.64040996923946,57870.3153752722,30.3230498526191,65.0367007237396,65.327,8.329597783120747,,
TTO,2005,Trinidad and Tobago,12346.437309407496,,4.34095053346266,62053.32504731855,31.1045586808923,64.554490785645,66.464,7.959920533394937,1871.1,149.10000000000002
TTO,2006,Trinidad and Tobago,14152.660742211256,,4.41323020692521,68295.85623844653,30.8415801342169,64.7450391240076,66.542,6.252497362187162,1875.9,117.0
TTO,2007,Trinidad and Tobago,16606.675360681045,,3.81283038219238,70909.88892129794,31.8468308651877,64.3404878252392,65.999,5.543949863409932,1866.9,103.5
TTO,2016,Trinidad and Tobago,17449.16235281861,,3.24500118719556,74352.58280772984,27.3770173330551,69.3778375772577,62.041,3.2073399013223316,1900.734,60.96300000000001
TTO,2017,Trinidad and Tobago,17578.641776586544,,3.18692348960767,71187.35994880644,26.8350264495324,69.9780500608599,61.563,3.394,,
TTO,2018,Trinidad and Tobago,17575.8042838042,,3.12071154842641,70658.9429472873,26.6645598091301,70.2147286424435,61.148,3.498,,
TTO,2019,Trinidad and Tobago,17293.473012342707,,3.03306882618635,71117.95572045748,26.3948275837634,70.5721035900503,60.685,3.522744152564644,1837.857,64.743
TTO,2020,Trinidad and Tobago,15358.861297306576,,3.03526571334736,67315.03184303254,26.3087429026236,70.6559913840291,58.637,4.206170799083341,1784.307,75.051
TTO,2021,Trinidad and Tobago,17679.181256134125,,3.0050333634526,67825.73533155129,27.244746735956,69.7502199005914,57.632,4.44550155753679,1759.509,78.219
TTO,2022,Trinidad and Tobago,20874.37682914996,,2.98097496520705,67554.34180096196,27.0647361528455,69.9544355329517,58.35,4.383260656458101,1774.98,77.802
TTO,2023,Trinidad and Tobago,18639.259241293963,,2.91925076739961,68300.97982865121,26.94020620359,70.1403973432749,58.164,3.361531388447714,1794.4499999999998,60.321
TUN,2000,Tunisia,2199.044659363143,17.8167400360107,20.5186177957467,32066.56540429579,32.2153979779881,47.2659842262652,47.969,14.940251572327046,,
TUN,2001,Tunisia,2235.7198162475106,20.3472995758057,20.0340970869687,32577.74769284222,32.2964863110224,47.6694166020089,47.563,14.40147329650092,,
TUN,2002,Tunisia,2320.7723805784976,22.0303802490234,19.6707582110631,32598.950726602892,32.1774564035415,48.1517853853954,47.16,14.549376797698946,,
TUN,2003,Tunisia,2725.864314885902,26.1172008514404,19.2740786744373,33663.68882316587,32.2656568107692,48.4602645147934,46.76,14.511282805984791,,
TUN,2004,Tunisia,3067.419363769748,28.5109004974365,18.8286768905648,35202.18855919907,32.4765586597758,48.6947644496594,46.395,14.23464022833108,,
TUN,2005,Tunisia,3146.8260743927026,30.2890605926514,18.5251965076111,35450.981685766536,32.4233782828147,49.0514252095742,46.082,12.872237117164753,10077.246,1297.167
TUN,2006,Tunisia,3322.5693357009604,31.0529403686523,19.4381968749402,36224.60162901937,32.2987230732942,48.2630800517656,46.487,12.510128659819989,10303.683,1289.004
TUN,2007,Tunisia,3726.916729356669,31.341890335083,18.7020531953604,37877.49608424811,32.8540618035698,48.4438537666382,46.634,12.364770398699727,10561.482,1305.903
TUN,2016,Tunisia,3847.8035444880866,31.186559677124,14.7653758072288,42287.37232503992,33.3531672933892,51.881456899382,47.719,15.557133047918676,12141.633,1888.89
TUN,2017,Tunisia,3619.032473199531,31.0175304412842,14.8122965003757,42952.99269397474,33.289749311232,51.8979541883923,47.488,15.329792537297354,12252.612,1878.3
TUN,2018,Tunisia,3628.1036646423577,31.1403503417969,14.2594565943561,42756.13677982847,33.9595399658784,51.7810034397654,48.61,15.458642555621363,,
TUN,2019,Tunisia,3528.8721330679796,31.8208293914795,13.7052836454897,42985.39326435521,34.6035694946613,51.691146859849,49.68,17.15324804677334,12794.982,2194.755
TUN,2020,Tunisia,3548.6536366380274,33.1319389343262,13.5701941423303,41254.537444668415,34.1434484420113,52.2863574156584,46.978,17.656,,
TUN,2021,Tunisia,3906.939263193908,33.8982810974121,13.1786482490707,42727.53421509187,33.9984406293565,52.8229396188433,46.544,16.611,,
TUN,2022,Tunisia,3708.8481241035984,37.8049087524414,12.2726399139527,42941.60783201137,33.3252626842849,54.4020974017624,46.404,15.300509900609091,12200.613,1866.756
TUN,2023,Tunisia,3950.375341981596,38.4501686096191,12.8477355344223,42981.46569039521,33.3168856359412,53.8354067386253,45.781,15.105970397224707,12098.19,1827.549
TUR,2000,Turkiye,4192.443167384937,,35.9992582911499,45217.63833925717,23.9794246138258,40.0213170950243,49.948,6.494519301590053,,
TUR,2001,Turkiye,3045.554139569256,25.0384502410889,37.5766598783751,42741.65820489096,22.6909477426971,39.7323923789278,49.822,8.380863199114668,,
TUR,2002,Turkiye,3583.1974589715783,25.9334297180176,34.9208603054591,45847.06219208642,23.0027182831616,42.0764261507798,49.577,10.358147541671917,,
TUR,2003,Turkiye,4637.882185015292,29.7210502624512,33.8818752486551,48947.09381162732,22.750272647543,43.3678521038018,48.331,10.542347068279888,,
TUR,2004,Turkiye,5960.778989090488,30.7662506103516,29.1004458023573,55318.34352704803,24.8879387832194,46.0116154144232,46.306,10.837572674418606,,
TUR,2005,Turkiye,7303.013888602453,33.2225189208984,25.6839588737178,59022.26025600166,26.3367733788128,47.9792677474694,46.431,10.635549815169464,,
TUR,2006,Turkiye,7953.078480249695,37.3102416992188,24.0305519878196,62074.73673837671,26.75773554773,49.2117124644504,46.272,10.226773314582053,,
TUR,2007,Turkiye,9711.223761208315,39.3874015808105,23.4641706617442,64867.39307528082,26.7335341183847,49.802295219871,46.23,10.284700588438907,,
TUR,2016,Turkiye,10970.045894886163,103.71558380127,19.5001001716646,74102.0980632588,26.7761314401615,53.7237683881739,52.0,10.898968396921566,,
TUR,2017,Turkiye,10695.550196231012,110.534072875977,19.3828787682109,77179.52909927096,26.5382588068171,54.078862424972,52.832,10.918686597351703,,
TUR,2018,Turkiye,9568.835063302282,115.462463378906,18.4298969889534,77705.52793794502,26.664718910035,54.9053841010116,53.212,10.955848179705654,,
TUR,2019,Turkiye,9215.440498881144,117.005470275879,18.1080983549538,79939.21620552627,25.318468199387,56.5734334456592,52.951,13.730068512089469,,
TUR,2020,Turkiye,8638.739038481022,118.883682250977,17.5535570306777,85757.68752984054,26.2407985737548,56.2056443955675,49.334,13.147836227001813,,
TUR,2021,Turkiye,9743.212778048552,125.763786315918,17.1662187064398,89444.5628775016,27.5652362933126,55.2685450002476,51.359,11.968946757136743,,
TUR,2022,Turkiye,10674.504157864983,127.577972412109,15.6683095709963,88599.49757167598,27.7081622891847,56.623531247476,53.055,10.464663395149795,,
TUR,2023,Turkiye,13105.658500477752,,14.6427031709779,90796.2332748558,27.593299393535,57.763997435487,53.313,9.38763859684593,,
TUV,2000,Tuvalu,1579.4190627554176,,,,,,,,,
TUV,2001,Tuvalu,1456.78409421177,,,,,,,,,
TUV,2002,Tuvalu,1750.251750523477,,,,,,,6.526133410337858,,
TUV,2003,Tuvalu,2006.8424994144184,,,,,,,,,
TUV,2004,Tuvalu,2322.5626507289217,,,,,,,,,
TUV,2005,Tuvalu,2304.8269432905213,,,,,,,,,
TUV,2006,Tuvalu,2396.2684430770155,,,,,,,,,
TUV,2007,Tuvalu,2794.163100841186,,,,,,,,,
TUV,2016,Tuvalu,3808.697550159088,,,,,,,8.500112435349674,13.341,1.134
TUV,2017,Tuvalu,4165.663387001063,,,,,,,26.553191489361705,10.575,2.8080000000000003
TUV,2018,Tuvalu,4466.120349282449,,,,,,,,,
TUV,2019,Tuvalu,5115.130759502061,,,,,,,,,
TUV,2020,Tuvalu,4976.112541095707,,,,,,,,,
TUV,2021,Tuvalu,5905.081980953432,,,,,,,,,
TUV,2022,Tuvalu,5911.3272705530135,,,,,,,7.3178391959799,9.552,0.6990000000000001
TUV,2023,Tuvalu,6344.775018868903,,,,,,,,,
TZA,2000,Tanzania,401.698150634766,0.645619988441467,83.0394001861594,3850.190192435129,2.83562807815428,14.1249654494892,86.442,3.127,,
TZA,2001,Tanzania,396.638732910156,0.664330005645752,82.2900966839093,3968.230702372864,2.95636400040876,14.7535393156819,86.438,2.994,,
TZA,2002,Tanzania,402.649047851563,0.696410000324249,80.6354855187706,4126.796170368356,3.31532852915238,16.049185952077,86.84,3.024,,
TZA,2003,Tanzania,422.18359375,0.893930017948151,78.8904204191702,4273.6960058769155,3.73224850546235,17.3773253170132,87.232,3.055,,
TZA,2004,Tanzania,450.385284423828,1.20785999298096,76.9240957912029,4460.885336393824,4.22459196105651,18.8513122477406,87.614,3.108,,
TZA,2005,Tanzania,483.334869384766,1.41761004924774,74.7868561983011,4656.8152667227305,4.79002116530957,20.4231226363893,87.987,3.194,,
TZA,2006,Tanzania,475.746734619141,,72.5305441848643,4819.300391099367,5.42455564972857,22.0449001654071,88.349,3.299,,
TZA,2007,Tanzania,543.198303222656,1.45642995834351,71.9958566133482,5025.4823639924625,5.49945749952675,22.5046858871251,87.864,3.023,,
TZA,2016,Tanzania,953.0107421875,3.94585990905762,67.1391924411906,6818.507062487973,6.73676190711379,26.1240456516956,83.875,2.23,,
TZA,2017,Tanzania,986.674011230469,,66.6546700754055,7016.648540378086,7.00541944998872,26.3399104746058,83.832,2.303,,
TZA,2018,Tanzania,1023.10626220703,,66.2450016152667,7154.782382506839,7.26411286087302,26.4908817388181,83.799,2.393,,
TZA,2019,Tanzania,1063.32250976563,3.02422857284546,65.780827002449,7335.288324987073,7.5443589812243,26.6748176841012,83.77,2.496,,
TZA,2020,Tanzania,1117.41528320313,7.50897979736328,65.7939530310164,7558.805235313266,7.98207761979644,26.2239693491872,80.392,2.781,,
TZA,2021,Tanzania,1159.85656738281,3.70787215232849,66.042425119945,7328.79547960156,8.27635146696218,25.6812234130928,83.621,2.821,,
TZA,2022,Tanzania,1207.85302734375,5.43237113952637,65.5707934242957,7387.930864245604,8.35087232552228,26.078334250182,83.698,2.588,,
TZA,2023,Tanzania,1224.48962402344,5.21874570846558,65.3711666250147,7510.746664910429,8.43255032443401,26.1962830505513,83.74,2.582,,
UGA,2000,Uganda,258.05033873108596,2.61258006095886,81.22461939984,4143.348493684281,5.78893046507929,12.9864617449384,74.492,3.529,,
UGA,2001,Uganda,236.02118885399335,2.8538498878479,80.8632427731053,4232.465232085357,5.81658109300518,13.3201761338895,74.488,3.52,,
UGA,2002,Uganda,241.9846884083346,3.54973006248474,80.2385006281945,4464.263910113265,5.88816267628903,13.8733366955165,74.404,3.5,,
UGA,2003,Uganda,250.7154366468096,3.78515005111694,79.7763844669174,4612.011434869146,5.94396091503741,14.2796440056674,74.311,3.6019154694982305,,
UGA,2004,Uganda,292.38185796262013,3.66168999671936,79.255952903855,4741.385614819349,6.00919785292179,14.7348492432232,74.23,2.705,,
UGA,2005,Uganda,330.40540270702513,,78.7734687267309,4860.648512588854,6.06652681801848,15.1599946072166,74.145,1.9,,
UGA,2006,Uganda,346.5182553106472,3.55641007423401,77.908073168678,5255.688049730833,6.18671300359984,15.9052138277221,74.001,2.272,,
UGA,2007,Uganda,401.3891308655809,,77.2162154763159,5557.674264144138,6.28566655128614,16.4981085969491,73.861,2.677,,
UGA,2016,Uganda,752.6965717256556,4.75620269775391,71.5072204198744,6910.177985048402,6.8873579914596,21.605421588666,72.622,3.008,,
UGA,2017,Uganda,765.2183322973606,,70.705473390717,7093.27954553307,7.00495820666452,22.2895684026185,69.938,3.4282480422171115,44231.922,1516.38
UGA,2018,Uganda,792.1657002281404,,66.3244030950876,6806.318487981344,7.33010358304573,26.3454870573189,73.957,3.25,,
UGA,2019,Uganda,822.1711501416511,,61.3604324317391,6622.219355764566,7.74858474397005,30.8909828242909,77.242,2.563195525332312,52622.634000000005,1348.821
UGA,2020,Uganda,845.7664638500104,,64.0717538493679,6463.767106976461,7.46594598362697,28.4623001670051,78.651,3.831,,
UGA,2021,Uganda,882.791717442001,,66.6660669333332,6354.795524799681,7.12706424690592,26.2068688197609,79.156,3.415895064092341,55815.327000000005,1906.593
UGA,2022,Uganda,963.0673142334972,,66.3299318154216,6213.31184165624,7.04319031343315,26.6268778711452,81.087,2.886,,
UGA,2023,Uganda,1002.3091390885152,,65.9125492565304,6336.576663517667,7.08960419147807,26.9978465519916,80.82,2.787,,
UKR,2000,Ukraine,653.294311523438,50.5071182250977,22.0488003413964,24980.685578088294,23.2406185795456,54.7105762153077,57.207,11.70724272344216,,
UKR,2001,Ukraine,800.49072265625,52.9101104736328,21.8042597166221,27096.268044409004,23.3688236984401,54.8269165849378,56.975,11.060877895932649,,
UKR,2002,Ukraine,903.011901855469,56.645679473877,21.6694233566968,28349.391921309183,23.33503916773,54.9955374755731,56.743,10.135618044963742,,
UKR,2003,Ukraine,1076.48156738281,60.2553215026855,21.3912788288036,30792.320878823193,23.425627761151,55.1830934100453,56.51,9.05675355076157,,
UKR,2004,Ukraine,1401.01806640625,63.4407501220703,20.793887989475,34408.95738089547,24.0799611518119,55.1261460843315,56.277,8.587641426152128,22202.4,1906.7
UKR,2005,Ukraine,1875.33508300781,66.8898620605469,20.4585160128486,35180.225533961755,24.3787720384607,55.1627119486907,56.044,7.184605130875013,22280.8,1600.8
UKR,2006,Ukraine,2366.494140625,71.939811706543,18.7922117352867,37938.43418898339,25.0794543818306,56.1283338828826,55.81,6.810389102478374,,
UKR,2007,Ukraine,3160.32763671875,76.2627563476562,17.8671621925801,40610.368686222115,25.5638312795504,56.5690065278695,56.24,6.350480964684459,,
UKR,2016,Ukraine,2158.46118164063,77.0398406982422,15.5994098481514,34764.106124500424,24.2447866980025,60.1558034538462,56.299,9.346648027579908,17955.1,1678.2
UKR,2017,Ukraine,2604.28759765625,80.1990203857422,15.4081360071013,35835.732402693335,24.295017943884,60.2968511537425,56.305,9.5102607760552,17854.4,1698.0
UKR,2018,Ukraine,3059.0517578125,81.4946670532227,14.9050940718187,36994.84416935949,24.3110487073619,60.7838572208194,56.312,8.799424775608863,35878.868,3157.134
UKR,2019,Ukraine,3619.86157226563,84.4813613891602,13.9078605515691,38113.50342084997,24.9772716227645,61.1148678256665,56.318,8.194391469141845,36311.47,2975.504
UKR,2020,Ukraine,3709.76928710938,82.1345977783203,14.1222049017501,38229.3434679099,24.736987712778,61.1408073854719,55.087,9.475152907838089,35339.588,3348.48
UKR,2021,Ukraine,4775.94580078125,75.9079437255859,14.1162036397552,40308.33593374745,25.2186437472818,60.665152612963,54.639,9.833817860550962,34809.878,3423.14
UKR,2022,Ukraine,4199.6708984375,,,,,,,,,
UKR,2023,Ukraine,5139.59814453125,,,,,,,,,
UMC,2000,Upper middle income,1846.5615964516337,15.2830600738525,42.01438090673502,16439.395167369534,22.667136765204408,35.31848292301639,68.58342697052089,5.689973230270966,,
UMC,2001,Upper middle income,1830.9762019130048,16.4661998748779,41.72415422829563,16782.45418857297,22.22751687563385,36.04832810501763,68.32153847457946,5.952328882720286,,
UMC,2002,Upper middle income,1829.2992221235809,18.2739391326904,41.5804522700646,17382.7069367772,21.7106839732466,36.70886410293219,68.02090205146821,6.2864581963477475,,
UMC,2003,Upper middle income,2022.1422097199104,20.3841590881348,40.97507323058276,18110.98790401451,21.711146509870986,37.31378034515308,67.80044873821954,6.400680544854768,,
UMC,2004,Upper middle income,2365.308231371069,22.1429901123047,39.13312790662583,19203.879407168315,22.369669665972367,38.49720287471194,67.61623291256538,6.245003576174608,,
UMC,2005,Upper middle income,2787.4762749189076,23.5832500457764,37.66393334559352,20276.776385447447,23.26164295443382,39.07442437184955,67.36845668732526,6.238486547544157,,
UMC,2006,Upper middle income,3261.314383442983,25.3404502868652,35.86107876086531,21607.52229543314,24.14992276396327,39.988997914219745,67.12875647524619,5.992625779312221,,
UMC,2007,Upper middle income,3981.3176140893665,26.5748405456543,34.4652514859416,23228.725732945273,25.178629860814024,40.35611888218904,67.06750000893628,5.906822467634943,,
UMC,2016,Upper middle income,7404.7120515826355,48.9616889953613,24.22660419971891,34455.520485767156,26.782452956867395,48.990942690858944,65.03002103655946,6.02909855160648,,
UMC,2017,Upper middle income,8053.633181576589,50.59619140625,23.682378962358296,35996.84243064069,26.92773481404831,49.38988667415424,64.82631093904135,6.0387822689964,,
UMC,2018,Upper middle income,8559.82716365995,51.9630012512207,22.94563623665445,37428.51177149313,27.14458328070956,49.90978040589172,64.62655459601523,5.962354785475753,,
UMC,2019,Upper middle income,8647.39963930798,53.8583984375,22.129700286990975,38707.896381982246,27.2650905759514,50.60520943029618,64.4621424219712,6.093920604849262,,
UMC,2020,Upper middle income,8334.90582376743,56.6068115234375,21.914128368629665,39559.21292015822,27.572379764963856,50.513491942955966,62.46444740670366,6.786163326301051,,
UMC,2021,Upper middle income,9905.055834526154,59.5541687011719,21.5650473079754,41319.37710809696,27.838198118815505,50.59675442002883,63.44054177263283,6.408266781069886,,
UMC,2022,Upper middle income,10310.86687610781,62.3282012939453,20.932630980246284,42563.70626515304,27.811489976326563,51.25587927010195,63.28764604807915,6.039347634830896,,
UMC,2023,Upper middle income,10631.316744156376,63.9436798095703,20.4373680285821,43903.91970659845,27.869922173312144,51.6927097088979,63.288943328800016,5.662411862177017,,
URY,2000,Uruguay,6987.7009876625725,33.8414497375488,11.2738537641629,47163.28689928746,22.6112354290097,66.1149108068274,60.164,12.626738610354508,3476.0519999999997,438.912
URY,2001,Uruguay,6382.761047408588,37.7791595458984,11.2658909086423,45408.48760203576,21.8741711437753,66.8599379475824,61.555,15.051499464322491,3466.638,521.781
URY,2002,Uruguay,4149.761403126869,39.5832290649414,11.2771455124886,43686.84397204843,20.6430507809611,68.0798037065503,59.971,16.64817676406675,3345.0689999999995,556.893
URY,2003,Uruguay,3671.1232925688273,41.7629699707031,11.1053815634725,44553.07426048679,19.9260834131765,68.9686163576235,59.113,16.661044105088894,3263.6369999999997,543.7560000000001
URY,2004,Uruguay,4168.660654383865,42.7656097412109,10.8243350419543,44375.66488020646,20.2485472607031,68.9271948475974,59.485,12.979512277029128,3287.481,426.699
URY,2005,Uruguay,5284.25677987129,44.3836708068848,10.4174060139234,46970.91785928995,20.5667851902063,69.0158087958702,59.514,12.008842948159105,3217.479,386.38200000000006
URY,2006,Uruguay,6001.332947831721,45.3399810791016,10.7375439210662,46157.66927980476,21.1875653704721,68.0748189713181,61.981,10.843645006729844,4379.745,474.924
URY,2007,Uruguay,7222.054036458771,50.3921318054199,10.6744536625746,46782.26040783064,21.6791358236161,67.6464105138093,63.817,9.403442513414651,4391.094,412.914
URY,2016,Uruguay,17009.75842072758,59.6462898254395,8.22360021885829,62338.48018350468,20.0537712176194,71.7226285635224,64.613,7.840628487176154,5355.336,419.892
URY,2017,Uruguay,19184.650261708244,59.7518882751465,8.7441682103525,63607.33659482293,19.7347698599361,71.5209988577671,64.114,7.889604712781267,5353.272,422.352
URY,2018,Uruguay,19249.94046775007,60.2781295776367,8.35871374325393,64121.02249700584,19.1991428001945,72.4421434565516,63.679,8.335794377387609,5353.419,446.25
URY,2019,Uruguay,18315.731698002815,61.9644317626953,8.30059631541847,64744.93621525498,18.9183765487372,72.7810271358443,63.695,8.836189075695982,5369.532,474.462
URY,2020,Uruguay,15757.53559957787,64.933219909668,8.01135998973108,63144.70375282834,18.222648310977,73.7659916992919,61.255,10.41328520555246,5201.154,541.611
URY,2021,Uruguay,17881.81872109899,75.17138671875,8.66744327682523,64023.116872583545,18.351801840169,72.9807548830057,62.928,9.328020700308384,5379.63,501.813
URY,2022,Uruguay,20818.614609114353,76.3977432250977,8.68555931388476,65393.96482584278,17.9844504085227,73.3299902775926,63.181,7.876712518466368,5415.927,426.597
URY,2023,Uruguay,23019.42215600459,,8.70560871291987,65200.50469508584,18.9995359272255,72.2948553598547,63.924,8.354852077693522,5574.21,465.717
USA,2000,United States,36329.97025957508,,2.26454136792772,109932.25106464783,22.6900465933563,75.045412038716,66.146,3.9919938021021033,,
USA,2001,United States,37133.620397351704,,2.10776724370164,111034.52948978209,22.4257966406618,75.466435405707,65.862,4.731332305796027,,
USA,2002,United States,37997.7424300242,,1.95540295181781,113396.80893056231,22.280206512388,75.7643912483186,65.586,5.7832021547665065,,
USA,2003,United States,39490.30239031761,,1.8103342628033,116237.53311072927,22.1877105056241,76.0019552315726,65.22,5.988718945174763,,
USA,2004,United States,41724.64119826138,,1.75268270253597,119148.82471166836,22.1366612055496,76.1106560919144,65.001,5.52856567740455,,
USA,2005,United States,44123.39964700257,80.6348266601562,1.69278311814549,121196.232571567,22.0102469674384,76.2969706020102,65.049,5.08351938129058,,
USA,2006,United States,46301.98764855189,,1.66751093308373,122255.20007161572,22.1018151844876,76.2306745569065,65.175,4.623026083248279,,
USA,2007,United States,48050.22741219505,,1.57514740287353,123651.00310168783,21.8861308137137,76.5387211152153,64.994,4.622140843365831,,
USA,2016,United States,57976.62820429104,88.8350524902344,1.78133393217306,135265.25775588187,19.4748572762793,78.7438087915476,62.431,4.869160690104919,,
USA,2017,United States,60047.71907283069,88.1673889160156,1.76833506100628,136420.18557413496,19.427049292447,78.8046156465468,62.548,4.355219845264943,,
USA,2018,United States,62875.66613827284,88.2991790771484,1.70871906711673,138621.2359945687,19.5692888282673,78.721992104616,62.591,3.895649592820101,,
USA,2019,United States,65227.95659110383,87.8887100219727,1.67971284695616,140255.89205583505,19.6179646764402,78.7023224766036,62.848,3.669183322280998,,
USA,2020,United States,64401.507435421176,87.5676574707031,1.74639288516775,145799.89537594194,19.4184042333616,78.8352022436249,61.556,8.054803259454912,,
USA,2021,United States,71307.40172772181,84.8550872802734,1.66240286127329,149654.66681383667,19.1836648795555,79.1539322591713,61.501,5.349267604567879,,
USA,2022,United States,77860.91129088482,79.361930847168,1.62054379844697,148651.62355159977,19.2767780698353,79.1026787305821,61.794,3.649711629292186,,
USA,2023,United States,82304.62042728657,,1.5696099166759,150436.4450580868,19.3356589298461,79.094731153478,62.08,3.63811435941176,,
UZB,2000,Uzbekistan,555.149231099186,13.0081100463867,25.7314991311271,9956.509670885796,24.1144827659308,50.1540181029422,61.753,12.317,,
UZB,2001,Uzbekistan,454.4158122567783,13.297869682312,24.6527265410727,10018.762665913651,24.1649196095861,51.1823424721854,61.546,11.3,,
UZB,2002,Uzbekistan,381.40929688928264,13.7379999160767,23.6092389514382,10058.44541529205,24.2519399236137,52.1388211249481,61.339,0.371485300710946,,
UZB,2003,Uzbekistan,394.1640288972349,13.8350601196289,22.5884128595888,10136.57540632676,24.3705204080332,53.041066732378,61.104,0.3346775869953852,,
UZB,2004,Uzbekistan,462.17149286788526,13.8527898788452,21.4971579781133,10581.259079293292,24.5478376404965,53.9550043813902,60.606,0.3509124729777286,,
UZB,2005,Uzbekistan,542.8358086922086,9.84444999694824,20.4695907330706,10992.053434678486,24.7294118684723,54.800997398457,60.143,0.2709311424100156,,
UZB,2006,Uzbekistan,649.118167003925,9.96053028106689,19.4731899671391,11478.081025238322,24.9607295407653,55.5660902323968,59.629,0.2430307362401715,,
UZB,2007,Uzbekistan,824.0281923347682,9.83143043518066,18.4783417274242,12240.63582041905,25.2115159082887,56.3101423642871,59.003,0.2070943075615972,,
UZB,2016,Uzbekistan,2753.379514275888,8.33958339691162,15.4860276947419,20360.647972598385,27.0150743006376,57.498889703337,56.807,5.163167503423095,42067.2,2172.0
UZB,2017,Uzbekistan,2190.604115628878,8.64750289916992,15.2884403171666,21125.69744711763,27.0765883595858,57.6349713232476,56.774,5.829786937655409,43071.899999999994,2511.0
UZB,2018,Uzbekistan,1813.0853081366367,9.95855522155762,15.0242034640705,21953.021969669124,27.1173096800698,57.8584868558596,56.63,9.347111332700438,43925.052,4105.728
UZB,2019,Uzbekistan,2041.384807294311,12.4469442367554,14.7115005090222,23088.171472425955,27.121985645623,58.1665138453549,56.454,8.976097659051993,44629.227,4005.963
UZB,2020,Uzbekistan,1978.280518607626,15.972095489502,14.3914647924623,23623.16944110934,27.3230298623142,58.2855053452234,55.517,5.292633661763321,41876.505,2216.37
UZB,2021,Uzbekistan,2258.519641192782,21.5782890319824,14.561314391543,24928.073219051093,27.8351383798121,57.6035551004597,56.143,5.364,,
UZB,2022,Uzbekistan,2578.6668939421884,31.2952404022217,14.1154752472064,25817.526660302636,27.7685329651406,58.1159840964611,56.116,4.49,,
UZB,2023,Uzbekistan,2878.9687929245074,45.8428611755371,13.8767744923336,27043.84313584321,27.9187475981963,58.2044703298136,56.03,4.46,,
VCT,2000,St. Vincent and the Grenadines,3768.955366040222,,16.8108839370039,28979.09874270825,20.6753962784287,62.5137197845675,63.517,20.794,,
VCT,2001,St. Vincent and the Grenadines,4071.086010989624,,16.0338948547,29395.683020425367,20.5710214260268,63.3950837192732,63.594,21.1,,
VCT,2002,St. Vincent and the Grenadines,4303.279767897269,,15.5365536553655,30425.62636167203,20.4845484548455,63.978897889789,63.81,20.617,,
VCT,2003,St. Vincent and the Grenadines,4499.614541933418,,14.9916699333595,31809.35054854079,20.5042140337123,64.5041160329283,64.083,19.967,,
VCT,2004,St. Vincent and the Grenadines,4873.489477424427,,14.569248599575,32638.420889873923,20.5621016032451,64.8686497971798,64.262,19.523,,
VCT,2005,St. Vincent and the Grenadines,5157.393738781021,,14.1792832502875,33187.01602765739,20.4987543119969,65.3243579915677,64.381,19.449,,
VCT,2006,St. Vincent and the Grenadines,5744.8278621256995,,13.7436722335242,35064.74049574993,20.6060462695747,65.6502814969012,64.673,19.15,,
VCT,2007,St. Vincent and the Grenadines,6398.1912353217185,,13.4824610767211,35913.05590370266,20.7981616957419,65.7170324516976,64.825,18.927,,
VCT,2016,St. Vincent and the Grenadines,7656.900428811777,23.7400379180908,10.9420020447997,37591.999880560776,18.9469281531741,70.1110698020262,65.216,19.028,,
VCT,2017,St. Vincent and the Grenadines,7988.044450192978,26.0128421783447,10.7059808389917,38165.02174947749,18.9214956748209,70.3748488512697,65.292,19.006,,
VCT,2018,St. Vincent and the Grenadines,8428.126771530695,26.3018646240234,10.4670374421148,39405.39978824639,18.9072208130687,70.6257417448165,65.426,18.984,,
VCT,2019,St. Vincent and the Grenadines,8740.594252320614,29.9456653594971,10.1746908954665,39919.60634921557,18.7265829898838,71.0987261146497,65.465,19.235,,
VCT,2020,St. Vincent and the Grenadines,8351.203240409815,33.904109954834,10.2633835599657,39983.17741083573,18.7382089917922,71.0008575278697,63.883,20.636,,
VCT,2021,St. Vincent and the Grenadines,8641.279040244432,35.740119934082,10.1297624274355,40637.983886038695,19.0033660178545,70.86687155471,64.224,20.341,,
VCT,2022,St. Vincent and the Grenadines,9693.558678330251,40.9883728027344,9.79716891506745,40802.46080098912,18.88894166825,71.3138894166825,65.563,19.417,,
VCT,2023,St. Vincent and the Grenadines,10582.365672522892,,9.60227539842979,42533.28292874883,18.9013210474355,71.4940529359221,65.809,18.574,,
VEN,2000,"Venezuela, RB",4776.281676393797,27.9836292266846,10.6152182011589,,22.8253044223717,66.5594885973456,64.039,13.99,,
VEN,2001,"Venezuela, RB",4920.393136004533,,9.65493031044243,,22.0941464273489,68.2509232622086,64.133,13.04,,
VEN,2002,"Venezuela, RB",3652.098965018651,37.8175811767578,9.97090724933734,,20.6858318116214,69.3432609390413,63.405,16.17,,
VEN,2003,"Venezuela, RB",3229.5055708207888,39.5479507446289,10.7670618325294,,19.8383168428552,69.3946213246154,62.685,16.78,,
VEN,2004,"Venezuela, RB",4269.089708723917,41.5587882995605,10.4970815347459,,20.3201363240145,69.1827821412396,63.761,15.07,,
VEN,2005,"Venezuela, RB",5432.485418465401,,10.2853021898144,,20.6494514262726,69.0652463839129,64.275,10.663,,
VEN,2006,"Venezuela, RB",6739.380653422186,,9.41759540793322,,22.1837896112004,68.3986149808664,64.86,8.606,,
VEN,2007,"Venezuela, RB",8331.62096991844,,8.83654100089971,,23.1294096231695,68.0340493759308,64.416,7.279,,
VEN,2016,"Venezuela, RB",,,6.05440734654525,,21.1378017366107,72.8077831339592,61.185,5.319,,
VEN,2017,"Venezuela, RB",,,8.08683679651768,,20.0638971535095,71.8492660499728,59.973,5.045,,
VEN,2018,"Venezuela, RB",,,9.32119506043309,,19.4647307764772,71.2140741630897,58.298,5.46,,
VEN,2019,"Venezuela, RB",,,10.7202209003122,,18.9120578326005,70.3677305057581,55.221,5.876,,
VEN,2020,"Venezuela, RB",,,11.0924507459487,,18.6612260113434,70.2463333835983,51.95,7.53,,
VEN,2021,"Venezuela, RB",,,11.1787820083914,,18.6004352730602,70.2207927831308,52.118,7.037,,
VEN,2022,"Venezuela, RB",,,10.8805478395107,,18.4161537289178,70.7032984315716,52.758,5.707,,
VEN,2023,"Venezuela, RB",,,10.6310221035829,,18.4561026564029,70.9128752400142,52.959,5.485,,
VGB,2000,British Virgin Islands,,50.3693809509277,,,,,,,,
VGB,2001,British Virgin Islands,,44.451831817627,,,,,,,,
VGB,2002,British Virgin Islands,,48.3110313415527,,,,,,,,
VGB,2004,British Virgin Islands,,65.8169174194336,,,,,,,,
VGB,2016,British Virgin Islands,,42.3565292358398,,,,,,,,
VGB,2018,British Virgin Islands,,17.1175594329834,,,,,,,,
VGB,2019,British Virgin Islands,,26.0911293029785,,,,,,,,
VGB,2020,British Virgin Islands,,32.4414710998535,,,,,,,,
VGB,2021,British Virgin Islands,,32.7071304321289,,,,,,,,
VGB,2022,British Virgin Islands,,31.3563404083252,,,,,,,,
VGB,2023,British Virgin Islands,,29.4202194213867,,,,,,,,
VIR,2000,Virgin Islands (U.S.),,,2.50993516000837,,22.4290594715192,75.0633293825095,59.902,10.546,,
VIR,2001,Virgin Islands (U.S.),,,2.42860955431011,,22.0910061382439,75.4781603060226,62.27,10.678,,
VIR,2002,Virgin Islands (U.S.),30062.022505045665,,2.35214599526867,132635.9716797364,21.7686155232624,75.879238481469,61.243,10.933,,
VIR,2003,Virgin Islands (U.S.),31731.256624118705,,2.26591673966161,134861.15971101483,21.5527177170255,76.1813655433129,59.752,11.254,,
VIR,2004,Virgin Islands (U.S.),35006.36144045139,,2.18770800976259,133706.59507959,21.3911692922121,76.4211226980253,61.581,10.927,,
VIR,2005,Virgin Islands (U.S.),40828.74609277752,,2.11152868594269,135202.39705586943,21.2543175547976,76.6341537592597,62.524,10.878,,
VIR,2006,Virgin Islands (U.S.),41377.14660096522,,2.05145738952047,137566.18038978876,20.9718779382853,76.9766646721942,62.798,10.36,,
VIR,2007,Virgin Islands (U.S.),44158.505404432464,,1.99272696697707,140496.49874793648,20.7344502133563,77.2728228196666,63.349,10.137,,
VIR,2016,Virgin Islands (U.S.),35324.97488745861,,1.5856524427953,105231.12158437948,16.6258503401361,81.7884972170687,58.324,12.515,,
VIR,2017,Virgin Islands (U.S.),35365.069303977405,,1.5449856165063,102082.54937795992,16.235988493205,82.2190258902887,59.135,12.217,,
VIR,2018,Virgin Islands (U.S.),36663.20875505837,,1.51316865696058,111244.92035509176,15.7505861824527,82.7335187305742,55.066,12.407,,
VIR,2019,Virgin Islands (U.S.),38633.529891533624,,1.45341139780517,119991.8084057048,15.7227338256495,82.8209126482097,52.303,12.551,,
VIR,2020,Virgin Islands (U.S.),39787.37416502023,,1.43018671882162,120763.0413472652,15.6923264981817,82.8774867829967,52.662,15.191,,
VIR,2021,Virgin Islands (U.S.),42571.07773684707,,1.39623882560469,122287.30741957252,16.0492719825395,82.5544891918558,53.562,14.273,,
VIR,2022,Virgin Islands (U.S.),44320.90918577405,,1.36170212765957,117998.22783004266,15.9002201027146,82.7410124724872,54.233,13.007,,
VIR,2023,Virgin Islands (U.S.),,,1.32910835313793,,15.7791274242291,82.8946982366576,54.334,12.32,,
VNM,2000,Viet Nam,404.02978405511834,9.13525009155273,65.2556486296251,8842.44620353033,12.4356455670638,22.3087058033111,73.46,2.256467972226974,,
VNM,2001,Viet Nam,419.2056775809006,9.23017978668213,63.9942981978214,9038.480326627268,13.8884331681375,22.1172686340411,74.97,2.761160521223125,,
VNM,2002,Viet Nam,445.1328618173133,9.58057022094727,62.0415827833331,9411.23818894234,14.7007915804545,23.2576256362123,74.464,2.1227568666239143,,
VNM,2003,Viet Nam,497.1170892492557,10.0598201751709,59.6738094070546,9920.185927079312,16.4131516940055,23.9130388989399,74.131,2.2528559723191433,,
VNM,2004,Viet Nam,565.452284586212,,57.8931434460231,10467.034149386189,17.3530182238368,24.7538359268278,74.004,2.14241400596304,129726.117,2779.269
VNM,2005,Viet Nam,710.7467599948609,16.332799911499,54.8920393701223,10990.981713921896,18.6777206905643,26.4302422858346,74.259,2.078,,
VNM,2006,Viet Nam,807.7566451170537,17.2420101165771,51.6687810964326,11421.897386618364,20.1802535419206,28.1509653616468,74.604,2.046,,
VNM,2007,Viet Nam,925.6403383487174,19.2340602874756,49.2835666933621,11834.031165405991,20.3881118745455,30.3283214320924,75.036,2.026368354874436,140916.186,2855.481
VNM,2016,Viet Nam,2735.060438041602,30.228063583374,41.8649063747934,17000.214779654307,24.7622067375134,33.3728868876932,76.965,1.8478317152627977,162918.732,3010.464
VNM,2017,Viet Nam,2956.1099212775316,,40.1554409659857,17973.379557213877,25.7768323065758,34.0677267274385,77.2,1.874010465020458,164186.97,3076.881
VNM,2018,Viet Nam,3222.3100312536644,,37.7241185824722,18936.43947598142,26.7047164114573,35.5711650060706,77.482,1.160769901758066,164660.541,1911.33
VNM,2019,Viet Nam,3440.9002537543365,28.506929397583,34.7053966130988,20457.730421090244,28.9540268692887,36.340574707177,76.614,1.6809748859849662,166522.119,2799.195
VNM,2020,Viet Nam,3534.0395348264683,,32.6123881327058,21529.54999166826,31.0698911929098,36.3177206743844,74.367,2.1025913358611303,163414.209,3435.933
VNM,2021,Viet Nam,3704.193559003796,38.8732376098633,29.0443461124589,22095.631540690498,33.1345614480398,37.8210942930653,73.696,2.383268044445342,164220.135,3913.806000000001
VNM,2022,Viet Nam,4147.69777213621,42.2242393493652,33.4543885598918,23264.77609301927,30.6862745098039,35.8593351321784,74.482,1.569776632593818,167686.596,2632.305
VNM,2023,Viet Nam,4323.3503198245135,,32.9841882562675,24333.24825221915,31.2298975402071,35.7859142035255,74.089,1.6453161496901805,167626.386,2757.984
VUT,2000,Vanuatu,1460.2381769222932,3.88809990882874,66.1827167089622,8315.399293441806,5.29183918792574,28.5254441031121,76.81,8.283,,
VUT,2001,Vanuatu,1350.1833823852155,3.87107992172241,66.0882121630159,7754.077519365622,5.05008831530498,28.8604102471539,76.965,8.434,,
VUT,2002,Vanuatu,1340.7153752828683,4.94776010513306,66.0738067085693,7096.4626467232265,4.80677080092103,29.1194224905097,77.168,8.621,,
VUT,2003,Vanuatu,1566.513967908582,4.85679006576538,65.4356516713226,7159.9061959910905,4.9609864174935,29.602157788267,77.125,8.682,,
VUT,2004,Vanuatu,1774.318675858938,4.88091993331909,65.0025554058449,7182.148875083646,5.15030432560517,29.8471402685499,77.087,8.447,,
VUT,2005,Vanuatu,1873.9914264061863,,64.3294117647059,7295.571435582999,5.45994397759104,30.2095238095238,77.017,8.126,,
VUT,2006,Vanuatu,2034.792896243511,,63.6012540817323,7661.396510883948,5.97641545254342,30.4223304657243,76.869,8.006510445697979,269.106,21.546
VUT,2007,Vanuatu,2333.7050674891443,,62.7078308063404,7823.591399500985,6.31138008270158,30.980789110958,74.053,6.854,,
VUT,2016,Vanuatu,2956.126448014892,,54.5593181390879,9656.440625142886,7.28237481459817,38.1583070463139,60.561,5.261,,
VUT,2017,Vanuatu,3159.860557901264,,52.7871158600288,9984.617787896525,7.54367636562988,39.6692077743414,59.909,5.287,,
VUT,2018,Vanuatu,3206.6574871881107,,51.0342992251712,10166.719419693954,7.73600548623834,41.2286717366606,59.254,5.326,,
VUT,2019,Vanuatu,3207.4465045208253,,49.2272925343791,10392.00169129479,7.93887250580164,42.8338349598192,58.596,5.444651162790697,322.5,17.558999999999997
VUT,2020,Vanuatu,3042.987115982865,,45.576153982545,9597.073587639035,10.8650682637562,43.5587777536988,58.039,4.046155014043878,237.114,9.594
VUT,2021,Vanuatu,3211.7194734931804,,45.0271493652197,9316.678817834414,11.5863194397226,43.3865311950577,57.901,4.766,,
VUT,2022,Vanuatu,3292.34108821237,,44.1655410475762,9463.604084512152,11.9615788683776,43.8728800840462,58.697,5.143,,
VUT,2023,Vanuatu,3515.236336117979,,43.6231566652066,9117.69087400234,12.1860855599358,44.1907577748576,58.698,5.082,,
WLD,2000,World,5496.486022896207,19.0037994384766,39.66962005077224,30366.308512618365,20.763944649704893,39.56643539810449,64.51176893059981,6.123040740942271,,
WLD,2001,World,5390.181690677577,20.2068996429443,39.2934947098583,30647.204766433835,20.608474905317763,40.098030273615834,64.30414710111573,6.202247857422479,,
WLD,2002,World,5525.029659593797,21.4635391235352,38.94807711253107,31074.472203610538,20.392225856144055,40.659697739822676,64.11465884615909,6.42825656435428,,
WLD,2003,World,6116.555079545444,22.6239700317383,38.450220361926014,31723.468139155462,20.444541459197996,41.105238291233576,63.97747563463231,6.495524748261589,,
WLD,2004,World,6804.784149525848,23.553689956665,37.37569138030511,32747.50492116915,20.778566496110237,41.84574220626811,63.8950150950909,6.337626848714128,,
WLD,2005,World,7276.275612131479,24.3118095397949,36.46140013032309,33651.248276136386,21.2146280478638,42.32397189160245,63.81081353415313,6.227169619108758,,
WLD,2006,World,7786.76387235499,25.350170135498,35.387459675934124,34828.77435525666,21.692743798968863,42.91979621946023,63.58448295674748,5.97627855172262,,
WLD,2007,World,8666.128891406055,26.3555908203125,34.469593556649656,36073.745427859576,22.237561285218742,43.29284538819187,63.4128757592697,5.77755042637603,,
WLD,2016,World,10221.365980464756,37.5227317810059,27.89357588036567,42950.470182073586,23.287858943402657,48.81856514706859,61.51205750225056,5.9776554399003645,,
WLD,2017,World,10765.266223350429,37.9007797241211,27.35092467443976,44098.25744113995,23.401661040740414,49.24741446682475,61.3248887657225,5.906576328964763,,
WLD,2018,World,11326.933901606331,38.2872314453125,26.710006996907435,45148.600548274546,23.521245040979476,49.76874774328883,61.19333072380571,5.768459788347748,,
WLD,2019,World,11376.823340999868,39.1298599243164,26.21811931645494,45890.31747559641,23.529926504580096,50.25195425843528,61.06782449018497,5.598562260829045,,
WLD,2020,World,10963.175642236374,40.1212005615234,26.873230907249923,45491.02365267541,23.433752815810973,49.69301645938875,59.76830358999632,6.609206743895924,,
WLD,2021,World,12418.56592450642,41.4295997619629,26.610592949125863,47075.41641341264,23.69333968309527,49.69606739646211,60.46069559362565,6.06455552633467,,
WLD,2022,World,12819.74483797328,42.3894500732422,26.183385592487536,47665.81155746176,23.825632348080656,49.9909824998544,60.744477486602634,5.260645445202628,,
WLD,2023,World,13263.619548804616,43.272331237793,26.078186498064294,48382.21742766395,23.688545404551434,50.23326795654749,61.10871934730178,4.915954069048326,,
WSM,2000,Samoa,1424.7524000247056,6.8549599647522,41.22177909385,14425.192738788515,11.9747359772692,46.8034849288807,56.719,4.734,,
WSM,2001,Samoa,1453.8702132460612,,39.8929325166006,15528.710603226486,12.5049329970316,47.6021344863678,56.417,4.9544113150546805,158.835,7.86
WSM,2002,Samoa,1527.5579045593702,,38.9858587238694,16330.453547867488,12.7903402104113,48.2238010657194,56.182,4.975,,
WSM,2003,Samoa,1798.1242971404845,,37.7355610211178,17064.831062041067,13.2711390043253,48.9916037655839,55.98,5.037,,
WSM,2004,Samoa,2189.2604260799185,,37.2500084314188,17488.139299640337,13.3637988600722,49.3878789922768,55.874,5.162,,
WSM,2005,Samoa,2550.0422143751075,,36.2627756858526,18591.52835840616,13.6800699300699,50.0571543840775,55.61,5.212,,
WSM,2006,Samoa,2663.2913593953203,,35.4155522867077,18880.960788269294,13.6851430863867,50.8993046269056,55.512,1.2940422805893657,163.905,2.121
WSM,2007,Samoa,3038.619040933768,,33.9674228239076,18807.667720112506,14.1841621236475,51.8500720807304,55.461,5.426,,
WSM,2016,Samoa,4147.070976748883,,28.9847179060007,22451.53827106365,14.269695319258,56.7455867747413,54.501,9.062,,
WSM,2017,Samoa,4307.59381964907,12.5871524810791,29.0977647829491,22707.97769396041,14.051989966288,56.8502452507629,54.432,9.399342796617235,179.853,16.905
WSM,2018,Samoa,4231.8140946919375,13.5642290115356,29.1385645464195,23068.209661682817,13.7731689393321,57.0882665142484,52.357,8.639,,
WSM,2019,Samoa,4351.942349437056,13.1230764389038,29.2531955580904,24750.764308016587,13.7635454758949,56.9832589660147,50.102,7.838,,
WSM,2020,Samoa,4099.660090714701,16.3868522644043,29.9799109092497,24973.835597618512,13.6396191807145,56.3822167874924,47.522,7.435,,
WSM,2021,Samoa,3947.645179054152,17.571849822998,30.3494744407511,23868.948429681703,13.5908723385141,56.0596532207349,45.483,6.612,,
WSM,2022,Samoa,3869.466394921443,17.0321598052979,30.3172630578603,22989.01953013383,13.3064073979312,56.3763295442085,43.733,5.048248749106505,167.88,8.475000000000001
WSM,2023,Samoa,4330.178405313288,13.4067001342773,30.2131009483358,25150.581968291743,13.7801618395518,56.0067372121123,43.301,4.977,,
XKX,2016,Kosovo,3759.449590671039,,,,,,,27.49052828927668,1382.538,380.067
XKX,2017,Kosovo,4009.317993475884,,,,,,,30.344350059570775,1551.096,470.67
XKX,2018,Kosovo,4384.1862408494735,,,,,,,27.76106769551781,1524.03,423.087
XKX,2019,Kosovo,4415.997161075136,,,,,,,25.06885888405351,1491.093,373.7999999999999
XKX,2020,Kosovo,4310.890655487986,,,,,,,25.45917370785526,1428.381,363.654
XKX,2021,Kosovo,5270.429652898325,,,,,,,20.391902344842222,1469.907,299.742
XKX,2022,Kosovo,5290.9474722468685,,,,,,,12.09266700097542,1417.851,171.45600000000002
XKX,2023,Kosovo,6221.203652120936,,,,,,,10.532990777123343,1468.956,154.72500000000002
YEM,2000,"Yemen, Rep.",493.23518263481367,,49.6474284480522,,12.2392928203998,38.113278731548,45.198,11.557,,
YEM,2001,"Yemen, Rep.",487.1412579463175,,44.9893846373658,,13.1879981580269,41.8226417119665,44.442,11.724,,
YEM,2002,"Yemen, Rep.",513.2414865706028,9.69645023345947,40.2650390520997,,14.1927433758227,45.5422415583805,43.724,11.84,,
YEM,2003,"Yemen, Rep.",548.9058830499728,9.27307033538818,35.6157953563512,,15.2221324717286,49.1620721719202,43.048,12.015,,
YEM,2004,"Yemen, Rep.",627.6320233957623,8.82633018493652,31.0267321826949,,16.2587979502489,52.7144928164847,42.423,12.132,,
YEM,2005,"Yemen, Rep.",734.1599084509268,8.80239963531494,29.8042764013433,,16.8500312658576,53.3456923327991,41.865,12.215,,
YEM,2006,"Yemen, Rep.",809.7131276247031,8.46525955200195,28.593261212204,,17.1961277964874,54.2106109913086,41.361,12.35,,
YEM,2007,"Yemen, Rep.",890.3057681149879,9.55992984771729,27.4325066799969,,17.5737822901509,54.9937110298522,40.894,12.488,,
YEM,2016,"Yemen, Rep.",975.3594170032254,,30.093310169653,,11.8612571229331,58.0454327074139,32.292,18.416,,
YEM,2017,"Yemen, Rep.",811.165970405745,,30.147751209422,,11.317045257425,58.535203533153,32.486,18.603,,
YEM,2018,"Yemen, Rep.",633.887202450998,,29.6940240861806,,11.1589088447223,59.1470670690972,32.63,17.584,,
YEM,2019,"Yemen, Rep.",623.3761681446791,,29.1416930285174,,11.1768034113558,59.6814856380709,32.747,17.202,,
YEM,2020,"Yemen, Rep.",559.5646758055017,,29.3601172256778,,11.3466303279332,59.2932347535494,32.506,17.953,,
YEM,2021,"Yemen, Rep.",522.1735116897826,,29.2822710657515,,11.4734053675789,59.2443235666696,32.405,18.287,,
YEM,2022,"Yemen, Rep.",615.702077657755,,28.746085154249,,11.4272994697126,59.8266153760384,32.897,17.363,,
YEM,2023,"Yemen, Rep.",426.3540759146152,,28.5578803115106,,11.2256207530439,60.2164989354455,32.96,17.091,,
ZAF,2000,South Africa,3217.8469344846712,,20.3358707976166,36170.60702401375,27.0635884846059,52.6005407177775,61.534,29.879650486183657,44307.948,13239.06
ZAF,2001,South Africa,2847.1519194590805,,19.7431594681692,36483.29819208333,27.8026781242569,52.4541624075739,61.215,25.37071556527063,48545.844,12316.428
ZAF,2002,South Africa,2688.2367603280636,,19.1568896323965,37152.958281372456,28.3843792327263,52.458737741093,60.892,27.18046827619428,49293.345,13398.162
ZAF,2003,South Africa,4062.217559937858,,18.9019404829802,37635.2838559747,27.8875151440772,53.2105443729426,60.587,27.115756342030583,48621.336,13184.042999999998
ZAF,2004,South Africa,5221.463337317212,,18.1981282206366,38675.14209756745,28.8256436928853,52.9762216976729,60.325,24.672792121980734,47966.067,11834.568
ZAF,2005,South Africa,5836.876633251265,,17.8070246376332,40075.59071629072,28.4490982349802,53.7438771273866,60.117,23.839997919578344,50297.496,11990.922
ZAF,2006,South Africa,6077.382933888757,,17.4301926351168,41660.97856455634,27.8735916967483,54.6962156681349,59.948,22.615767516550576,52021.458,11765.052
ZAF,2007,South Africa,6591.85535960564,,17.1039831995462,43273.0533224614,27.2118884741231,55.6841283263307,59.802,22.32649801015866,52014.951,11613.117
ZAF,2016,South Africa,5651.205851657492,18.9649791717529,16.0178898641861,47571.479842995934,20.7608805678586,63.2212238458356,57.965,26.536501070374168,65206.17,17303.436
ZAF,2017,South Africa,6618.335082557006,21.4171295166016,16.7606327183462,47429.97884752027,20.5426480971318,62.6967248243463,58.775,27.035414706328375,67281.117,18189.729
ZAF,2018,South Africa,6914.178031807599,23.3899803161621,15.6552119570614,47535.307687479086,20.6157222729566,63.729065769982,58.131,26.906157928675157,68171.673,18342.378
ZAF,2019,South Africa,6533.711210328561,24.0192794799805,16.3751674286474,47461.53763008932,19.6662800505531,63.9585525207995,58.327,28.468131914050115,69497.616,19784.673
ZAF,2020,South Africa,5580.603830751887,25.1296806335449,21.4174708017797,46936.82223521589,17.6303406906417,60.9521885075786,54.701,29.217340963052425,64650.87300000001,18889.266
ZAF,2021,South Africa,6843.399418862039,25.3566093444824,21.2776915701638,50773.646122672246,17.248738656701,61.4735697731352,55.76,34.00665441914433,67659.399,23008.698
ZAF,2022,South Africa,6523.410978158534,27.1743202209473,19.2595821244419,49209.15596369432,18.0780717914444,62.6623460841137,56.942,33.26764309075228,70742.622,23534.403
ZAF,2023,South Africa,6022.54254192335,,18.7930832437202,46605.04100862078,17.692904146676,63.5140126096038,58.528,32.09821004048115,73948.488,23736.141
ZMB,2000,Zambia,359.4295009882214,,64.3782382942241,8199.171966943142,5.75247480594654,29.8692868998294,59.841,12.931450516665954,3165.151,409.3
ZMB,2001,Zambia,396.5489529935036,,64.9284684874688,8403.0395644202,5.95939314247264,29.1121742380386,59.773,13.415,,
ZMB,2002,Zambia,393.86462551861615,,65.3122552813755,8563.139132511682,6.1958952150481,28.4918495035764,59.702,14.131,,
ZMB,2003,Zambia,446.2901048390412,,65.4934340015337,8916.094719820603,6.4926153800052,28.0139506184611,59.638,14.705,,
ZMB,2004,Zambia,548.6859745662773,,65.5486471457576,9292.693659453464,6.81740786634697,27.6339449878954,59.58,15.33,,
ZMB,2005,Zambia,710.9820681716964,,65.4307131557267,9686.84583225133,7.1393253559461,27.4299292555914,59.525,15.981877866486338,,
ZMB,2006,Zambia,1051.717148956864,,64.7112292829494,9766.86405215097,7.22770112269939,28.0610695943512,59.467,13.229,,
ZMB,2007,Zambia,1118.7316262695265,,63.8899256304468,9889.847346381688,7.35507619628248,28.7549981732708,59.409,10.561,,
ZMB,2016,Zambia,1239.0852787771328,,55.2786247181851,11724.625970682053,11.8044881173945,32.9168871644204,58.732,5.239,,
ZMB,2017,Zambia,1483.4657732806522,,56.7766815030601,11634.509572235427,12.1610477458087,31.0622522856565,58.609,4.528797517974774,17028.03,771.165
ZMB,2018,Zambia,1463.8999785559306,,59.7779965125985,11756.522860827308,9.94470807809455,30.2772954093069,58.481,5.031455614016075,16636.299,837.048
ZMB,2019,Zambia,1258.9861984446204,,57.3718571563718,11354.70119341368,9.09218825829283,33.5359375090718,59.539,5.538184534402321,17338.263,960.225
ZMB,2020,Zambia,951.6443166559574,,59.1117298314482,10463.77794425822,8.67113170514559,32.2171222759556,60.872,6.03178720560745,18088.221,1091.043
ZMB,2021,Zambia,1127.1607787285725,,57.7885078491074,10763.046129354794,10.1860743366371,32.0254334872368,60.119,5.196861162817576,18118.302,941.583
ZMB,2022,Zambia,1447.1231013803465,,56.0632926347803,11129.422855012574,9.72499941080215,34.2117079544175,59.532,5.993149742548807,18533.61,1110.747
ZMB,2023,Zambia,1330.7278057670908,,55.4452617561748,11319.435524674129,9.86643217855671,34.6883060652685,59.419,5.86137691811659,21544.767,1262.82
ZWE,2000,Zimbabwe,562.5569456804952,,65.5025292913003,11321.755937297004,12.1732682054368,22.3242258890638,65.566,5.684,,
ZWE,2001,Zimbabwe,566.1076921454616,,66.5415766458683,11317.560851253693,11.9786830749376,21.4797633245185,65.453,5.318,,
ZWE,2002,Zimbabwe,524.6772810782093,,68.5763907425813,10164.364358039287,11.4996223200341,19.9239869373846,65.413,5.007,,
ZWE,2003,Zimbabwe,468.2342234730348,,70.9342244155635,8323.164577322632,10.8548203828337,18.2109552016029,65.446,4.735,,
ZWE,2004,Zimbabwe,469.4846914010346,,72.4384965080017,7744.476921341527,10.4362330076969,17.1252926233889,65.509,4.394075139101845,16116.429,708.168
ZWE,2005,Zimbabwe,461.0283184464444,,72.3152410562402,7269.6904725626755,10.1239256842626,17.560855300134,65.579,4.622,,
ZWE,2006,Zimbabwe,430.80921401024233,,71.9693723560616,6954.047808245422,9.88877168384339,18.141855960095,65.622,4.759,,
ZWE,2007,Zimbabwe,413.3026050100035,,71.5487910995224,6637.248943308367,9.61177239777125,18.8394365027063,65.659,4.991,,
ZWE,2016,Zimbabwe,1407.4209641321224,7.92610597610474,65.775687199807,9527.410213401075,8.50398118167722,25.7203511250284,66.143,5.886,,
ZWE,2017,Zimbabwe,3448.0869906882385,8.54207611083984,64.7364066692031,9844.599746754684,9.27196822781382,25.9916058583096,66.04,6.344,,
ZWE,2018,Zimbabwe,2271.8525036581664,8.42511940002441,63.3676292926055,10187.90284362808,10.2383584974008,26.3940122099937,65.92,6.793,,
ZWE,2019,Zimbabwe,1683.9131358414124,9.99564361572266,62.3979724645335,9409.142808258735,11.1959699123491,26.406076323179,65.795,7.3732432732599325,15991.104,1179.063
ZWE,2020,Zimbabwe,1730.4539103470076,9.72360515594482,58.7413835260529,8730.713773585376,12.2711238078674,28.987473843057,64.763,8.621,,
ZWE,2021,Zimbabwe,1724.3872710227245,,53.6225331785813,9261.329857138391,13.487232493518,32.8902343279007,65.398,9.459291688893192,17591.591999999997,1664.04
ZWE,2022,Zimbabwe,2040.5465870539513,,53.3238425780343,9706.31762378127,12.3083475143297,34.3678280845167,65.214,10.000820069979303,17998.464,1799.994
ZWE,2023,Zimbabwe,2156.034093229838,,52.5333891842045,9891.523366392834,12.349056690041,35.1175541257545,65.001,9.29024896776471,18273.449999999997,1697.649
